Workbook

Sheet Figs
R4: At min measured temp
A5: Salt Composition | B5: Melting Temp (K) | C5: Min Measured Temp (K) | D5: Gheribi-KTCPÎ» at Melt Temp (W/m-K) | E5: Gheribi-KTCPÎ», Mix Data at Melt Temp (W/m-K) | F5: Gheribi-KT-Emp at Melt Temp (W/m-K) | G5: Gheribi-KT-Emp-Mix at Melt Temp (W/m-K) | H5: Gheribi-KT24 at Melt Temp (W/m-K) | I5: Gheribi-KT24, Mix Data at Melt Temp (W/m-K) | J5: Zhao-PGM at Melt Temp (W/m-K) | K5: Zhao-PGM, Mix Data at Melt Temp (W/m-K) | L5: Present Model at Melt Temp (W/m-K) | M5: Present Model, Mix Data at Melt Temp (W/m-K) | N5: Present Model-VelCorr at Melt Temp (W/m-K) | O5: Bridgman at Melt Temp (W/m-K) | P5: Chapman-Enskog at Melt Temp (W/m-K) | Q5: Ideal at Melt Temp (W/m-K) | R5: Gheribi-KT-k_min (W/m-K) | S5: Gheribi-KT-k_min, Mix Data (W/m-K) | T5: Gheribi-KT-Emp (W/m-K) | U5: Gheribi-KT-Emp-Mix (W/m-K) | V5: Gheribi-KT24 | W5: % Dev | X5: Gheribi-KT24, Mix Data (W/m-K) | Y5: Zhao-PGM | Z5: % Dev | AA5: Zhao-PGM, Mix Data (W/m-K) | AB5: Present Model (W/m-K) | AC5: Present Model, Mix Data (W/m-K) | AD5: Present Model-VelCorr (W/m-K) | AE5: Bridgman (W/m-K) | AF5: Chapman-Enskog (W/m-K) | AG5: Ideal (W/m-K) | AH5: TC Experimental (W/m-K) | AI5: Exp. Reference | AJ5: TC MSTDB (W/m-K) | AK5: MSTDB Reference
A6: 0.725LiF-0.265BeF2-0.01UF4 | B6: 723 | C6: 882 | D6: 0.36678342 | F6: 0.39875169 | H6: 0.69535872 | J6: 0.78147755 | Q6: 1.3452379 | R6: 0.3588139 | T6: 0.39008756 | V6: 0.67741221 | W6: =ABS(($AH6-V6)/$AH6) -> 0.11985885 | Y6: 0.74096563 | Z6: =ABS(($AH6-Y6)/$AH6) -> 0.037285823 | AG6: 1.3016119 | AH6: 0.76966315 | AI6: 0.725LiF-0.265BeF2-0.01UF4 (Bobrova, 2023)
A7: 0.72LiF-0.26BeF2-0.02UF4 | B7: 723 | C7: 832 | D7: -0.1376048 | F7: -0.030277384 | H7: 0.56670078 | J7: 0.74820769 | Q7: 1.3360263 | R7: -0.13553534 | T7: -0.029822039 | V7: 0.55550594 | W7: =ABS(($AH7-V7)/$AH7) -> 0.2232675 | Y7: 0.72228652 | Z7: =ABS(($AH7-Y7)/$AH7) -> 0.009932345 | AG7: 1.3058004 | AH7: 0.71518308 | AI7: 0.72LiF-0.26BeF2-0.02UF4 (Bobrova, 2023)
A8: 0.63NaCl-0.37UCl3 | B8: 750 | C8: 802 | D8: 0.12623785 | F8: 0.13414681 | H8: 0.11469448 | J8: 0.30786468 | Q8: 0.45071802 | R8: 0.12332465 | T8: 0.13105109 | V8: 0.11214895 | W8: =ABS(($AH8-V8)/$AH8) -> 0.55163115 | Y8: 0.29987597 | Z8: =ABS(($AH8-Y8)/$AH8) -> 0.19889702 | AG8: 0.44198046 | AH8: 0.25012655 | AI8: 63NaCl-37UCl3 (Termini, 2024)
A9: 0.658NaCl-0.342UCl3 | B9: 750 | C9: 869.15 | D9: 0.11100367 | F9: 0.12242465 | H9: 0.11113907 | J9: 0.3107182 | Q9: 0.45854797 | R9: 0.10497932 | T9: 0.11578047 | V9: 0.10540828 | W9: =ABS(($AH9-V9)/$AH9) -> 0.49064414 | Y9: 0.29112923 | Z9: =ABS(($AH9-Y9)/$AH9) -> 0.40680012 | AG9: 0.43759544 | AH9: 0.20694427 | AI9: 65.8NaCl-34.2UCl3 (Rose, 2023)
A10: 0.712LiF-0.23BeF2-0.05ZrF4-0.008UF4 | B10: 723 | C10: 785.88122 | D10: 0.11450404 | F10: 0.21993592 | H10: 0.46469757 | J10: 0.72737521 | Q10: 1.322616 | R10: 0.11327849 | T10: 0.21758192 | V10: 0.46141777 | W10: =ABS(($AH10-V10)/$AH10) -> 0.63105706 | Y10: 0.71241195 | Z10: =ABS(($AH10-Y10)/$AH10) -> 0.43036576 | AG10: 1.3049988 | AH10: 1.2506481 | AI10: 0.712LiF-0.23BeF2-0.05ZrF4-0.008UF4 (Rosenthal, 1969)
A11: 0.675LiF-0.2BeF2-0.12ThF4-0.005UF4 | B11: 723 | C11: 811.82664 | D11: -0.68451425 | F11: -0.44302642 | H11: 0.11179706 | J11: 0.59758238 | Q11: 1.2528784 | R11: -0.67658391 | T11: -0.4378938 | V11: 0.10753765 | W11: =ABS(($AH11-V11)/$AH11) -> 0.91498381 | Y11: 0.58317547 | Z11: =ABS(($AH11-Y11)/$AH11) -> 0.53895815 | AG11: 1.2304066 | AH11: 1.2649079 | AI11: 0.675LiF-0.20BeF2-0.12ThF4-0.005UF4 (Rosenthal, 1969)
A12: 0.28NaF-0.42KF-0.3UF4 | B12: 878 | C12: 1023 | D12: 0.11971805 | F12: 0.13951714 | H12: 0.15108649 | J12: 0.3836312 | Q12: 0.62595318 | R12: 0.11574283 | T12: 0.1348845 | V12: 0.14300503 | W12: =ABS(($AH12-V12)/$AH12) -> 0.72446699 | Y12: 0.35966985 | Z12: =ABS(($AH12-Y12)/$AH12) -> 0.30701098 | AG12: 0.59800659 | AH12: 0.51901235 | AI12: 0.42KF-0.28NaF-0.30UF4 (Rudenko, 2024)
A13: 0.24NaF-0.36KF-0.4UF4 | B13: 878 | C13: 1073 | D13: 0.18851371 | F13: 0.19057901 | H13: 0.15917343 | J13: 0.36475139 | Q13: 0.57924146 | R13: 0.18133469 | T13: 0.18332134 | V13: 0.15118127 | W13: =ABS(($AH13-V13)/$AH13) -> 0.70253623 | Y13: 0.33864101 | Z13: =ABS(($AH13-Y13)/$AH13) -> 0.33369106 | AG13: 0.54654293 | AH13: 0.50823423 | AI13: 0.36KF-0.24NaF-0.40UF4 (Rudenko, 2024)
A14: 0.2NaF-0.3KF-0.5UF4 | B14: 878 | C14: 1073 | D14: 0.23423673 | F14: 0.21977532 | H14: 0.17464564 | J14: 0.34979074 | Q14: 0.53252974 | R14: 0.22647803 | T14: 0.21249562 | V14: 0.16870277 | W14: =ABS(($AH14-V14)/$AH14) -> 0.57854411 | Y14: 0.32853146 | Z14: =ABS(($AH14-Y14)/$AH14) -> 0.17925758 | AG14: 0.50439481 | AH14: 0.40028571 | AI14: 0.30KF-0.20NaF-0.50UF4 (Rudenko, 2024)
A15: 0.712LiF-0.23BeF2-0.05ZrF4-0.008UF4 | B15: 735 | C15: 785.88122 | D15: 0.11450404 | F15: 0.21993592 | H15: 0.46469757 | J15: 0.72737521 | L15: 0.72737521 | Q15: 1.322616 | R15: 0.11327849 | T15: 0.21758192 | V15: 0.46141777 | W15: =ABS(($AH15-V15)/$AH15) -> 0.63105706 | Y15: 0.71241195 | Z15: =ABS(($AH15-Y15)/$AH15) -> 0.43036576 | AB15: 0.71241195 | AG15: 1.3049988 | AH15: 1.2506481 | AI15: 0.465LiF-0.115NaF-0.42KF (Merritt, 2022),0.465LiF-0.115NaF-0.42KF (Gallagher, 2022),0.465LiF-0.115NaF-0.42KF (Rudenko, 2022)
A16: 0.73LiF-0.27BeF2 | B16: 723 | C16: 884 | D16: 1.1694201 | F16: 1.0901411 | H16: 1.0169508 | J16: 0.81942429 | Q16: 1.3544496 | R16: 1.143821 | T16: 1.0662774 | V16: 0.99333381 | W16: =ABS(($AH16-V16)/$AH16) -> 0.095706389 | Y16: 0.77570442 | Z16: =ABS(($AH16-Y16)/$AH16) -> 0.1443518 | AG16: 1.310565 | AH16: 0.90656933 | AI16: 0.73LiF-0.27BeF2 (Bobrova, 2023)
A17: 0.66LiF-0.34BeF2 | B17: 733 | C17: 884 | D17: 1.1321639 | E17: 1.6545464 | F17: 1.0327876 | G17: 1.5087682 | H17: 1.0025337 | I17: 1.518486 | J17: 0.77455399 | K17: 1.194875 | R17: 1.1128792 | S17: 1.6155238 | T17: 1.0151956 | U17: 1.4731838 | V17: 0.98447068 | W17: =ABS(($AH17-V17)/$AH17) -> 0.080050058 | X17: 1.4811883 | Y17: 0.74095938 | Z17: =ABS(($AH17-Y17)/$AH17) -> 0.18710304 | AA17: 1.1045267 | AH17: 0.91150468 | AI17: 0.73LiF-0.27BeF2 (Bobrova, 2023) | AJ17: 1.1 | AK17: Rosenthal 1969 [122]
A18: 0.4NaF-0.6KF | B18: 1000 | D18: 0.67334765 | F18: 0.67819467 | H18: 0.64214261 | J18: 0.4684939 | Q18: 0.73423486 | R18: 0.67334765 | T18: 0.67819467 | V18: 0.64214261 | W18: =ABS(($AH18-V18)/$AH18) -> 0.082653417 | Y18: 0.4684939 | Z18: =ABS(($AH18-Y18)/$AH18) -> 0.330723 | AG18: 0.73423486 | AH18: =AJ18 -> 0.7 | AJ18: 0.7 | AK18: Rudenko 2024 [178]
A19: 0.465LiF-0.115NaF-0.42KF | B19: 735 | C19: 742.4 | D19: 0.75544862 | F19: 0.76389433 | G19: 1.0241817 | H19: 0.6954626 | I19: 0.90509687 | J19: 0.65005469 | K19: 0.77295464 | Q19: 1.0993871 | R19: 0.75296021 | T19: 0.7613781 | U19: 1.0203939 | V19: 0.69317886 | W19: =ABS(($AH19-V19)/$AH19) -> 0.1226106 | X19: 0.90175871 | Y19: 0.6459406 | Z19: =ABS(($AH19-Y19)/$AH19) -> 0.1824023 | AA19: 0.76685546 | AG19: 1.0964289 | AH19: 0.79004699 | AI19: 0.465LiF-0.115NaF-0.42KF (Merritt, 2022),0.465LiF-0.115NaF-0.42KF (Gallagher, 2022),0.465LiF-0.115NaF-0.42KF (Rudenko, 2022)
A20: 0.2046NaCl-0.4131KCl-0.3823MgCl2 | B20: 700 | C20: 722.73281 | D20: 0.42631828 | F20: 0.39868607 | G20: 0.35511104 | H20: 0.39369828 | I20: 0.38744636 | J20: 0.34234495 | Q20: 0.47430496 | R20: 0.42244769 | T20: 0.39506636 | U20: 0.35163381 | V20: 0.39011154 | W20: =ABS(($AH20-V20)/$AH20) -> 0.17217062 | X20: 0.3836404 | Y20: 0.33784078 | Z20: =ABS(($AH20-Y20)/$AH20) -> 0.28309088 | AG20: 0.47038278 | AH20: 0.47124631 | AI20: 0.2046NaCl-0.4131KCl-0.3823MgCl2 (Wang, 2021)
A21: 0.345NaF-0.59KF-0.065MgF2 | B21: 958 | C21: 993.01378 | D21: 0.6779149 | F21: 0.67261166 | H21: 0.57197135 | I21: 0.59758621 | J21: 0.4860452 | K21: 0.49336011 | Q21: 0.74453173 | R21: 0.66907211 | T21: 0.66383804 | V21: 0.56448951 | W21: =ABS(($AH21-V21)/$AH21) -> 0.26308813 | X21: 0.58988275 | Y21: 0.47418606 | Z21: =ABS(($AH21-Y21)/$AH21) -> 0.38097462 | AA21: 0.48283679 | AG21: 0.73580725 | AH21: 0.76602038 | AI21: 0.345NaF-0.59KF-0.065MgF2 (Rudenko, 2024)
A22: 1.0LiCl | B22: 883 | C22: 965.57734 | D22: 0.68568905 | F22: 0.72519297 | H22: 0.68631947 | J22: 0.41038419 | Q22: 0.68524115 | R22: 0.66731827 | T22: 0.70576381 | V22: 0.6679318 | W22: =ABS(($AH22-V22)/$AH22) -> 0.018943205 | Y22: 0.3868412 | Z22: =ABS(($AH22-Y22)/$AH22) -> 0.40986607 | AG22: 0.66685348 | AH22: 0.65551426 | AI22: LiCl (Nagasaka, 1992)
A23: 1.0NaCl | B23: 1073.8 | C23: 1169.4387 | D23: 0.48765041 | F23: 0.492992 | H23: 0.48681288 | J23: 0.31017075 | Q23: 0.48673467 | R23: 0.46764534 | T23: 0.4727678 | V23: 0.46684217 | W23: =ABS(($AH23-V23)/$AH23) -> 0.11307557 | Y23: 0.28504925 | Z23: =ABS(($AH23-Y23)/$AH23) -> 0.45845264 | AG23: 0.46682997 | AH23: 0.5263607 | AI23: NaCl (Nagasaka 1992)
A24: 1.0KCl | B24: 1042.7 | C24: 1052.1639 | D24: 0.37448386 | F24: 0.39772402 | H24: 0.3742357 | J24: 0.26186835 | Q24: 0.37411661 | R24: 0.37273884 | T24: 0.39587071 | V24: 0.37249184 | W24: =ABS(($AH24-V24)/$AH24) -> 0.013588159 | Y24: 0.25964867 | Z24: =ABS(($AH24-Y24)/$AH24) -> 0.29346958 | AG24: 0.37237546 | AH24: 0.36749822 | AI24: KCl (Harada, 1992),KCl (Nagasaka, 1992)
A25: 1.0LiF | B25: 1121.2 | C25: 1121.2 | D25: 1.3492012 | F25: 1.4344247 | H25: 1.3498415 | J25: 0.80194503 | Q25: 1.3569764 | R25: 1.3492012 | T25: 1.4344247 | V25: 1.3498415 | W25: =ABS(($AH25-V25)/$AH25) -> 0.071577209 | Y25: 0.80194503 | Z25: =ABS(($AH25-Y25)/$AH25) -> 0.36337265 | AG25: 1.3569764 | AH25: 1.2596773 | AI25: LiF (Golyshev, 1982),LiF (Golyshev, 1983),LiF (Golyshev, 1992),LiF (Smirnov, 1987),LiF (Khlebnikov, 1981)
A26: 1.0NaF | B26: 1268 | C26: 1276.2108 | D26: 0.84228951 | F26: 0.90253851 | H26: 0.8422681 | J26: 0.53047696 | Q26: 0.84054676 | R26: 0.83982795 | T26: 0.89990088 | V26: 0.83980661 | W26: =ABS(($AH26-V26)/$AH26) -> 0.28778769 | Y26: 0.52656453 | Z26: =ABS(($AH26-Y26)/$AH26) -> 0.55343797 | AG26: 0.83809041 | AH26: 1.179152 | AI26: NaF (Smirnov, 1987),NaF (Polyakov, 1975)
A27: 1.0KF | B27: 1131.2 | C27: 1130.597 | D27: 0.58239325 | F27: 0.56777343 | H27: 0.58268228 | J27: 0.36409719 | Q27: 0.58236909 | R27: 0.58239325 | T27: 0.56777343 | V27: 0.58268228 | W27: =ABS(($AH27-V27)/$AH27) -> 0.064372614 | Y27: 0.36409719 | Z27: =ABS(($AH27-Y27)/$AH27) -> 0.41536011 | AG27: 0.58236909 | AH27: 0.62277172 | AI27: KF (Smirnov, 1987)
A28: 1.0MgCl2 | B28: 987 | C28: 986.86211 | D28: 0.43829221 | F28: 0.36348786 | H28: 0.4382922 | J28: 0.28861058 | Q28: 0.4382922 | R28: 0.43829221 | T28: 0.36348786 | V28: 0.4382922 | W28: =ABS(($AH28-V28)/$AH28) -> 0.19417783 | Y28: 0.28861058 | Z28: =ABS(($AH28-Y28)/$AH28) -> 0.469375 | AG28: 0.4382922 | AH28: 0.54390686 | AI28: MgCl2 (Filatov, 2005)
A29: 1.0MgF2 | B29: 1534.2 | C29: 1554.2416 | D29: 0.76994949 | F29: 0.65134847 | H29: 0.76994949 | J29: 0.55165642 | Q29: 0.76994949 | R29: 0.76680975 | T29: 0.64869236 | V29: 0.76680975 | W29: =ABS(($AH29-V29)/$AH29) -> 0.091875731 | Y29: 0.54942631 | Z29: =ABS(($AH29-Y29)/$AH29) -> 0.21766089 | AG29: 0.76680975 | AH29: 0.70228665 | AI29: MgF2 (Khlebnikov, 1981),MgF2 (Golyshev, 1992)
A30: 1.0CaF2 | B30: 1692 | C30: 1697.8471 | D30: 0.53240327 | F30: 0.56536852 | H30: 0.53240327 | J30: 0.42810664 | Q30: 0.53240327 | R30: 0.53209376 | T30: 0.56503984 | V30: 0.53209375 | W30: =ABS(($AH30-V30)/$AH30) -> 0.10256458 | Y30: 0.4277441 | Z30: =ABS(($AH30-Y30)/$AH30) -> 0.2785619 | AG30: 0.53209375 | AH30: 0.59290478 | AI30: CaF2 (Golyshev, 1992),CaF2 (Khlebnikov, 1981)
U35: Gheribi | V35: Zhao | X35: Labels
S36: Avg Error | T36: Actinide | U36: =AVERAGE(W6:W15) -> 0.55680469 | V36: =AVERAGE(Z6:Z15) -> 0.28725646 | X36: Gheribi; 11.8% MAE | Z36: Non-Actinides
T37: Non-actinide | U37: =AVERAGE(W16:W30) -> 0.11828279 | V37: =AVERAGE(Z16:Z30) -> 0.3312135 | X37: Zhao; 33.1% MAE | Z37: Actinides
X38: Gheribi; 55.7% MAE
U39: Deviation | X39: Zhao; 28.7% MAE
T40: 0 | U40: 1.15
T41: 0 | U41: 0.85
C42: Figures below
B44: Fig 1 -->
B67: Fig 2 -->
B98: Fig 3 -->

Sheet Fig1_Fig2 (2)
R4: At min measured temp
A5: Salt Composition | B5: Melting Temp (K) | C5: Min Measured Temp (K) | D5: Gheribi-KTCPÎ» at Melt Temp (W/m-K) | E5: Gheribi-KTCPÎ», Mix Data at Melt Temp (W/m-K) | F5: Gheribi-KT-Emp at Melt Temp (W/m-K) | G5: Gheribi-KT-Emp-Mix at Melt Temp (W/m-K) | H5: Gheribi-KT24 at Melt Temp (W/m-K) | I5: Gheribi-KT24, Mix Data at Melt Temp (W/m-K) | J5: Zhao-PGM at Melt Temp (W/m-K) | K5: Zhao-PGM, Mix Data at Melt Temp (W/m-K) | L5: Present Model at Melt Temp (W/m-K) | M5: Present Model, Mix Data at Melt Temp (W/m-K) | N5: Present Model-VelCorr at Melt Temp (W/m-K) | O5: Bridgman at Melt Temp (W/m-K) | P5: Chapman-Enskog at Melt Temp (W/m-K) | Q5: Ideal at Melt Temp (W/m-K) | R5: Gheribi-KT-k_min (W/m-K) | S5: Gheribi-KT-k_min, Mix Data (W/m-K) | T5: Gheribi-KT-Emp (W/m-K) | U5: Gheribi-KT-Emp-Mix (W/m-K) | V5: Gheribi-KT24 | W5: % Dev | X5: Gheribi-KT24, Mix Data (W/m-K) | Y5: Zhao-PGM | Z5: % Dev | AA5: Zhao-PGM, Mix Data (W/m-K) | AB5: Present Model (W/m-K) | AC5: Present Model, Mix Data (W/m-K) | AD5: Present Model-VelCorr (W/m-K) | AE5: Bridgman (W/m-K) | AF5: Chapman-Enskog (W/m-K) | AG5: Ideal (W/m-K) | AH5: TC Experimental (W/m-K) | AI5: Exp. Reference | AJ5: TC MSTDB (W/m-K) | AK5: MSTDB Reference
A6: 0.725LiF-0.265BeF2-0.01UF4 | B6: 723 | C6: 882 | D6: 0.36678342 | F6: 0.39875169 | H6: 0.69535872 | J6: 0.78147755 | Q6: 1.3452379 | R6: 0.3588139 | T6: 0.39008756 | V6: 0.67741221 | W6: =ABS(($AH6-V6)/$AH6) -> 0.11985885 | Y6: 0.74096563 | Z6: =ABS(($AH6-Y6)/$AH6) -> 0.037285823 | AG6: 1.3016119 | AH6: 0.76966315 | AI6: 0.725LiF-0.265BeF2-0.01UF4 (Bobrova, 2023)
A7: 0.72LiF-0.26BeF2-0.02UF4 | B7: 723 | C7: 832 | D7: -0.1376048 | F7: -0.030277384 | H7: 0.56670078 | J7: 0.74820769 | Q7: 1.3360263 | R7: -0.13553534 | T7: -0.029822039 | V7: 0.55550594 | W7: =ABS(($AH7-V7)/$AH7) -> 0.2232675 | Y7: 0.72228652 | Z7: =ABS(($AH7-Y7)/$AH7) -> 0.009932345 | AG7: 1.3058004 | AH7: 0.71518308 | AI7: 0.72LiF-0.26BeF2-0.02UF4 (Bobrova, 2023)
A8: 0.63NaCl-0.37UCl3 | B8: 750 | C8: 802 | D8: 0.12623785 | F8: 0.13414681 | H8: 0.11469448 | J8: 0.30786468 | Q8: 0.45071802 | R8: 0.12332465 | T8: 0.13105109 | V8: 0.11214895 | W8: =ABS(($AH8-V8)/$AH8) -> 0.55163115 | Y8: 0.29987597 | Z8: =ABS(($AH8-Y8)/$AH8) -> 0.19889702 | AG8: 0.44198046 | AH8: 0.25012655 | AI8: 63NaCl-37UCl3 (Termini, 2024)
A9: 0.658NaCl-0.342UCl3 | B9: 750 | C9: 869.15 | D9: 0.11100367 | F9: 0.12242465 | H9: 0.11113907 | J9: 0.3107182 | Q9: 0.45854797 | R9: 0.10497932 | T9: 0.11578047 | V9: 0.10540828 | W9: =ABS(($AH9-V9)/$AH9) -> 0.49064414 | Y9: 0.29112923 | Z9: =ABS(($AH9-Y9)/$AH9) -> 0.40680012 | AG9: 0.43759544 | AH9: 0.20694427 | AI9: 65.8NaCl-34.2UCl3 (Rose, 2023)
A10: 0.712LiF-0.23BeF2-0.05ZrF4-0.008UF4 | B10: 723 | C10: 785.88122 | D10: 0.11450404 | F10: 0.21993592 | H10: 0.46469757 | J10: 0.72737521 | Q10: 1.322616 | R10: 0.11327849 | T10: 0.21758192 | V10: 0.46141777 | W10: =ABS(($AH10-V10)/$AH10) -> 0.63105706 | Y10: 0.71241195 | Z10: =ABS(($AH10-Y10)/$AH10) -> 0.43036576 | AG10: 1.3049988 | AH10: 1.2506481 | AI10: 0.712LiF-0.23BeF2-0.05ZrF4-0.008UF4 (Rosenthal, 1969)
A11: 0.675LiF-0.2BeF2-0.12ThF4-0.005UF4 | B11: 723 | C11: 811.82664 | D11: -0.68451425 | F11: -0.44302642 | H11: 0.11179706 | J11: 0.59758238 | Q11: 1.2528784 | R11: -0.67658391 | T11: -0.4378938 | V11: 0.10753765 | W11: =ABS(($AH11-V11)/$AH11) -> 0.91498381 | Y11: 0.58317547 | Z11: =ABS(($AH11-Y11)/$AH11) -> 0.53895815 | AG11: 1.2304066 | AH11: 1.2649079 | AI11: 0.675LiF-0.20BeF2-0.12ThF4-0.005UF4 (Rosenthal, 1969)
A12: 0.28NaF-0.42KF-0.3UF4 | B12: 878 | C12: 1023 | D12: 0.11971805 | F12: 0.13951714 | H12: 0.15108649 | J12: 0.3836312 | Q12: 0.62595318 | R12: 0.11574283 | T12: 0.1348845 | V12: 0.14300503 | W12: =ABS(($AH12-V12)/$AH12) -> 0.72446699 | Y12: 0.35966985 | Z12: =ABS(($AH12-Y12)/$AH12) -> 0.30701098 | AG12: 0.59800659 | AH12: 0.51901235 | AI12: 0.42KF-0.28NaF-0.30UF4 (Rudenko, 2024)
A13: 0.24NaF-0.36KF-0.4UF4 | B13: 878 | C13: 1073 | D13: 0.18851371 | F13: 0.19057901 | H13: 0.15917343 | J13: 0.36475139 | Q13: 0.57924146 | R13: 0.18133469 | T13: 0.18332134 | V13: 0.15118127 | W13: =ABS(($AH13-V13)/$AH13) -> 0.70253623 | Y13: 0.33864101 | Z13: =ABS(($AH13-Y13)/$AH13) -> 0.33369106 | AG13: 0.54654293 | AH13: 0.50823423 | AI13: 0.36KF-0.24NaF-0.40UF4 (Rudenko, 2024)
A14: 0.2NaF-0.3KF-0.5UF4 | B14: 878 | C14: 1073 | D14: 0.23423673 | F14: 0.21977532 | H14: 0.17464564 | J14: 0.34979074 | Q14: 0.53252974 | R14: 0.22647803 | T14: 0.21249562 | V14: 0.16870277 | W14: =ABS(($AH14-V14)/$AH14) -> 0.57854411 | Y14: 0.32853146 | Z14: =ABS(($AH14-Y14)/$AH14) -> 0.17925758 | AG14: 0.50439481 | AH14: 0.40028571 | AI14: 0.30KF-0.20NaF-0.50UF4 (Rudenko, 2024)
A15: 0.712LiF-0.23BeF2-0.05ZrF4-0.008UF4 | B15: 735 | C15: 785.88122 | D15: 0.11450404 | F15: 0.21993592 | H15: 0.46469757 | J15: 0.72737521 | L15: 0.72737521 | Q15: 1.322616 | R15: 0.11327849 | T15: 0.21758192 | V15: 0.46141777 | W15: =ABS(($AH15-V15)/$AH15) -> 0.63105706 | Y15: 0.71241195 | Z15: =ABS(($AH15-Y15)/$AH15) -> 0.43036576 | AB15: 0.71241195 | AG15: 1.3049988 | AH15: 1.2506481 | AI15: 0.465LiF-0.115NaF-0.42KF (Merritt, 2022),0.465LiF-0.115NaF-0.42KF (Gallagher, 2022),0.465LiF-0.115NaF-0.42KF (Rudenko, 2022)
A16: 0.73LiF-0.27BeF2 | B16: 723 | C16: 884 | D16: 1.1694201 | F16: 1.0901411 | H16: 1.0169508 | J16: 0.81942429 | Q16: 1.3544496 | R16: 1.143821 | T16: 1.0662774 | V16: 0.99333381 | W16: =ABS(($AH16-V16)/$AH16) -> 0.095706389 | Y16: 0.77570442 | Z16: =ABS(($AH16-Y16)/$AH16) -> 0.1443518 | AG16: 1.310565 | AH16: 0.90656933 | AI16: 0.73LiF-0.27BeF2 (Bobrova, 2023)
A17: 0.66LiF-0.34BeF2 | B17: 733 | C17: 884 | D17: 1.1321639 | E17: 1.6545464 | F17: 1.0327876 | G17: 1.5087682 | H17: 1.0025337 | I17: 1.518486 | J17: 0.77455399 | K17: 1.194875 | R17: 1.1128792 | S17: 1.6155238 | T17: 1.0151956 | U17: 1.4731838 | V17: 0.98447068 | W17: =ABS(($AH17-V17)/$AH17) -> 0.080050058 | X17: 1.4811883 | Y17: 0.74095938 | Z17: =ABS(($AH17-Y17)/$AH17) -> 0.18710304 | AA17: 1.1045267 | AH17: 0.91150468 | AI17: 0.73LiF-0.27BeF2 (Bobrova, 2023) | AJ17: 1.1 | AK17: Rosenthal 1969 [122]
A18: 0.4NaF-0.6KF | B18: 1000 | D18: 0.67334765 | F18: 0.67819467 | H18: 0.64214261 | J18: 0.4684939 | Q18: 0.73423486 | R18: 0.67334765 | T18: 0.67819467 | V18: 0.64214261 | W18: =ABS(($AH18-V18)/$AH18) -> 0.082653417 | Y18: 0.4684939 | Z18: =ABS(($AH18-Y18)/$AH18) -> 0.330723 | AG18: 0.73423486 | AH18: =AJ18 -> 0.7 | AJ18: 0.7 | AK18: Rudenko 2024 [178]
A19: 0.465LiF-0.115NaF-0.42KF | B19: 735 | C19: 742.4 | D19: 0.75544862 | F19: 0.76389433 | G19: 1.0241817 | H19: 0.6954626 | I19: 0.90509687 | J19: 0.65005469 | K19: 0.77295464 | Q19: 1.0993871 | R19: 0.75296021 | T19: 0.7613781 | U19: 1.0203939 | V19: 0.69317886 | W19: =ABS(($AH19-V19)/$AH19) -> 0.1226106 | X19: 0.90175871 | Y19: 0.6459406 | Z19: =ABS(($AH19-Y19)/$AH19) -> 0.1824023 | AA19: 0.76685546 | AG19: 1.0964289 | AH19: 0.79004699 | AI19: 0.465LiF-0.115NaF-0.42KF (Merritt, 2022),0.465LiF-0.115NaF-0.42KF (Gallagher, 2022),0.465LiF-0.115NaF-0.42KF (Rudenko, 2022)
A20: 0.2046NaCl-0.4131KCl-0.3823MgCl2 | B20: 700 | C20: 722.73281 | D20: 0.42631828 | F20: 0.39868607 | G20: 0.35511104 | H20: 0.39369828 | I20: 0.38744636 | J20: 0.34234495 | Q20: 0.47430496 | R20: 0.42244769 | T20: 0.39506636 | U20: 0.35163381 | V20: 0.39011154 | W20: =ABS(($AH20-V20)/$AH20) -> 0.17217062 | X20: 0.3836404 | Y20: 0.33784078 | Z20: =ABS(($AH20-Y20)/$AH20) -> 0.28309088 | AG20: 0.47038278 | AH20: 0.47124631 | AI20: 0.2046NaCl-0.4131KCl-0.3823MgCl2 (Wang, 2021)
A21: 0.345NaF-0.59KF-0.065MgF2 | B21: 958 | C21: 993.01378 | D21: 0.6779149 | F21: 0.67261166 | H21: 0.57197135 | I21: 0.59758621 | J21: 0.4860452 | K21: 0.49336011 | Q21: 0.74453173 | R21: 0.66907211 | T21: 0.66383804 | V21: 0.56448951 | W21: =ABS(($AH21-V21)/$AH21) -> 0.26308813 | X21: 0.58988275 | Y21: 0.47418606 | Z21: =ABS(($AH21-Y21)/$AH21) -> 0.38097462 | AA21: 0.48283679 | AG21: 0.73580725 | AH21: 0.76602038 | AI21: 0.345NaF-0.59KF-0.065MgF2 (Rudenko, 2024)
A22: 1.0LiCl | B22: 883 | C22: 965.57734 | D22: 0.68568905 | F22: 0.72519297 | H22: 0.68631947 | J22: 0.41038419 | Q22: 0.68524115 | R22: 0.66731827 | T22: 0.70576381 | V22: 0.6679318 | W22: =ABS(($AH22-V22)/$AH22) -> 0.018943205 | Y22: 0.3868412 | Z22: =ABS(($AH22-Y22)/$AH22) -> 0.40986607 | AG22: 0.66685348 | AH22: 0.65551426 | AI22: LiCl (Nagasaka, 1992)
A23: 1.0NaCl | B23: 1073.8 | C23: 1169.4387 | D23: 0.48765041 | F23: 0.492992 | H23: 0.48681288 | J23: 0.31017075 | Q23: 0.48673467 | R23: 0.46764534 | T23: 0.4727678 | V23: 0.46684217 | W23: =ABS(($AH23-V23)/$AH23) -> 0.11307557 | Y23: 0.28504925 | Z23: =ABS(($AH23-Y23)/$AH23) -> 0.45845264 | AG23: 0.46682997 | AH23: 0.5263607 | AI23: NaCl (Nagasaka 1992)
A24: 1.0KCl | B24: 1042.7 | C24: 1052.1639 | D24: 0.37448386 | F24: 0.39772402 | H24: 0.3742357 | J24: 0.26186835 | Q24: 0.37411661 | R24: 0.37273884 | T24: 0.39587071 | V24: 0.37249184 | W24: =ABS(($AH24-V24)/$AH24) -> 0.013588159 | Y24: 0.25964867 | Z24: =ABS(($AH24-Y24)/$AH24) -> 0.29346958 | AG24: 0.37237546 | AH24: 0.36749822 | AI24: KCl (Harada, 1992),KCl (Nagasaka, 1992)
A25: 1.0LiF | B25: 1121.2 | C25: 1121.2 | D25: 1.3492012 | F25: 1.4344247 | H25: 1.3498415 | J25: 0.80194503 | Q25: 1.3569764 | R25: 1.3492012 | T25: 1.4344247 | V25: 1.3498415 | W25: =ABS(($AH25-V25)/$AH25) -> 0.071577209 | Y25: 0.80194503 | Z25: =ABS(($AH25-Y25)/$AH25) -> 0.36337265 | AG25: 1.3569764 | AH25: 1.2596773 | AI25: LiF (Golyshev, 1982),LiF (Golyshev, 1983),LiF (Golyshev, 1992),LiF (Smirnov, 1987),LiF (Khlebnikov, 1981)
A26: 1.0NaF | B26: 1268 | C26: 1276.2108 | D26: 0.84228951 | F26: 0.90253851 | H26: 0.8422681 | J26: 0.53047696 | Q26: 0.84054676 | R26: 0.83982795 | T26: 0.89990088 | V26: 0.83980661 | W26: =ABS(($AH26-V26)/$AH26) -> 0.28778769 | Y26: 0.52656453 | Z26: =ABS(($AH26-Y26)/$AH26) -> 0.55343797 | AG26: 0.83809041 | AH26: 1.179152 | AI26: NaF (Smirnov, 1987),NaF (Polyakov, 1975)
A27: 1.0KF | B27: 1131.2 | C27: 1130.597 | D27: 0.58239325 | F27: 0.56777343 | H27: 0.58268228 | J27: 0.36409719 | Q27: 0.58236909 | R27: 0.58239325 | T27: 0.56777343 | V27: 0.58268228 | W27: =ABS(($AH27-V27)/$AH27) -> 0.064372614 | Y27: 0.36409719 | Z27: =ABS(($AH27-Y27)/$AH27) -> 0.41536011 | AG27: 0.58236909 | AH27: 0.62277172 | AI27: KF (Smirnov, 1987)
A28: 1.0MgCl2 | B28: 987 | C28: 986.86211 | D28: 0.43829221 | F28: 0.36348786 | H28: 0.4382922 | J28: 0.28861058 | Q28: 0.4382922 | R28: 0.43829221 | T28: 0.36348786 | V28: 0.4382922 | W28: =ABS(($AH28-V28)/$AH28) -> 0.19417783 | Y28: 0.28861058 | Z28: =ABS(($AH28-Y28)/$AH28) -> 0.469375 | AG28: 0.4382922 | AH28: 0.54390686 | AI28: MgCl2 (Filatov, 2005)
A29: 1.0MgF2 | B29: 1534.2 | C29: 1554.2416 | D29: 0.76994949 | F29: 0.65134847 | H29: 0.76994949 | J29: 0.55165642 | Q29: 0.76994949 | R29: 0.76680975 | T29: 0.64869236 | V29: 0.76680975 | W29: =ABS(($AH29-V29)/$AH29) -> 0.091875731 | Y29: 0.54942631 | Z29: =ABS(($AH29-Y29)/$AH29) -> 0.21766089 | AG29: 0.76680975 | AH29: 0.70228665 | AI29: MgF2 (Khlebnikov, 1981),MgF2 (Golyshev, 1992)
A30: 1.0CaF2 | B30: 1692 | C30: 1697.8471 | D30: 0.53240327 | F30: 0.56536852 | H30: 0.53240327 | J30: 0.42810664 | Q30: 0.53240327 | R30: 0.53209376 | T30: 0.56503984 | V30: 0.53209375 | W30: =ABS(($AH30-V30)/$AH30) -> 0.10256458 | Y30: 0.4277441 | Z30: =ABS(($AH30-Y30)/$AH30) -> 0.2785619 | AG30: 0.53209375 | AH30: 0.59290478 | AI30: CaF2 (Golyshev, 1992),CaF2 (Khlebnikov, 1981)
U35: Gheribi | V35: Zhao | X35: Labels
S36: Avg Error | T36: Actinide | U36: =AVERAGE(W6:W15) -> 0.55680469 | V36: =AVERAGE(Z6:Z15) -> 0.28725646 | X36: Gheribi; 11.8% MAE | Z36: Non-Actinides
T37: Non-actinide | U37: =AVERAGE(W16:W30) -> 0.11828279 | V37: =AVERAGE(Z16:Z30) -> 0.3312135 | X37: Zhao; 33.1% MAE | Z37: Actinides
X38: Gheribi; 55.7% MAE
U39: Deviation | X39: Zhao; 28.7% MAE
T40: 0 | U40: 1.15
T41: 0 | U41: 0.85

Sheet MFP-rsum
A1: Compound | B1: S/cm | C1: order | D1: protons | E1: electrons | F1: Mp/molecule | G1: Me/molecule | H1: ratio of Mpe*# | I1: ratio | J1: Dif mass | K1: M_i (g/mol) | L1: Visc (N*s/m^2) | M1: T_i_m (K) inverse | N1: T_i_m (K) | O1: V_i_m (m^3/mol) | P1: alpha_i_m (K^-1) | R1: r_c (m) | S1: r_a (m) | T1: sum_radii | U1: delta | V1: --> Scaled | W1: rho_m (g/m^3) | X1: SoS(T)_A (A+B*T) | Y1: SoS(T)_B | Z1: A (Density (g/cm3): A - BT(K)) | AA1: B (Density (g/cm3): A - BT(K)) | AB1: #_cations | AC1: #_anions | AD1: sum_ions | AE1: λ_meas | AF1: 1/3*Cp*vs*r_sumCorrect | AG1: Error | AH1: 1/3*Cp*vs*1stPk | AI1: 1/3*Cp*vs*AvgPk | AJ1: 1/3*Cp*vs*r_sum | AK1: dev_λ | AL1: c_BC,rsum | AM1: c_BC_λBC | AN1: 1/3*Cp*vs | AO1: r_sum | AP1: 1stPeak | AQ1: AvgMFP | AR1: λBC | AS1: MFP_calc | AT1: MFP_dev | AU1: 1/3*Cp*r_sum | AV1: SoS_Tm | AW1: SoS_metal | AX1: vs_calc | AY1: vs_dev | AZ1: 1/3*vs*r_sum | BA1: C_i_p (J/mol/K) | BB1: Cp(MJ/m3-K) | BC1: Cp(J/m3-K) | BD1: Cp_calc | BE1: Cp_dev | BF1: vs*cp | BG1: --> Scaled | BH1: 1/3*vs*cp*rsum | BI1: mu | BJ1: V_ca(r ) | BK1: R(pm) | BL1: R(pm)/mu | BM1: 1/sqrt(mu) | BN1: x_ca,peak | BO1: R(pm)/mu | BP1: V/mu | BQ1: R | BR1: Visc/(Dens*C0)
A2: LiF | B2: 9.95 | C2: 1 | D2: 12 | E2: 12 | F2: =D2*1.6726219E-27 -> 2.0071463e-26 | G2: =E2*9.1093856E-31 -> 1.0931263e-29 | H2: =((F2*D2)/(G2*E2)) -> 1836.1523 | I2: =D2/E2 -> 1 | J2: =(F2)-(G2) -> 2.0060532e-26 | K2: 25.939 | L2: =0.115*EXP(27000/(8.3144598*N2))/1000 -> 0.0020988673 | M2: =N2^-1 -> 0.00089433439 | N2: 1118.15 | O2: 1.42e-05 | P2: 0.000268 | R2: 7.6e-11 | S2: 1.33e-10 | T2: =S2+R2 -> 2.09e-10 | U2: =S2/R2 -> 1.75 | V2: =T2*10000000000 -> 2.09 | W2: 1810000 | X2: 2547.8 | Y2: 0 | Z2: 2.3581 | AA2: -0.0004902 | AB2: 1 | AC2: 1 | AD2: =AB2+AC2 -> 2 | AE2: 1.33125 | AF2: =1/3*BC2*AV2*T2 -> 0.80248523 | AG2: =ABS((AE2-AF2)/AE2) -> 0.39719419 | AH2: =1/3*BC2*AV2*AP2 -> 0.72246878 | AI2: =1/3*BC2*AV2*AQ2 -> 0.90368251 | AJ2: 0.79448872 | AK2: =(AE2-AJ2)/AE2 -> 0.40320096 | AL2: =AE2/(1/3*AV2*T2) -> 7500138 | AM2: =AE2/(1/3*AV2*AR2) -> 4521126.8 | AN2: 3.8013815e+09 | AO2: =AJ2/AN2 -> 2.09e-10 | AP2: 1.8816044e-10 | AQ2: 2.3535591e-10 | AR2: =AE2/(1/3*BC2*AV2) -> 3.4671199e-10 | AS2: =AE2/AN2 -> 3.5020164e-10 | AT2: =(AS2-AO2)/AO2 -> 0.67560591 | AU2: =AJ2/AV2 -> 0.00031183324 | AV2: =X2+Y2*N2 -> 2547.8 | AW2: 3500 | AX2: =AE2/AU2 -> 4269.1087 | AY2: =(AX2-AV2)/AV2 -> 0.67560591 | AZ2: =AJ2/BA2 -> 0.012375214 | BA2: 64.2 | BB2: =BC2/1000000 -> 4.5211268 | BC2: =BA2/O2 -> 4521126.8 | BD2: =AE2/(AZ2) -> 107.5739 | BE2: =(BD2-BA2)/BA2 -> 0.67560591 | BF2: =AV2*BC2 -> 1.1518927e+10 | BG2: =BF2*0.0000000001 -> 1.1518927 | BH2: =BF2*T2 -> 2.4074557 | BI2: 5.083691 | BJ2: -6.5464269e-05 | BK2: 0.87109136 | BL2: =SQRT(BK2)/BI2 -> 0.18359156 | BM2: =SQRT(1/BI2) -> 0.44351716 | BN2: 1.84e-10 | BO2: =BN2*SQRT(BK2/BI2) -> 7.6165817e-11 | BP2: =SQRT(ABS(BJ2))/BI2 -> 0.00159156 | BQ2: =AV2^(2/3)*O2 -> 0.002648898 | BR2: =L2/(W2/1000*(X2+Y2*N2)) -> 4.5513588e-10
A3: NaF | B3: 6.9 | C3: 1 | D3: 20 | E3: 20 | F3: =D3*1.6726219E-27 -> 3.3452438e-26 | G3: =E3*9.1093856E-31 -> 1.8218771e-29 | H3: =((F3*D3)/(G3*E3)) -> 1836.1523 | I3: =D3/E3 -> 1 | J3: =(F3)-(G3) -> 3.3434219e-26 | K3: 41.988 | L3: =0.12*EXP(26500/(8.3144598*N3))/1000 -> 0.0014814456 | M3: =N3^-1 -> 0.00078855025 | N3: 1268.15 | O3: 2.16e-05 | P3: 0.000288 | R3: 1.02e-10 | S3: 1.33e-10 | T3: =S3+R3 -> 2.35e-10 | U3: =S3/R3 -> 1.3039216 | V3: =T3*10000000000 -> 2.35 | W3: 1950000 | X3: 2085.5 | Y3: 0 | Z3: 2.755 | AA3: -0.000636 | AB3: 1 | AC3: 1 | AD3: =AB3+AC3 -> 2 | AE3: 0.8279 | AF3: =1/3*BC3*AV3*T3 -> 0.53093354 | AG3: =ABS((AE3-AF3)/AE3) -> 0.35869846 | AH3: =1/3*BC3*AV3*AP3 -> 0.49109756 | AI3: =1/3*BC3*AV3*AQ3 -> 0.59812176 | AJ3: 0.53220718 | AK3: =(AE3-AJ3)/AE3 -> 0.35716007 | AL3: =AE3/(1/3*AV3*T3) -> 5067818.8 | AM3: =AE3/(1/3*AV3*AR3) -> 3250000 | AN3: 2.2647114e+09 | AO3: =AJ3/AN3 -> 2.35e-10 | AP3: 2.1736793e-10 | AQ3: 2.6473862e-10 | AR3: =AE3/(1/3*BC3*AV3) -> 3.6644228e-10 | AS3: =AE3/AN3 -> 3.6556535e-10 | AT3: =(AS3-AO3)/AO3 -> 0.55559722 | AU3: =AJ3/AV3 -> 0.00025519404 | AV3: =X3+Y3*N3 -> 2085.5 | AW3: 2720 | AX3: =AE3/AU3 -> 3244.198 | AY3: =(AX3-AV3)/AV3 -> 0.55559722 | AZ3: =AJ3/BA3 -> 0.0075812988 | BA3: 70.2 | BB3: =BC3/1000000 -> 3.25 | BC3: =BA3/O3 -> 3250000 | BD3: =AE3/(AZ3) -> 109.20292 | BE3: =(BD3-BA3)/BA3 -> 0.55559722 | BF3: =AV3*BC3 -> 6777875000 | BG3: =BF3*0.0000000001 -> 0.6777875 | BH3: =BF3*T3 -> 1.5928006 | BI3: 10.402189 | BJ3: -0.00064235936 | BK3: 0.88236536 | BL3: =SQRT(BK3)/BI3 -> 0.09030244 | BM3: =SQRT(1/BI3) -> 0.31005421 | BN3: 2.14e-10 | BO3: =BN3*SQRT(BK3/BI3) -> 6.2326915e-11 | BP3: =SQRT(ABS(BJ3))/BI3 -> 0.0024364881 | BQ3: =AV3^(2/3)*O3 -> 0.0035258233 | BR3: =L3/(W3/1000*(X3+Y3*N3)) -> 3.6428469e-10
A4: KF | B4: 5.1 | C4: 1 | D4: 28 | E4: 28 | F4: =D4*1.6726219E-27 -> 4.6833413e-26 | G4: =E4*9.1093856E-31 -> 2.550628e-29 | H4: =((F4*D4)/(G4*E4)) -> 1836.1523 | I4: =D4/E4 -> 1 | J4: =(F4)-(G4) -> 4.6807907e-26 | K4: 58.097 | L4: =0.107*EXP(23800/(8.3144598*N4))/1000 -> 0.001350063 | M4: =N4^-1 -> 0.00088562193 | N4: 1129.15 | O4: 3.04e-05 | P4: 0.000341 | R4: 1.38e-10 | S4: 1.33e-10 | T4: =S4+R4 -> 2.71e-10 | U4: =S4/R4 -> 0.96376812 | V4: =T4*10000000000 -> 2.71 | W4: 1910000 | X4: 1816.4 | Y4: 0 | Z4: 2.6464 | AA4: -0.0006515 | AB4: 1 | AC4: 1 | AD4: =AB4+AC4 -> 2 | AE4: 0.57 | AF4: =1/3*BC4*AV4*T4 -> 0.36108718 | AG4: =ABS((AE4-AF4)/AE4) -> 0.36651373 | AH4: =1/3*BC4*AV4*AP4 -> 0.32961603 | AI4: =1/3*BC4*AV4*AQ4 -> 0.40376311 | AJ4: 0.36077309 | AK4: =(AE4-AJ4)/AE4 -> 0.36706476 | AL4: =AE4/(1/3*AV4*T4) -> 3473884.1 | AM4: =AE4/(1/3*AV4*AR4) -> 2200657.9 | AN4: 1.331266e+09 | AO4: =AJ4/AN4 -> 2.71e-10 | AP4: 2.4738055e-10 | AQ4: 3.0302877e-10 | AR4: =AE4/(1/3*BC4*AV4) -> 4.2779143e-10 | AS4: =AE4/AN4 -> 4.2816386e-10 | AT4: =(AS4-AO4)/AO4 -> 0.57994046 | AU4: =AJ4/AV4 -> 0.00019861985 | AV4: =X4+Y4*N4 -> 1816.4 | AW4: 2360 | AX4: =AE4/AU4 -> 2869.8038 | AY4: =(AX4-AV4)/AV4 -> 0.57994046 | AZ4: =AJ4/BA4 -> 0.0053927218 | BA4: 66.9 | BB4: =BC4/1000000 -> 2.2006579 | BC4: =BA4/O4 -> 2200657.9 | BD4: =AE4/(AZ4) -> 105.69802 | BE4: =(BD4-BA4)/BA4 -> 0.57994046 | BF4: =AV4*BC4 -> 3.997275e+09 | BG4: =BF4*0.0000000001 -> 0.3997275 | BH4: =BF4*T4 -> 1.0832615 | BI4: 12.78567 | BJ4: -0.0013975067 | BK4: 0.88025103 | BL4: =SQRT(BK4)/BI4 -> 0.07338035 | BM4: =SQRT(1/BI4) -> 0.27966509 | BN4: 2.44e-10 | BO4: =BN4*SQRT(BK4/BI4) -> 6.4022312e-11 | BP4: =SQRT(ABS(BJ4))/BI4 -> 0.0029238391 | BQ4: =AV4^(2/3)*O4 -> 0.0045256529 | BR4: =L4/(W4/1000*(X4+Y4*N4)) -> 3.8914297e-10
A5: RbF | C5: 1 | D5: 46 | E5: 46 | F5: =D5*1.6726219E-27 -> 7.6940607e-26 | G5: =E5*9.1093856E-31 -> 4.1903174e-29 | H5: =((F5*D5)/(G5*E5)) -> 1836.1523 | I5: =D5/E5 -> 1 | J5: =(F5)-(G5) -> 7.6898704e-26 | K5: 104.4662 | L5: =0.115*EXP(27000/(8.3144598*N5))/1000 -> 0.0025481161 | M5: =N5^-1 -> 0.00095406192 | N5: 1048.15 | O5: 3.57e-05 | P5: 0.000349 | R5: 1.52e-10 | S5: 1.33e-10 | T5: =S5+R5 -> 2.85e-10 | U5: =S5/R5 -> 0.875 | V5: =T5*10000000000 -> 2.85 | W5: =K5/O5 -> 2926224.1 | X5: 1760.4 | Y5: 0 | Z5: =W5*100^3/1000 -> 2.9262241e+09 | AA5: 0 | AE5: 0.48965 | AF5: =1/3*BC5*AV5*T5 -> 0.32557538 | AG5: =ABS((AE5-AF5)/AE5) -> 0.33508551 | AH5: =1/3*BC5*AV5*AP5 -> 0.29579641 | AL5: =AE5/(1/3*AV5*T5) -> 2927863.3 | AM5: =AE5/(1/3*AV5*AR5) -> 1946778.7 | AP5: 2.5893228e-10 | AR5: =AE5/(1/3*BC5*AV5) -> 4.2862655e-10 | AS5: 2.5893228e-10 | AV5: =X5+Y5*N5 -> 1760.4 | AZ5: =AJ5/BA5 -> 0 | BA5: 69.5 | BB5: =BC5/1000000 -> 1.9467787 | BC5: =BA5/O5 -> 1946778.7 | BF5: =AV5*BC5 -> 3.4271092e+09 | BG5: =BF5*0.0000000001 -> 0.34271092 | BH5: =BF5*T5 -> 0.97672613 | BI5: 15.543321 | BJ5: -0.0018393987 | BM5: =SQRT(1/BI5) -> 0.25364604 | BN5: 2.56e-10 | BO5: =T5*SQRT(0.9/BI5) -> 6.8579483e-11 | BP5: =SQRT(ABS(BJ5))/BI5 -> 0.0027592695 | BQ5: =AV5^(2/3)*O5 -> 0.0052048608 | BR5: =L5/(W5/1000*(X5+Y5*N5)) -> 4.9465257e-10
A6: CsF | C6: 1 | D6: 64 | E6: 64 | F6: =D6*1.6726219E-27 -> 1.070478e-25 | G6: =E6*9.1093856E-31 -> 5.8300068e-29 | H6: =((F6*D6)/(G6*E6)) -> 1836.1523 | I6: =D6/E6 -> 1 | J6: =(F6)-(G6) -> 1.069895e-25 | K6: 58.44 | L6: =0.115*EXP(27000/(8.3144598*N6))/1000 -> 0.0034453112 | M6: =N6^-1 -> 0.001046956 | N6: 955.15 | O6: 4.57e-05 | P6: 0.000385 | R6: 1.67e-10 | S6: 1.33e-10 | T6: =S6+R6 -> 3e-10 | U6: =S6/R6 -> 0.79640719 | V6: =T6*10000000000 -> 3 | W6: 2196977.2 | X6: 2732.9322 | Y6: -0.915 | Z6: 4.8985 | AA6: -0.000543 | AE6: 0.36715 | AF6: =1/3*BC6*AV6*T6 -> 0.30142161 | AG6: =ABS((AE6-AF6)/AE6) -> 0.17902325 | AH6: =1/3*BC6*AV6*AP6 -> 0.28095437 | AL6: =AE6/(1/3*AV6*T6) -> 1975018.4 | AM6: =AE6/(1/3*AV6*AR6) -> 1621444.2 | AP6: 2.7962928e-10 | AR6: =AE6/(1/3*BC6*AV6) -> 3.6541839e-10 | AS6: 2.7962928e-10 | AV6: =X6+Y6*N6 -> 1858.97 | AZ6: =AJ6/BA6 -> 0 | BA6: 74.1 | BB6: =BC6/1000000 -> 1.6214442 | BC6: =BA6/O6 -> 1621444.2 | BF6: =AV6*BC6 -> 3.0142161e+09 | BG6: =BF6*0.0000000001 -> 0.30142161 | BH6: =BF6*T6 -> 0.90426484 | BI6: 16.622299 | BJ6: -0.0029196881 | BM6: =SQRT(1/BI6) -> 0.24527566 | BN6: 2.76e-10 | BO6: =T6*SQRT(0.9/BI6) -> 6.9806677e-11 | BP6: =SQRT(ABS(BJ6))/BI6 -> 0.0032507018 | BQ6: =AV6^(2/3)*O6 -> 0.0069092534 | BR6: =L6/(W6/1000*(X6+Y6*N6)) -> 8.4358824e-10
A7: LiCl | B7: 3.67 | C7: 1 | D7: 20 | E7: 20 | F7: =D7*1.6726219E-27 -> 3.3452438e-26 | G7: =E7*9.1093856E-31 -> 1.8218771e-29 | H7: =((F7*D7)/(G7*E7)) -> 1836.1523 | I7: =D7/E7 -> 1 | J7: =(F7)-(G7) -> 3.3434219e-26 | K7: 42.394 | L7: =0.0726*EXP(22400/(8.3144598*N7))/1000 -> 0.0015609789 | M7: =N7^-1 -> 0.0011388225 | N7: 878.1 | O7: =K7/W7 -> 2.8281521e-05 | P7: 0.000288 | R7: 7.6e-11 | S7: 1.81e-10 | T7: =S7+R7 -> 2.57e-10 | U7: =S7/R7 -> 2.3815789 | V7: =T7*10000000000 -> 2.57 | W7: 1499000 | X7: 2787.9043 | Y7: -0.849 | Z7: 1.8842 | AA7: -0.0004328 | AB7: 1 | AC7: 1 | AD7: =AB7+AC7 -> 2 | AE7: 0.6126 | AF7: =1/3*BC7*AV7*T7 -> 0.40225026 | AG7: =ABS((AE7-AF7)/AE7) -> 0.34337209 | AH7: =1/3*BC7*AV7*AP7 -> 0.37226977 | AI7: =1/3*BC7*AV7*AQ7 -> 0.46741266 | AJ7: 0.40224439 | AK7: =(AE7-AJ7)/AE7 -> 0.34338166 | AL7: =AE7/(1/3*AV7*T7) -> 3501264 | AM7: =AE7/(1/3*AV7*AR7) -> 2299027.7 | AN7: 1.5651533e+09 | AO7: =AJ7/AN7 -> 2.57e-10 | AP7: 2.378453e-10 | AQ7: 2.9863264e-10 | AR7: =AE7/(1/3*BC7*AV7) -> 3.9139366e-10 | AS7: =AE7/AN7 -> 3.9139937e-10 | AT7: =(AS7-AO7)/AO7 -> 0.52295473 | AU7: =AJ7/AV7 -> 0.00019694717 | AV7: =X7+Y7*N7 -> 2042.3974 | AW7: 3500 | AX7: =AE7/AU7 -> 3110.4789 | AY7: =(AX7-AV7)/AV7 -> 0.52295473 | AZ7: =AJ7/BA7 -> 0.0061864717 | BA7: 65.02 | BB7: =BC7/1000000 -> 2.2990277 | BC7: =BA7/O7 -> 2299027.7 | BD7: =AE7/(AZ7) -> 99.022517 | BE7: =(BD7-BA7)/BA7 -> 0.52295473 | BF7: =AV7*BC7 -> 4.6955283e+09 | BG7: =BF7*0.0000000001 -> 0.46955283 | BH7: =BF7*T7 -> 1.2067508 | BI7: 5.804497 | BJ7: -0.00044547221 | BK7: 0.88854851 | BL7: =SQRT(BK7)/BI7 -> 0.16239624 | BM7: =SQRT(1/BI7) -> 0.41506652 | BN7: 2.36e-10 | BO7: =BN7*SQRT(BK7/BI7) -> 9.2335835e-11 | BP7: =SQRT(ABS(BJ7))/BI7 -> 0.0036361829 | BQ7: =AV7^(2/3)*O7 -> 0.0045526361 | BR7: =L7/(W7/1000*(X7+Y7*N7)) -> 5.0986493e-10
A8: NaCl | B8: 3.94 | C8: 1 | D8: 28 | E8: 28 | F8: =D8*1.6726219E-27 -> 4.6833413e-26 | G8: =E8*9.1093856E-31 -> 2.550628e-29 | H8: =((F8*D8)/(G8*E8)) -> 1836.1523 | I8: =D8/E8 -> 1 | J8: =(F8)-(G8) -> 4.6807907e-26 | K8: 58.44 | L8: =0.0893*EXP(22000/(8.3144598*N8))/1000 -> 0.0010321391 | M8: =N8^-1 -> 0.00092494104 | N8: 1081.15 | O8: 3.765e-05 | P8: 0.00035 | R8: 1.02e-10 | S8: 1.81e-10 | T8: =S8+R8 -> 2.83e-10 | U8: =S8/R8 -> 1.7745098 | V8: =T8*10000000000 -> 2.83 | W8: 1560000 | X8: 2732.9322 | Y8: -0.915 | Z8: 2.1393 | AA8: -0.000543 | AB8: 1 | AC8: 1 | AD8: =AB8+AC8 -> 2 | AE8: 0.4665 | AF8: =1/3*BC8*AV8*T8 -> 0.30415923 | AG8: =ABS((AE8-AF8)/AE8) -> 0.34799736 | AH8: =1/3*BC8*AV8*AP8 -> 0.28617344 | AI8: =1/3*BC8*AV8*AQ8 -> 0.34614447 | AJ8: 0.30612615 | AK8: =(AE8-AJ8)/AE8 -> 0.34378102 | AL8: =AE8/(1/3*AV8*T8) -> 2836087.9 | AM8: =AE8/(1/3*AV8*AR8) -> 1849136.8 | AN8: 1.0817179e+09 | AO8: =AJ8/AN8 -> 2.83e-10 | AP8: 2.6626541e-10 | AQ8: 3.2206448e-10 | AR8: =AE8/(1/3*BC8*AV8) -> 4.3404732e-10 | AS8: =AE8/AN8 -> 4.3125848e-10 | AT8: =(AS8-AO8)/AO8 -> 0.52388156 | AU8: =AJ8/AV8 -> 0.00017556326 | AV8: =X8+Y8*N8 -> 1743.68 | AW8: 2720 | AX8: =AE8/AU8 -> 2657.1618 | AY8: =(AX8-AV8)/AV8 -> 0.52388156 | AZ8: =AJ8/BA8 -> 0.0043971007 | BA8: 69.62 | BB8: =BC8/1000000 -> 1.8491368 | BC8: =BA8/O8 -> 1849136.8 | BD8: =AE8/(AZ8) -> 106.09263 | BE8: =(BD8-BA8)/BA8 -> 0.52388156 | BF8: =AV8*BC8 -> 3.2243028e+09 | BG8: =BF8*0.0000000001 -> 0.32243028 | BH8: =BF8*T8 -> 0.9124777 | BI8: 13.945766 | BJ8: -0.0023782148 | BK8: 0.89095701 | BL8: =SQRT(BK8)/BI8 -> 0.067683998 | BM8: =SQRT(1/BI8) -> 0.26778042 | BN8: 2.64e-10 | BO8: =BN8*SQRT(BK8/BI8) -> 6.6728462e-11 | BP8: =SQRT(ABS(BJ8))/BI8 -> 0.0034968996 | BQ8: =AV8^(2/3)*O8 -> 0.0054543479 | BR8: =L8/(W8/1000*(X8+Y8*N8)) -> 3.7944326e-10
A9: KCl | B9: 3.34 | C9: 1 | D9: 36 | E9: 36 | F9: =D9*1.6726219E-27 -> 6.0214388e-26 | G9: =E9*9.1093856E-31 -> 3.2793788e-29 | H9: =((F9*D9)/(G9*E9)) -> 1836.1523 | I9: =D9/E9 -> 1 | J9: =(F9)-(G9) -> 6.0181595e-26 | K9: 74.5513 | L9: =0.0708*EXP(23900/(8.3144598*N9))/1000 -> 0.0011078669 | M9: =N9^-1 -> 0.00095680046 | N9: 1045.15 | O9: 4.884e-05 | P9: 0.000382 | R9: 1.38e-10 | S9: 1.81e-10 | T9: =S9+R9 -> 3.19e-10 | U9: =S9/R9 -> 1.3115942 | V9: =T9*10000000000 -> 3.19 | W9: 1530000 | X9: 2514.8257 | Y9: -0.878 | Z9: 2.1359 | AA9: -0.0005831 | AB9: 1 | AC9: 1 | AD9: =AB9+AC9 -> 2 | AE9: 0.35505 | AF9: =1/3*BC9*AV9*T9 -> 0.25593315 | AG9: =ABS((AE9-AF9)/AE9) -> 0.27916308 | AH9: =1/3*BC9*AV9*AP9 -> 0.23977579 | AI9: =1/3*BC9*AV9*AQ9 -> 0.2878106 | AJ9: 0.25652334 | AK9: =(AE9-AJ9)/AE9 -> 0.2775008 | AL9: =AE9/(1/3*AV9*T9) -> 2090572 | AM9: =AE9/(1/3*AV9*AR9) -> 1506961.5 | AN9: 8.041484e+08 | AO9: =AJ9/AN9 -> 3.19e-10 | AP9: 2.9886116e-10 | AQ9: 3.5873267e-10 | AR9: =AE9/(1/3*BC9*AV9) -> 4.4254115e-10 | AS9: =AE9/AN9 -> 4.4152298e-10 | AT9: =(AS9-AO9)/AO9 -> 0.38408459 | AU9: =AJ9/AV9 -> 0.00016060976 | AV9: =X9+Y9*N9 -> 1597.184 | AW9: 2360 | AX9: =AE9/AU9 -> 2210.6378 | AY9: =(AX9-AV9)/AV9 -> 0.38408459 | AZ9: =AJ9/BA9 -> 0.0034853715 | BA9: 73.6 | BB9: =BC9/1000000 -> 1.5069615 | BC9: =BA9/O9 -> 1506961.5 | BD9: =AE9/(AZ9) -> 101.86863 | BE9: =(BD9-BA9)/BA9 -> 0.38408459 | BF9: =AV9*BC9 -> 2.4068948e+09 | BG9: =BF9*0.0000000001 -> 0.24068948 | BH9: =BF9*T9 -> 0.76779944 | BI9: 18.592439 | BJ9: -0.0036120436 | BK9: 0.8909863 | BL9: =SQRT(BK9)/BI9 -> 0.050769063 | BM9: =SQRT(1/BI9) -> 0.23191659 | BN9: 2.96e-10 | BO9: =BN9*SQRT(BK9/BI9) -> 6.4797618e-11 | BP9: =SQRT(ABS(BJ9))/BI9 -> 0.0032325119 | BQ9: =AV9^(2/3)*O9 -> 0.0066733764 | BR9: =L9/(W9/1000*(X9+Y9*N9)) -> 4.5335792e-10
A10: BeF2 | B10: 0.52 | C10: 1 | D10: 13 | E10: 12 | F10: =D10*1.6726219E-27 -> 2.1744085e-26 | G10: =E10*9.1093856E-31 -> 1.0931263e-29 | H10: =((F10*D10)/(G10*E10)) -> 2154.9287 | I10: =D10/E10 -> 1.0833333 | J10: =(F10)-(G10) -> 2.1733153e-26 | K10: 47.01 | L10: =10^(-8.12+11500/N10+639000/N10^2)/1000 -> 1.5280163 | M10: =N10^-1 -> 0.00093444844 | N10: 1070.15 | O10: 2.4e-05 | P10: 7.42e-06 | R10: 3.4e-11 | S10: 1.33e-10 | T10: =S10+R10 -> 1.67e-10 | U10: =S10/R10 -> 3.9117647 | V10: =T10*10000000000 -> 1.67 | W10: 1960000 | X10: 2547.8 | Y10: 0 | Z10: 1.972 | AA10: -1.45e-05 | AB10: 1 | AC10: 2 | AD10: =AB10+AC10 -> 3 | AE10: 0.79925906 | AF10: =1/3*BC10*AV10*T10 -> 0.51944334 | AG10: =ABS((AE10-AF10)/AE10) -> 0.35009389 | AJ10: 0.51979939 | AK10: =(AE10-AJ10)/AE10 -> 0.34964842 | AL10: =AE10/(1/3*AV10*T10) -> 5635429.4 | AM10: =AE10/(1/3*AV10*AR10) -> 3662500 | AN10: 3.1125712e+09 | AO10: =AJ10/AN10 -> 1.67e-10 | AR10: =AE10/(1/3*BC10*AV10) -> 2.569602e-10 | AS10: =AE10/AN10 -> 2.5678419e-10 | AT10: =(AS10-AO10)/AO10 -> 0.53762986 | AU10: =AJ10/AV10 -> 0.00020401891 | AV10: =X10+Y10*N10 -> 2547.8 | AX10: =AE10/AU10 -> 3917.5733 | AY10: =(AX10-AV10)/AV10 -> 0.53762986 | AZ10: =AJ10/BA10 -> 0.0059135311 | BA10: 87.9 | BB10: =BC10/1000000 -> 3.6625 | BC10: =BA10/O10 -> 3662500 | BD10: =AE10/(AZ10) -> 135.15766 | BE10: =(BD10-BA10)/BA10 -> 0.53762986 | BF10: =AV10*BC10 -> 9331317500 | BG10: =BF10*0.0000000001 -> 0.93313175 | BH10: =BF10*T10 -> 1.55833 | BI10: 6.112585 | BJ10: -4.1051313e-06 | BM10: =SQRT(1/BI10) -> 0.40447114 | BO10: =T10*SQRT(0.9/BI10) -> 6.4080408e-11 | BP10: =SQRT(ABS(BJ10))/BI10 -> 0.00033146571 | BQ10: =AV10^(2/3)*O10 -> 0.0044770107
A11: MgF2 | B11: 0.02 | C11: 1 | D11: 21 | E11: 20 | F11: =D11*1.6726219E-27 -> 3.512506e-26 | G11: =E11*9.1093856E-31 -> 1.8218771e-29 | H11: =((F11*D11)/(G11*E11)) -> 2024.3579 | I11: =D11/E11 -> 1.05 | J11: =(F11)-(G11) -> 3.5106841e-26 | K11: 62.3018 | L11: =0.187*EXP(32100/(8.3144598*N11))/1000 -> 0.002315921 | M11: =N11^-1 -> 0.0006518055 | N11: 1534.2 | O11: =K11/W11 -> 2.557462e-05 | P11: 0.000216 | R11: 7.2e-11 | S11: 1.33e-10 | T11: =S11+R11 -> 2.05e-10 | U11: =S11/R11 -> 1.8472222 | V11: =T11*10000000000 -> 2.05 | W11: =(Z11+N11*AA11)*1000000 -> 2436079.2 | X11: 2175.6 | Y11: 0 | Z11: 3.24 | AA11: -0.000524 | AB11: 1 | AC11: 2 | AD11: =AB11+AC11 -> 3 | AE11: 0.6506778 | AF11: =1/3*BC11*AV11*T11 -> 0.55165642 | AG11: =ABS((AE11-AF11)/AE11) -> 0.15218189 | AJ11: 0.55165642 | AK11: =(AE11-AJ11)/AE11 -> 0.15218189 | AL11: =AE11/(1/3*AV11*T11) -> 4376776.1 | AM11: =AE11/(1/3*AV11*AR11) -> 3710710.1 | AN11: 2.6910069e+09 | AO11: =AJ11/AN11 -> 2.05e-10 | AR11: =AE11/(1/3*BC11*AV11) -> 2.4179715e-10 | AS11: =AE11/AN11 -> 2.4179715e-10 | AT11: =(AS11-AO11)/AO11 -> 0.17949828 | AU11: =AJ11/AV11 -> 0.00025356519 | AV11: =X11+Y11*N11 -> 2175.6 | AX11: =AE11/AU11 -> 2566.1165 | AY11: =(AX11-AV11)/AV11 -> 0.17949828 | AZ11: =AJ11/BA11 -> 0.0058130287 | BA11: 94.9 | BB11: =BC11/1000000 -> 3.7107101 | BC11: =BA11/O11 -> 3710710.1 | BD11: =AE11/(AZ11) -> 111.93439 | BE11: =(BD11-BA11)/BA11 -> 0.17949828 | BF11: =AV11*BC11 -> 8.0730208e+09 | BG11: =BF11*0.0000000001 -> 0.80730208 | BH11: =BF11*T11 -> 1.6549693 | BI11: 10.663277 | BJ11: -4.942153e-05 | BM11: =SQRT(1/BI11) -> 0.30623488 | BO11: =T11*SQRT(0.9/BI11) -> 5.9556583e-11 | BP11: =SQRT(ABS(BJ11))/BI11 -> 0.00065927621 | BQ11: =AV11^(2/3)*O11 -> 0.0042939985 | BR11: =L11/(W11/1000*(X11+Y11*N11)) -> 4.3697168e-10
A12: CaF2 | B12: 0.12 | C12: 1 | D12: 29 | E12: 28 | F12: =D12*1.6726219E-27 -> 4.8506035e-26 | G12: =E12*9.1093856E-31 -> 2.550628e-29 | H12: =((F12*D12)/(G12*E12)) -> 1969.648 | I12: =D12/E12 -> 1.0357143 | J12: =(F12)-(G12) -> 4.8480529e-26 | K12: 78.0748 | L12: =0.1*EXP(47600/(8.3144598*N12))/1000 -> 0.0029475213 | M12: =N12^-1 -> 0.00059101655 | N12: 1692 | O12: =K12/W12 -> 3.1001402e-05 | P12: 0.000155 | R12: 1e-10 | S12: 1.33e-10 | T12: =S12+R12 -> 2.33e-10 | U12: =S12/R12 -> 1.33 | V12: =T12*10000000000 -> 2.33 | W12: =(Z12+N12*AA12)*1000000 -> 2518428 | X12: 1710.3 | Y12: 0 | Z12: 3.18 | AA12: -0.000391 | AB12: 1 | AC12: 2 | AD12: =AB12+AC12 -> 3 | AE12: 0.5648032 | AF12: =1/3*BC12*AV12*T12 -> 0.42810664 | AG12: =ABS((AE12-AF12)/AE12) -> 0.24202511 | AJ12: 0.42810664 | AK12: =(AE12-AJ12)/AE12 -> 0.24202511 | AL12: =AE12/(1/3*AV12*T12) -> 4251970 | AM12: =AE12/(1/3*AV12*AR12) -> 3222886.5 | AN12: 1.8373676e+09 | AO12: =AJ12/AN12 -> 2.33e-10 | AR12: =AE12/(1/3*BC12*AV12) -> 3.0739805e-10 | AS12: =AE12/AN12 -> 3.0739805e-10 | AT12: =(AS12-AO12)/AO12 -> 0.31930492 | AU12: =AJ12/AV12 -> 0.00025031085 | AV12: =X12+Y12*N12 -> 1710.3 | AX12: =AE12/AU12 -> 2256.4072 | AY12: =(AX12-AV12)/AV12 -> 0.31930492 | AZ12: =AJ12/BA12 -> 0.0042847513 | BA12: 99.914 | BB12: =BC12/1000000 -> 3.2228865 | BC12: =BA12/O12 -> 3222886.5 | BD12: =AE12/(AZ12) -> 131.81703 | BE12: =(BD12-BA12)/BA12 -> 0.31930492 | BF12: =AV12*BC12 -> 5.5121027e+09 | BG12: =BF12*0.0000000001 -> 0.55121027 | BH12: =BF12*T12 -> 1.2843199 | BI12: 12.888699 | BJ12: -0.00020540721 | BM12: =SQRT(1/BI12) -> 0.27854506 | BO12: =T12*SQRT(0.9/BI12) -> 6.1570494e-11 | BP12: =SQRT(ABS(BJ12))/BI12 -> 0.0011119846 | BQ12: =AV12^(2/3)*O12 -> 0.004433665 | BR12: =L12/(W12/1000*(X12+Y12*N12)) -> 6.8431351e-10
A13: SrF2 | C13: 1 | D13: 47 | E13: 46 | F13: =D13*1.6726219E-27 -> 7.8613229e-26 | G13: =E13*9.1093856E-31 -> 4.1903174e-29 | H13: =((F13*D13)/(G13*E13)) -> 1916.8527 | I13: =D13/E13 -> 1.0217391 | J13: =(F13)-(G13) -> 7.8571326e-26 | K13: 125.6168 | L13: =0.0703*EXP(54500/(8.3144598*N13))/1000 -> 0.0030018345 | M13: =N13^-1 -> 0.00057273769 | N13: 1746 | O13: =K13/W13 -> 3.621381e-05 | P13: 0.000213 | R13: 1.18e-10 | S13: 1.33e-10 | T13: =S13+R13 -> 2.51e-10 | U13: =S13/R13 -> 1.1271186 | V13: =T13*10000000000 -> 2.51 | W13: =(Z13+N13*AA13)*1000000 -> 3468754 | X13: 1398.6 | Y13: 0 | Z13: 4.78 | AA13: -0.000751 | AB13: 1 | AC13: 2 | AD13: =AB13+AC13 -> 3 | AE13: 0.390415 | AF13: =1/3*BC13*AV13*T13 -> 0.31989464 | AG13: =ABS((AE13-AF13)/AE13) -> 0.18062923 | AJ13: 0.31989464 | AK13: =(AE13-AJ13)/AE13 -> 0.18062923 | AL13: =AE13/(1/3*AV13*T13) -> 3336418.4 | AM13: =AE13/(1/3*AV13*AR13) -> 2733763.7 | AN13: 1.2744806e+09 | AO13: =AJ13/AN13 -> 2.51e-10 | AR13: =AE13/(1/3*BC13*AV13) -> 3.0633263e-10 | AS13: =AE13/AN13 -> 3.0633263e-10 | AT13: =(AS13-AO13)/AO13 -> 0.22044872 | AU13: =AJ13/AV13 -> 0.00022872489 | AV13: =X13+Y13*N13 -> 1398.6 | AX13: =AE13/AU13 -> 1706.9196 | AY13: =(AX13-AV13)/AV13 -> 0.22044872 | AZ13: =AJ13/BA13 -> 0.003231259 | BA13: 99 | BB13: =BC13/1000000 -> 2.7337637 | BC13: =BA13/O13 -> 2733763.7 | BD13: =AE13/(AZ13) -> 120.82442 | BE13: =(BD13-BA13)/BA13 -> 0.22044872 | BF13: =AV13*BC13 -> 3.8234419e+09 | BG13: =BF13*0.0000000001 -> 0.38234419 | BH13: =BF13*T13 -> 0.95968391 | BI13: 15.613065 | BJ13: -0.00046321913 | BM13: =SQRT(1/BI13) -> 0.25307889 | BO13: =T13*SQRT(0.9/BI13) -> 6.026302e-11 | BP13: =SQRT(ABS(BJ13))/BI13 -> 0.0013784946 | BQ13: =AV13^(2/3)*O13 -> 0.0045290096 | BR13: =L13/(W13/1000*(X13+Y13*N13)) -> 6.1875642e-10
A14: MgCl2 | B14: 0.8 | C14: 1 | D14: 29 | E14: 28 | F14: =D14*1.6726219E-27 -> 4.8506035e-26 | G14: =E14*9.1093856E-31 -> 2.550628e-29 | H14: =((F14*D14)/(G14*E14)) -> 1969.648 | I14: =D14/E14 -> 1.0357143 | J14: =(F14)-(G14) -> 4.8480529e-26 | K14: 95.211 | L14: =0.18*EXP(20500/(8.3144598*N14))/1000 -> 0.0021885965 | M14: =N14^-1 -> 0.0010131712 | N14: 987 | O14: =K14/W14 -> 5.6510276e-05 | P14: 0.00018 | R14: 7.2e-11 | S14: 1.81e-10 | T14: =S14+R14 -> 2.53e-10 | U14: =S14/R14 -> 2.5138889 | V14: =T14*10000000000 -> 2.53 | W14: =(Z14+N14*AA14)*1000000 -> 1684844 | X14: 2101 | Y14: 0 | Z14: 1.9691 | AA14: -0.000288 | AB14: 1 | AC14: 2 | AD14: =AB14+AC14 -> 3 | AE14: 0.4568 | AF14: =1/3*BC14*AV14*T14 -> 0.28861058 | AG14: =ABS((AE14-AF14)/AE14) -> 0.3681905 | AH14: =1/3*BC14*AV14*AP14 -> 0.26994066 | AI14: =1/3*BC14*AV14*AQ14 -> 0.33370075 | AJ14: 0.28861058 | AK14: =(AE14-AJ14)/AE14 -> 0.3681905 | AL14: =AE14/(1/3*AV14*T14) -> 2578106 | AM14: =AE14/(1/3*AV14*AR14) -> 1628871.9 | AN14: 1.1407533e+09 | AO14: =AJ14/AN14 -> 2.53e-10 | AP14: 2.3663369e-10 | AQ14: 2.9252667e-10 | AR14: =AE14/(1/3*BC14*AV14) -> 4.0043716e-10 | AS14: =AE14/AN14 -> 4.0043716e-10 | AT14: =(AS14-AO14)/AO14 -> 0.58275557 | AU14: =AJ14/AV14 -> 0.0001373682 | AV14: =X14+Y14*N14 -> 2101 | AW14: 3400 | AX14: =AE14/AU14 -> 3325.3695 | AY14: =(AX14-AV14)/AV14 -> 0.58275557 | AZ14: =AJ14/BA14 -> 0.0031354356 | BA14: 92.048 | BB14: =BC14/1000000 -> 1.6288719 | BC14: =BA14/O14 -> 1628871.9 | BD14: =AE14/(AZ14) -> 145.68948 | BE14: =(BD14-BA14)/BA14 -> 0.58275557 | BF14: =AV14*BC14 -> 3.4222598e+09 | BG14: =BF14*0.0000000001 -> 0.34222598 | BH14: =BF14*T14 -> 0.86583173 | BI14: 14.419082 | BJ14: -0.00017252442 | BK14: 0.94057284 | BL14: =SQRT(BK14)/BI14 -> 0.06726027 | BM14: =SQRT(1/BI14) -> 0.26334871 | BN14: 2.36e-10 | BO14: =BN14*SQRT(BK14/BI14) -> 6.0275304e-11 | BP14: =SQRT(ABS(BJ14))/BI14 -> 0.0009109356 | BQ14: =AV14^(2/3)*O14 -> 0.0092699658 | BR14: =L14/(W14/1000*(X14+Y14*N14)) -> 6.1827252e-10
A15: CaCl2 | B15: 2.5 | C15: 1 | D15: 37 | E15: 36 | F15: =D15*1.6726219E-27 -> 6.188701e-26 | G15: =E15*9.1093856E-31 -> 3.2793788e-29 | H15: =((F15*D15)/(G15*E15)) -> 1939.5775 | I15: =D15/E15 -> 1.0277778 | J15: =(F15)-(G15) -> 6.1854217e-26 | K15: 110.984 | L15: =10^(-0.545+597/N15+546000/N15^2)/1000 -> 0.0033595447 | M15: =N15^-1 -> 0.0009569378 | N15: 1045 | O15: =K15/W15 -> 5.3154148e-05 | P15: 0.000203 | R15: 1e-10 | S15: 1.81e-10 | T15: =S15+R15 -> 2.81e-10 | U15: =S15/R15 -> 1.81 | V15: =T15*10000000000 -> 2.81 | W15: =(Z15+N15*AA15)*1000000 -> 2087965 | X15: 2065.03 | Y15: 0 | Z15: 2.53 | AA15: -0.000423 | AE15: 0.44125 | AF15: =1/3*BC15*AV15*T15 -> 0.3731109 | AG15: =ABS((AE15-AF15)/AE15) -> 0.15442289 | AH15: =1/3*BC15*AV15*AP15 -> 0.3702431 | AI15: =1/3*BC15*AV15*AQ15 -> 0.400395 | AL15: =AE15/(1/3*AV15*T15) -> 2281252.1 | AM15: =AE15/(1/3*AV15*AR15) -> 1928974.6 | AP15: 2.7884018e-10 | AQ15: 3.015484e-10 | AR15: =AE15/(1/3*BC15*AV15) -> 3.3231742e-10 | AV15: =X15+Y15*N15 -> 2065.03 | AW15: 2200 | AZ15: =AJ15/BA15 -> 0 | BA15: 102.533 | BB15: =BC15/1000000 -> 1.9289746 | BC15: =BA15/O15 -> 1928974.6 | BF15: =AV15*BC15 -> 3.9833904e+09 | BG15: =BF15*0.0000000001 -> 0.39833904 | BH15: =BF15*T15 -> 1.1193327 | BI15: 18.811104 | BJ15: -0.00016920232 | BK15: 0.99389548 | BL15: =SQRT(BK15)/BI15 -> 0.052997584 | BM15: =SQRT(1/BI15) -> 0.23056472 | BN15: 2.78e-10 | BO15: =BN15*SQRT(BK15/BI15) -> 6.3901053e-11 | BP15: =SQRT(ABS(BJ15))/BI15 -> 0.00069149472 | BQ15: =AV15^(2/3)*O15 -> 0.008619619 | BR15: =L15/(W15/1000*(X15+Y15*N15)) -> 7.7916752e-10
A16: SrCl2 | C16: 1 | D16: 55 | E16: 54 | F16: =D16*1.6726219E-27 -> 9.1994204e-26 | G16: =E16*9.1093856E-31 -> 4.9190682e-29 | H16: =((F16*D16)/(G16*E16)) -> 1904.7876 | I16: =D16/E16 -> 1.0185185 | J16: =(F16)-(G16) -> 9.1945014e-26 | K16: 158.526 | L16: =10^(-0.439+398/N16+879000/N16^2)/1000 -> 0.0037808819 | M16: =N16^-1 -> 0.00087260035 | N16: 1146 | O16: =K16/W16 -> 5.811897e-05 | P16: 0.000212 | R16: 1.18e-10 | S16: 1.81e-10 | T16: =S16+R16 -> 2.99e-10 | U16: =S16/R16 -> 1.5338983 | V16: =T16*10000000000 -> 2.99 | W16: =(Z16+N16*AA16)*1000000 -> 2727612 | X16: 1873.13 | Y16: 0 | Z16: 3.39 | AA16: -0.000578 | AB16: 1 | AC16: 2 | AD16: =AB16+AC16 -> 3 | AE16: 0.37705 | AF16: =1/3*BC16*AV16*T16 -> 0.33599408 | AG16: =ABS((AE16-AF16)/AE16) -> 0.1088872 | AH16: =1/3*BC16*AV16*AP16 -> 0.32666099 | AI16: =1/3*BC16*AV16*AQ16 -> 0.36759448 | AJ16: 0.33599408 | AK16: =(AE16-AJ16)/AE16 -> 0.1088872 | AL16: =AE16/(1/3*AV16*T16) -> 2019673.2 | AM16: =AE16/(1/3*AV16*AR16) -> 1799756.6 | AN16: 1.123726e+09 | AO16: =AJ16/AN16 -> 2.99e-10 | AP16: 2.9069451e-10 | AQ16: 3.2712108e-10 | AR16: =AE16/(1/3*BC16*AV16) -> 3.3553552e-10 | AS16: =AE16/AN16 -> 3.3553552e-10 | AT16: =(AS16-AO16)/AO16 -> 0.12219238 | AU16: =AJ16/AV16 -> 0.00017937574 | AV16: =X16+Y16*N16 -> 1873.13 | AX16: =AE16/AU16 -> 2102.0122 | AY16: =(AX16-AV16)/AV16 -> 0.12219238 | AZ16: =AJ16/BA16 -> 0.0032121805 | BA16: 104.6 | BB16: =BC16/1000000 -> 1.7997566 | BC16: =BA16/O16 -> 1799756.6 | BD16: =AE16/(AZ16) -> 117.38132 | BE16: =(BD16-BA16)/BA16 -> 0.12219238 | BF16: =AV16*BC16 -> 3.3711781e+09 | BG16: =BF16*0.0000000001 -> 0.33711781 | BH16: =BF16*T16 -> 1.0079822 | BI16: 25.238718 | BJ16: -0.00038382394 | BK16: 0.9081546 | BL16: =SQRT(BK16)/BI16 -> 0.037758315 | BM16: =SQRT(1/BI16) -> 0.19905191 | BN16: 2.9e-10 | BO16: =BN16*SQRT(BK16/BI16) -> 5.501033e-11 | BP16: =SQRT(ABS(BJ16))/BI16 -> 0.00077624486 | BQ16: =AV16^(2/3)*O16 -> 0.0088314061 | BR16: =L16/(W16/1000*(X16+Y16*N16)) -> 7.4001854e-10
A17: NaNO3 | B17: 0.3 | C17: 1 | D17: 26 | E17: 25 | F17: =D17*1.6726219E-27 -> 4.3488169e-26 | G17: =E17*9.1093856E-31 -> 2.2773464e-29 | H17: =((F17*D17)/(G17*E17)) -> 1985.9823 | I17: =D17/E17 -> 1.04 | J17: =(F17)-(G17) -> 4.3465396e-26 | K17: 84.99 | M17: =N17^-1 -> 0.0017148247 | N17: 583.15 | O17: 4.467e-05 | P17: 0.000376 | R17: 1.02e-10 | S17: 2.31e-10 | T17: =S17+R17 -> 3.33e-10 | U17: =S17/R17 -> 2.2647059 | V17: =T17*10000000000 -> 3.33 | W17: =(Z17+N17*AA17)*1000000 -> 1886915.5 | X17: 2490.4882 | Y17: -1.155 | Z17: 2.3339 | AA17: -0.0007665 | AB17: 2 | AC17: 3 | AD17: =AB17+AC17 -> 5 | AE17: 0.51225 | AF17: =1/3*BC17*AV17*T17 -> 0.70252146 | AG17: =ABS((AE17-AF17)/AE17) -> 0.37144258 | AH17: =1/3*BC17*AV17*AP17 -> 0.43236429 | AJ17: 0.6982846 | AK17: =(AE17-AJ17)/AE17 -> -0.36317149 | AL17: =AE17/(1/3*AV17*T17) -> 2539896.5 | AM17: =AE17/(1/3*AV17*AR17) -> 3483322.1 | AN17: 2.0969507e+09 | AO17: =AJ17/AN17 -> 3.33e-10 | AP17: 2.0494365e-10 | AR17: =AE17/(1/3*BC17*AV17) -> 2.4281002e-10 | AS17: =AE17/AN17 -> 2.4428328e-10 | AT17: =(AS17-AO17)/AO17 -> -0.26641658 | AU17: =AJ17/AV17 -> 0.0003843169 | AV17: =X17+Y17*N17 -> 1816.95 | AX17: =AE17/AU17 -> 1332.8844 | AY17: =(AX17-AV17)/AV17 -> -0.26641658 | AZ17: =AJ17/BA17 -> 0.0044876902 | BA17: 155.6 | BB17: =BC17/1000000 -> 3.4833221 | BC17: =BA17/O17 -> 3483322.1 | BD17: =AE17/(AZ17) -> 114.14558 | BE17: =(BD17-BA17)/BA17 -> -0.26641658 | BF17: =AV17*BC17 -> 6.3290222e+09 | BG17: =BF17*0.0000000001 -> 0.63290222 | BH17: =BF17*T17 -> 2.1075644 | BI17: 16.771319 | BJ17: -0.0062307897 | BM17: =SQRT(1/BI17) -> 0.24418354 | BO17: =T17*SQRT(0.9/BI17) -> 7.7140399e-11 | BP17: =SQRT(ABS(BJ17))/BI17 -> 0.0047065679 | BQ17: =AV17^(2/3)*O17 -> 0.0066513725
A18: KNO3 | B18: 0.2 | C18: 1 | D18: 34 | E18: 33 | F18: =D18*1.6726219E-27 -> 5.6869145e-26 | G18: =E18*9.1093856E-31 -> 3.0060972e-29 | H18: =((F18*D18)/(G18*E18)) -> 1949.1203 | I18: =D18/E18 -> 1.030303 | J18: =(F18)-(G18) -> 5.6839084e-26 | K18: 101.1 | M18: =N18^-1 -> 0.0016389412 | N18: 610.15 | O18: 5.406e-05 | P18: 0.00039 | R18: 1.38e-10 | S18: 2.31e-10 | T18: =S18+R18 -> 3.69e-10 | U18: =S18/R18 -> 1.673913 | V18: =T18*10000000000 -> 3.69 | W18: =(Z18+N18*AA18)*1000000 -> 1870200.6 | X18: 2449.928 | Y18: -1.12 | Z18: 2.315 | AA18: -0.000729 | AB18: 2 | AC18: 3 | AD18: =AB18+AC18 -> 5 | AE18: 0.4092 | AF18: =1/3*BC18*AV18*T18 -> 0.56673049 | AG18: =ABS((AE18-AF18)/AE18) -> 0.38497186 | AJ18: 0.53083305 | AK18: =(AE18-AJ18)/AE18 -> -0.29724596 | AL18: =AE18/(1/3*AV18*T18) -> 1883224.6 | AM18: =AE18/(1/3*AV18*AR18) -> 2608213.1 | AN18: 1.4385719e+09 | AO18: =AJ18/AN18 -> 3.69e-10 | AR18: =AE18/(1/3*BC18*AV18) -> 2.6643141e-10 | AS18: =AE18/AN18 -> 2.8444876e-10 | AT18: =(AS18-AO18)/AO18 -> -0.22913616 | AU18: =AJ18/AV18 -> 0.00030048968 | AV18: =X18+Y18*N18 -> 1766.56 | AX18: =AE18/AU18 -> 1361.7772 | AY18: =(AX18-AV18)/AV18 -> -0.22913616 | AZ18: =AJ18/BA18 -> 0.0037647734 | BA18: 141 | BB18: =BC18/1000000 -> 2.6082131 | BC18: =BA18/O18 -> 2608213.1 | BD18: =AE18/(AZ18) -> 108.6918 | BE18: =(BD18-BA18)/BA18 -> -0.22913616 | BF18: =AV18*BC18 -> 4.6075649e+09 | BG18: =BF18*0.0000000001 -> 0.46075649 | BH18: =BF18*T18 -> 1.7001915 | BI18: 23.978198 | BJ18: -0.010344196 | BM18: =SQRT(1/BI18) -> 0.20421692 | BO18: =T18*SQRT(0.9/BI18) -> 7.1489021e-11 | BP18: =SQRT(ABS(BJ18))/BI18 -> 0.0042416208 | BQ18: =AV18^(2/3)*O18 -> 0.007900022
A19: ZrF4 | B19: 0.05 | C19: 1 | D19: 49 | E19: 46 | F19: =D19*1.6726219E-27 -> 8.1958473e-26 | G19: =E19*9.1093856E-31 -> 4.1903174e-29 | H19: =((F19*D19)/(G19*E19)) -> 2083.4601 | I19: =D19/E19 -> 1.0652174 | J19: =(F19)-(G19) -> 8.191657e-26 | K19: 167.21 | M19: =N19^-1 -> 0.00083963056 | N19: 1191 | O19: =K19/W19 -> 4.2928625e-05 | P19: 0.000309 | R19: 7.2e-11 | S19: 1.33e-10 | T19: =S19+R19 -> 2.05e-10 | U19: =S19/R19 -> 1.8472222 | V19: =T19*10000000000 -> 2.05 | W19: =(5.36-0.00123*N19)*1000000 -> 3895070 | X19: 1700 | Y19: 0 | Z19: 5.36 | AA19: -0.00123 | AF19: =1/3*BC19*AV19*T19 -> 0.33284318 | AL19: =AE19/(1/3*AV19*T19) -> 0 | AM19: =AE19/(1/3*AV19*AR19) -> #DIV/0! | AR19: =AE19/(1/3*BC19*AV19) -> 0 | AV19: =X19+Y19*N19 -> 1700 | AZ19: =AJ19/BA19 -> 0 | BA19: 123 | BB19: =BC19/1000000 -> 2.865221 | BC19: =BA19/O19 -> 2865221 | BF19: =AV19*BC19 -> 4.8708758e+09 | BG19: =BF19*0.0000000001 -> 0.48708758 | BH19: =BF19*T19 -> 0.99852953 | BI19: 15.723757 | BJ19: -1.6744797e-08 | BM19: =SQRT(1/BI19) -> 0.2521865 | BO19: =T19*SQRT(0.9/BI19) -> 4.904525e-11 | BP19: =SQRT(ABS(BJ19))/BI19 -> 8.2296928e-06 | BQ19: =AV19^(2/3)*O19 -> 0.0061147625
A20: ThF4 | B20: 0.08 | C20: 1 | D20: 99 | E20: 96 | F20: =D20*1.6726219E-27 -> 1.6558957e-25 | G20: =E20*9.1093856E-31 -> 8.7450102e-29 | H20: =((F20*D20)/(G20*E20)) -> 1952.7049 | I20: =D20/E20 -> 1.03125 | J20: =(F20)-(G20) -> 1.6550212e-25 | K20: 308.0317 | M20: =N20^-1 -> 0.00072254335 | N20: 1384 | O20: =K20/W20 -> 5.0331977e-05 | P20: 0.000121 | R20: 9.4e-11 | S20: 1.33e-10 | T20: =S20+R20 -> 2.27e-10 | U20: =S20/R20 -> 1.4148936 | V20: =T20*10000000000 -> 2.27 | W20: 6120000 | X20: 1362 | Y20: 0 | Z20: 7.34 | AA20: -0.000808 | AF20: =1/3*BC20*AV20*T20 -> 0.34399094 | AL20: =AE20/(1/3*AV20*T20) -> 0 | AM20: =AE20/(1/3*AV20*AR20) -> #DIV/0! | AR20: =AE20/(1/3*BC20*AV20) -> 0 | AV20: =X20+Y20*N20 -> 1362 | AZ20: =AJ20/BA20 -> 0 | BA20: 168 | BB20: =BC20/1000000 -> 3.3378383 | BC20: =BA20/O20 -> 3337838.3 | BF20: =AV20*BC20 -> 4.5461357e+09 | BG20: =BF20*0.0000000001 -> 0.45461357 | BH20: =BF20*T20 -> 1.0319728 | BI20: 17.560605 | BJ20: -2.6317443e-07 | BM20: =SQRT(1/BI20) -> 0.23863287 | BO20: =T20*SQRT(0.9/BI20) -> 5.1389853e-11 | BP20: =SQRT(ABS(BJ20))/BI20 -> 2.9213418e-05 | BQ20: =AV20^(2/3)*O20 -> 0.006184369
A21: UF4 | B21: 0.09 | C21: 1 | D21: 101 | E21: 98 | F21: =D21*1.6726219E-27 -> 1.6893481e-25 | G21: =E21*9.1093856E-31 -> 8.9271979e-29 | H21: =((F21*D21)/(G21*E21)) -> 1950.2904 | I21: =D21/E21 -> 1.0306122 | J21: =(F21)-(G21) -> 1.6884554e-25 | K21: 314.0225 | L21: =10^(11.4-35400/N21+27700000/N21^2)/1000 -> 0.003329486 | M21: =N21^-1 -> 0.00076394194 | N21: 1309 | O21: =K21/W21 -> 4.8535162e-05 | P21: 0.000149 | R21: 8.9e-11 | S21: 1.33e-10 | T21: =S21+R21 -> 2.22e-10 | U21: =S21/R21 -> 1.494382 | V21: =T21*10000000000 -> 2.22 | W21: 6470000 | X21: 1062 | Y21: 0 | Z21: 7.604 | AA21: -0.000791 | AF21: =1/3*BC21*AV21*T21 -> 0.28174032 | AL21: =AE21/(1/3*AV21*T21) -> 0 | AM21: =AE21/(1/3*AV21*AR21) -> #DIV/0! | AR21: =AE21/(1/3*BC21*AV21) -> 0 | AV21: =X21+Y21*N21 -> 1062 | AZ21: =AJ21/BA21 -> 0 | BA21: 174 | BB21: =BC21/1000000 -> 3.5850297 | BC21: =BA21/O21 -> 3585029.7 | BF21: =AV21*BC21 -> 3.8073016e+09 | BG21: =BF21*0.0000000001 -> 0.38073016 | BH21: =BF21*T21 -> 0.84522095 | BI21: 17.594119 | BJ21: -1.2112877e-07 | BM21: =SQRT(1/BI21) -> 0.23840548 | BO21: =T21*SQRT(0.9/BI21) -> 5.0210028e-11 | BP21: =SQRT(ABS(BJ21))/BI21 -> 1.9781359e-05 | BQ21: =AV21^(2/3)*O21 -> 0.0050521104 | BR21: =L21/(W21/1000*(X21+Y21*N21)) -> 4.8456093e-10
A22: UCl3 | C22: 1 | D22: 109 | E22: 107 | F22: =D22*1.6726219E-27 -> 1.8231579e-25 | G22: =E22*9.1093856E-31 -> 9.7470426e-29 | H22: =((F22*D22)/(G22*E22)) -> 1905.435 | I22: =D22/E22 -> 1.0186916 | J22: =(F22)-(G22) -> 1.8221832e-25 | K22: 344.3879 | L22: =0.478*EXP(10900/(8.3144598*N22))/1000 -> 0.0015506403 | M22: =N22^-1 -> 0.00089766607 | N22: 1114 | O22: =K22/W22 -> 7.5193865e-05 | P22: 0.000333 | R22: 1.16e-10 | S22: 1.81e-10 | T22: =S22+R22 -> 2.97e-10 | U22: =S22/R22 -> 1.5603448 | V22: =T22*10000000000 -> 2.97 | W22: 4580000 | X22: 1248 | Y22: 0 | Z22: 6.3747 | AA22: -0.0015222 | AF22: =1/3*BC22*AV22*T22 -> 0.24646692 | AL22: =AE22/(1/3*AV22*T22) -> 0 | AM22: =AE22/(1/3*AV22*AR22) -> #DIV/0! | AR22: =AE22/(1/3*BC22*AV22) -> 0 | AV22: =X22+Y22*N22 -> 1248 | AZ22: =AJ22/BA22 -> 0 | BA22: 150 | BB22: =BC22/1000000 -> 1.9948436 | BC22: =BA22/O22 -> 1994843.6 | BF22: =AV22*BC22 -> 2.4895648e+09 | BG22: =BF22*0.0000000001 -> 0.24895648 | BH22: =BF22*T22 -> 0.73940075 | BI22: 30.854755 | BJ22: -2.5395582e-05 | BM22: =SQRT(1/BI22) -> 0.18002754 | BO22: =T22*SQRT(0.9/BI22) -> 5.0724369e-11 | BP22: =SQRT(ABS(BJ22))/BI22 -> 0.00016332662 | BQ22: =AV22^(2/3)*O22 -> 0.0087161654 | BR22: =L22/(W22/1000*(X22+Y22*N22)) -> 2.7128826e-10
A23: 0.68KCl-0.32MgCl2 | C23: 2 | D23: 33.76 | E23: 33.44 | F23: =D23*1.6726219E-27 -> 5.6467715e-26 | G23: =E23*9.1093856E-31 -> 3.0461785e-29 | H23: =((F23*D23)/(G23*E23)) -> 1871.4621 | I23: =D23/E23 -> 1.0095694 | J23: =(F23)-(G23) -> 5.6437254e-26 | K23: 81.162404 | L23: =0.141*EXP(18800/(8.3144598*N23))/1000 -> 0.0036048873 | M23: =N23^-1 -> 0.0014334862 | N23: 697.6 | O23: 4.6549051e-05 | P23: 0.00030722638 | T23: =0.68*T9+0.32*T14 -> 2.9788e-10 | V23: =T23*10000000000 -> 2.9788 | W23: 1741629.2 | X23: 1968.0306 | AB23: 2 | AC23: 3 | AD23: =AB23+AC23 -> 5 | AE23: 0.43524 | AF23: =1/3*BC23*AV23*T23 -> 0.33375409 | AG23: =ABS((AE23-AF23)/AE23) -> 0.2331723 | AJ23: 0.28255486 | AK23: =(AE23-AJ23)/AE23 -> 0.35080678 | AL23: =AE23/(1/3*AV23*T23) -> 2227290.5 | AM23: =AE23/(1/3*AV23*AR23) -> 1707948 | AN23: 1.1204313e+09 | AO23: =AJ23/AN23 -> 2.52184e-10 | AR23: =AE23/(1/3*BC23*AV23) -> 3.8845754e-10 | AS23: =AE23/AN23 -> 3.8845754e-10 | AT23: =(AS23-AO23)/AO23 -> 0.54037345 | AU23: =AJ23/AV23 -> 0.00014357239 | AV23: =X23+Y23*N23 -> 1968.0306 | AX23: =AE23/AU23 -> 3031.5021 | AY23: =(AX23-AV23)/AV23 -> 0.54037345 | AZ23: =AJ23/BA23 -> 0.0035539989 | BA23: 79.50336 | BB23: =BC23/1000000 -> 1.707948 | BC23: =BA23/O23 -> 1707948 | BD23: =AE23/(AZ23) -> 122.46486 | BE23: =(BD23-BA23)/BA23 -> 0.54037345 | BF23: =AV23*BC23 -> 3.361294e+09 | BG23: =BF23*0.0000000001 -> 0.3361294 | BH23: =BF23*T23 -> 1.0012623 | BI23: 17.256965 | BM23: =SQRT(1/BI23) -> 0.24072311 | BO23: =T23*SQRT(0.9/BI23) -> 6.8026855e-11 | BR23: =L23/(W23/1000*(X23+Y23*N23)) -> 1.0517297e-09
A24: 0.66LiF-0.34BeF2 | C24: 2 | D24: 12.34 | E24: 11.34 | F24: =D24*1.6726219E-27 -> 2.0640154e-26 | G24: =E24*9.1093856E-31 -> 1.0330043e-29 | H24: =((F24*D24)/(G24*E24)) -> 2174.2671 | I24: =D24/E24 -> 1.0881834 | J24: =(F24)-(G24) -> 2.0629824e-26 | K24: 33.10314 | L24: =0.116*EXP(31200/(8.3144598*N24))/1000 -> 0.019398692 | M24: =N24^-1 -> 0.0013642565 | N24: 733 | O24: 1.6714174e-05 | P24: 0.00014095269 | T24: =0.66*T2+0.34*T10 -> 1.9472e-10 | V24: =T24*10000000000 -> 1.9472 | W24: 1986063.4 | X24: 2547.6864 | AB24: 2 | AC24: 3 | AD24: =AB24+AC24 -> 5 | AE24: 1.1 | AF24: =1/3*BC24*AV24*T24 -> 0.71488518 | AG24: =ABS((AE24-AF24)/AE24) -> 0.35010438 | AH24: =1/3*BC24*AV24*AP24 -> 0.60953584 | AI24: =1/3*BC24*AV24*AQ24 -> 1.2830584 | AJ24: 0.62426159 | AK24: =(AE24-AJ24)/AE24 -> 0.43248946 | AL24: =AE24/(1/3*AV24*T24) -> 6652079.2 | AM24: =AE24/(1/3*AV24*AR24) -> 4323157.2 | AN24: 3.6713495e+09 | AO24: =AJ24/AN24 -> 1.70036e-10 | AP24: 1.6602501e-10 | AQ24: 3.494787e-10 | AR24: =AE24/(1/3*BC24*AV24) -> 2.9961735e-10 | AS24: =AE24/AN24 -> 2.9961735e-10 | AT24: =(AS24-AO24)/AO24 -> 0.76208182 | AU24: =AJ24/AV24 -> 0.00024503078 | AV24: =X24+Y24*N24 -> 2547.6864 | AX24: =AE24/AU24 -> 4489.2319 | AY24: =(AX24-AV24)/AV24 -> 0.76208182 | AZ24: =AJ24/BA24 -> 0.0086393422 | BA24: 72.258 | BB24: =BC24/1000000 -> 4.3231572 | BC24: =BA24/O24 -> 4323157.2 | BD24: =AE24/(AZ24) -> 127.32451 | BE24: =(BD24-BA24)/BA24 -> 0.76208182 | BF24: =AV24*BC24 -> 1.1014049e+10 | BG24: =BF24*0.0000000001 -> 1.1014049 | BH24: =BF24*T24 -> 2.1446555 | BI24: 5.433515 | BK24: 0.94088178 | BL24: =SQRT(BK24)/BI24 -> 0.17851991 | BM24: =SQRT(1/BI24) -> 0.42900224 | BO24: =T24*SQRT(0.9/BI24) -> 7.924856e-11 | BR24: =L24/(W24/1000*(X24+Y24*N24)) -> 3.8338347e-09
A25: 0.465LiF-0.115NaF-0.42KF | C25: 3 | D25: 19.64 | E25: 19.64 | F25: =D25*1.6726219E-27 -> 3.2850294e-26 | G25: =E25*9.1093856E-31 -> 1.7890833e-29 | H25: =((F25*D25)/(G25*E25)) -> 1836.1523 | I25: =D25/E25 -> 1 | J25: =(F25)-(G25) -> 3.2832403e-26 | K25: 41.290995 | L25: =10^(0.213+-1200/N25+1350000/N25^2)/1000 -> 0.012003439 | M25: =N25^-1 -> 0.0013605442 | N25: 735 | O25: 1.9405588e-05 | P25: 0.00031252325 | T25: =0.465*T2+0.115*T3+0.42*T4 -> 2.3803e-10 | V25: =T25*10000000000 -> 2.3803 | W25: 2102415.4 | X25: 2012.4687 | AB25: 3 | AC25: 3 | AD25: =AB25+AC25 -> 6 | AE25: 0.78024247 | AF25: =1/3*BC25*AV25*T25 -> 0.54326859 | AG25: =ABS((AE25-AF25)/AE25) -> 0.30371825 | AH25: =1/3*BC25*AV25*AP25 -> 0.48209295 | AI25: =1/3*BC25*AV25*AQ25 -> 0.85046707 | AJ25: 0.39969772 | AK25: =(AE25-AJ25)/AE25 -> 0.48772627 | AL25: =AE25/(1/3*AV25*T25) -> 4886411.1 | AM25: =AE25/(1/3*AV25*AR25) -> 3402318.9 | AN25: 2.2823534e+09 | AO25: =AJ25/AN25 -> 1.7512525e-10 | AP25: 2.1122625e-10 | AQ25: 3.7262724e-10 | AR25: =AE25/(1/3*BC25*AV25) -> 3.4185874e-10 | AS25: =AE25/AN25 -> 3.4185874e-10 | AT25: =(AS25-AO25)/AO25 -> 0.95208136 | AU25: =AJ25/AV25 -> 0.00019861065 | AV25: =X25+Y25*N25 -> 2012.4687 | AX25: =AE25/AU25 -> 3928.5027 | AY25: =(AX25-AV25)/AV25 -> 0.95208136 | AZ25: =AJ25/BA25 -> 0.0060538246 | BA25: 66.024 | BB25: =BC25/1000000 -> 3.4023189 | BC25: =BA25/O25 -> 3402318.9 | BD25: =AE25/(AZ25) -> 128.88422 | BE25: =(BD25-BA25)/BA25 -> 0.95208136 | BF25: =AV25*BC25 -> 6.8470603e+09 | BG25: =BF25*0.0000000001 -> 0.68470603 | BH25: =BF25*T25 -> 1.6298058 | BI25: 8.930149 | BK25: 0.88069482 | BL25: =SQRT(BK25)/BI25 -> 0.10508822 | BM25: =SQRT(1/BI25) -> 0.33463445 | BO25: =T25*SQRT(0.9/BI25) -> 7.5565507e-11 | BR25: =L25/(W25/1000*(X25+Y25*N25)) -> 2.8369915e-09
A26: 0.675LiF-0.2BeF2-0.005ThF4-0.12UF4 | C26: 4 | D26: 23.315 | E26: 22.74 | F26: =D26*1.6726219E-27 -> 3.899718e-26 | G26: =E26*9.1093856E-31 -> 2.0714743e-29 | H26: =((F26*D26)/(G26*E26)) -> 1930.1836 | I26: =D26/E26 -> 1.0252858 | J26: =(F26)-(G26) -> 3.8976465e-26 | K26: 66.133684 | L26: =0.062*EXP(38800/(8.3144598*N26))/1000 -> 0.030468149 | M26: =N26^-1 -> 0.0013280212 | N26: 753 | O26: 1.9202817e-05 | P26: 0.00016787041 | T26: =0.675*T2+0.2*T10+0.005*T20+0.12*T21 -> 2.0225e-10 | V26: =T26*10000000000 -> 2.0225 | W26: 2609440.5 | X26: 1781.4332 | AB26: 4 | AC26: 11 | AD26: =AB26+AC26 -> 15 | AE26: 1.16 | AF26: =1/3*BC26*AV26*T26 -> 0.51681595 | AG26: =ABS((AE26-AF26)/AE26) -> 0.55446901 | AJ26: 0.43510013 | AK26: =(AE26-AJ26)/AE26 -> 0.62491368 | AL26: =AE26/(1/3*AV26*T26) -> 9658755.4 | AM26: =AE26/(1/3*AV26*AR26) -> 4303274.9 | AN26: 2.5553323e+09 | AO26: =AJ26/AN26 -> 1.7027145e-10 | AR26: =AE26/(1/3*BC26*AV26) -> 4.5395271e-10 | AS26: =AE26/AN26 -> 4.5395271e-10 | AT26: =(AS26-AO26)/AO26 -> 1.666053 | AU26: =AJ26/AV26 -> 0.00024424162 | AV26: =X26+Y26*N26 -> 1781.4332 | AX26: =AE26/AU26 -> 4749.3953 | AY26: =(AX26-AV26)/AV26 -> 1.666053 | AZ26: =AJ26/BA26 -> 0.005265325 | BA26: 82.635 | BB26: =BC26/1000000 -> 4.3032749 | BC26: =BA26/O26 -> 4303274.9 | BD26: =AE26/(AZ26) -> 220.30929 | BE26: =(BD26-BA26)/BA26 -> 1.666053 | BF26: =AV26*BC26 -> 7.6659968e+09 | BG26: =BF26*0.0000000001 -> 0.76659968 | BH26: =BF26*T26 -> 1.5504478 | BI26: 6.853106 | BK26: 0.94088178 | BL26: =SQRT(BK26)/BI26 -> 0.14154029 | BM26: =SQRT(1/BI26) -> 0.38199377 | BO26: =T26*SQRT(0.9/BI26) -> 7.3293601e-11 | BR26: =L26/(W26/1000*(X26+Y26*N26)) -> 6.5543424e-09
A27: 0.712LiF-0.23BeF2-0.05ZrF4-0.008UF4 | C27: 4 | D27: 14.792 | E27: 14.388 | F27: =D27*1.6726219E-27 -> 2.4741423e-26 | G27: =E27*9.1093856E-31 -> 1.3106584e-29 | H27: =((F27*D27)/(G27*E27)) -> 1940.7144 | I27: =D27/E27 -> 1.028079 | J27: =(F27)-(G27) -> 2.4728317e-26 | K27: 40.153548 | M27: =N27^-1 -> 0.0014084507 | N27: 710 | O27: 1.6919881e-05 | P27: 0.00018512202 | T27: =0.712*T2+0.23*T10+0.05*T19+0.008*T21 -> 1.99244e-10 | V27: =T27*10000000000 -> 1.99244 | W27: 2163027.6 | X27: 2319.1206 | AB27: 4 | AC27: 11 | AD27: =AB27+AC27 -> 15 | AE27: 1.24 | AF27: =1/3*BC27*AV27*T27 -> 0.6688004 | AG27: =ABS((AE27-AF27)/AE27) -> 0.46064484 | AJ27: 0.58242618 | AK27: =(AE27-AJ27)/AE27 -> 0.53030146 | AL27: =AE27/(1/3*AV27*T27) -> 8050713 | AM27: =AE27/(1/3*AV27*AR27) -> 4342193.6 | AN27: 3.3566903e+09 | AO27: =AJ27/AN27 -> 1.7351204e-10 | AR27: =AE27/(1/3*BC27*AV27) -> 3.694115e-10 | AS27: =AE27/AN27 -> 3.694115e-10 | AT27: =(AS27-AO27)/AO27 -> 1.1290252 | AU27: =AJ27/AV27 -> 0.00025114096 | AV27: =X27+Y27*N27 -> 2319.1206 | AX27: =AE27/AU27 -> 4937.4662 | AY27: =(AX27-AV27)/AV27 -> 1.1290252 | AZ27: =AJ27/BA27 -> 0.0079274662 | BA27: 73.4694 | BB27: =BC27/1000000 -> 4.3421936 | BC27: =BA27/O27 -> 4342193.6 | BD27: =AE27/(AZ27) -> 156.4182 | BE27: =(BD27-BA27)/BA27 -> 1.1290252 | BF27: =AV27*BC27 -> 1.0070071e+10 | BG27: =BF27*0.0000000001 -> 1.0070071 | BH27: =BF27*T27 -> 2.0064012 | BI27: 5.952423 | BK27: 0.94088178 | BL27: =SQRT(BK27)/BI27 -> 0.16295727 | BM27: =SQRT(1/BI27) -> 0.40987658 | BO27: =T27*SQRT(0.9/BI27) -> 7.7474648e-11
A28: 0.73LiF-0.27BeF2 | C28: 2 | D28: 12.27 | E28: 11.73 | F28: =D28*1.6726219E-27 -> 2.0523071e-26 | G28: =E28*9.1093856E-31 -> 1.0685309e-29 | H28: =((F28*D28)/(G28*E28)) -> 2009.1011 | I28: =D28/E28 -> 1.0460358 | J28: =(F28)-(G28) -> 2.0512385e-26 | K28: 31.62817 | L28: =0.118*EXP(30100/(8.3144598*N28))/1000 -> 0.01658596 | M28: =N28^-1 -> 0.0013661202 | N28: 732 | O28: 1.5942466e-05 | P28: 0.00016222659 | T28: =0.73*T2+0.27*T10 -> 1.9766e-10 | V28: =T28*10000000000 -> 1.9766 | W28: 1989043.9 | X28: 2547.6876 | AB28: 2 | AC28: 3 | AD28: =AB28+AC28 -> 5 | AE28: 0.98602842 | AF28: =1/3*BC28*AV28*T28 -> 0.74333871 | AG28: =ABS((AE28-AF28)/AE28) -> 0.24612852 | AJ28: 0.66180311 | AK28: =(AE28-AJ28)/AE28 -> 0.32881944 | AL28: =AE28/(1/3*AV28*T28) -> 5874159.5 | AM28: =AE28/(1/3*AV28*AR28) -> 4428361.3 | AN28: 3.7606936e+09 | AO28: =AJ28/AN28 -> 1.75979e-10 | AR28: =AE28/(1/3*BC28*AV28) -> 2.6219323e-10 | AS28: =AE28/AN28 -> 2.6219323e-10 | AT28: =(AS28-AO28)/AO28 -> 0.48991205 | AU28: =AJ28/AV28 -> 0.0002597662 | AV28: =X28+Y28*N28 -> 2547.6876 | AX28: =AE28/AU28 -> 3795.8304 | AY28: =(AX28-AV28)/AV28 -> 0.48991205 | AZ28: =AJ28/BA28 -> 0.0093741145 | BA28: 70.599 | BB28: =BC28/1000000 -> 4.4283613 | BC28: =BA28/O28 -> 4428361.3 | BD28: =AE28/(AZ28) -> 105.1863 | BE28: =(BD28-BA28)/BA28 -> 0.48991205 | BF28: =AV28*BC28 -> 1.1282081e+10 | BG28: =BF28*0.0000000001 -> 1.1282081 | BH28: =BF28*T28 -> 2.2300161 | BI28: 5.361492 | BK28: 0.94088178 | BL28: =SQRT(BK28)/BI28 -> 0.18091804 | BM28: =SQRT(1/BI28) -> 0.43187411 | BO28: =T28*SQRT(0.9/BI28) -> 8.0983625e-11 | BR28: =L28/(W28/1000*(X28+Y28*N28)) -> 3.2730306e-09
A29: 0.725LiF-0.265BeF2-0.01UF4 | C29: 3 | D29: 13.155 | E29: 12.86 | F29: =D29*1.6726219E-27 -> 2.2003341e-26 | G29: =E29*9.1093856E-31 -> 1.171467e-29 | H29: =((F29*D29)/(G29*E29)) -> 1921.3587 | I29: =D29/E29 -> 1.0229393 | J29: =(F29)-(G29) -> 2.1991626e-26 | K29: 34.40365 | L29: =0.123*EXP(29800/(8.3144598*N29))/1000 -> 0.01645722 | M29: =N29^-1 -> 0.0013661202 | N29: 732 | O29: 1.6204764e-05 | P29: 0.00016258314 | T29: =0.725*T2+0.265*T10+0.01*T21 -> 1.98e-10 | V29: =T29*10000000000 -> 1.98 | W29: 2039490.5 | X29: 2441.8706 | AB29: 3 | AC29: 7 | AD29: =AB29+AC29 -> 10 | AE29: 0.89056772 | AF29: =1/3*BC29*AV29*T29 -> 0.71187944 | AG29: =ABS((AE29-AF29)/AE29) -> 0.20064535 | AJ29: 0.63042336 | AK29: =(AE29-AJ29)/AE29 -> 0.2921107 | AL29: =AE29/(1/3*AV29*T29) -> 5525866.3 | AM29: =AE29/(1/3*AV29*AR29) -> 4417126.9 | AN29: 3.5953507e+09 | AO29: =AJ29/AN29 -> 1.7534405e-10 | AR29: =AE29/(1/3*BC29*AV29) -> 2.4769982e-10 | AS29: =AE29/AN29 -> 2.4769982e-10 | AT29: =(AS29-AO29)/AO29 -> 0.41265025 | AU29: =AJ29/AV29 -> 0.00025817231 | AV29: =X29+Y29*N29 -> 2441.8706 | AX29: =AE29/AU29 -> 3449.5091 | AY29: =(AX29-AV29)/AV29 -> 0.41265025 | AZ29: =AJ29/BA29 -> 0.0088074402 | BA29: 71.5785 | BB29: =BC29/1000000 -> 4.4171269 | BC29: =BA29/O29 -> 4417126.9 | BD29: =AE29/(AZ29) -> 101.11539 | BE29: =(BD29-BA29)/BA29 -> 0.41265025 | BF29: =AV29*BC29 -> 1.0786052e+10 | BG29: =BF29*0.0000000001 -> 1.0786052 | BH29: =BF29*T29 -> 2.1356383 | BI29: 5.481452 | BK29: 0.94088178 | BL29: =SQRT(BK29)/BI29 -> 0.1769587 | BM29: =SQRT(1/BI29) -> 0.42712225 | BO29: =T29*SQRT(0.9/BI29) -> 8.0230341e-11 | BR29: =L29/(W29/1000*(X29+Y29*N29)) -> 3.3045487e-09
A30: 0.72LiF-0.26BeF2-0.02UF4 | C30: 3 | D30: 14.04 | E30: 13.72 | F30: =D30*1.6726219E-27 -> 2.3483611e-26 | G30: =E30*9.1093856E-31 -> 1.2498077e-29 | H30: =((F30*D30)/(G30*E30)) -> 1922.8025 | I30: =D30/E30 -> 1.0233236 | J30: =(F30)-(G30) -> 2.3471113e-26 | K30: 37.17913 | L30: =0.123*EXP(29800/(8.3144598*N30))/1000 -> 0.01645722 | M30: =N30^-1 -> 0.0013661202 | N30: 732 | O30: 1.6467062e-05 | P30: 0.00016292833 | T30: =0.72*T2+0.26*T10+0.02*T21 -> 1.9834e-10 | V30: =T30*10000000000 -> 1.9834 | W30: 2089937.1 | X30: 2348.752 | AB30: 3 | AC30: 7 | AD30: =AB30+AC30 -> 10 | AE30: 0.80397278 | AF30: =1/3*BC30*AV30*T30 -> 0.68421942 | AG30: =ABS((AE30-AF30)/AE30) -> 0.14895201 | AJ30: 0.60277958 | AK30: =(AE30-AJ30)/AE30 -> 0.25024878 | AL30: =AE30/(1/3*AV30*T30) -> 5177440.6 | AM30: =AE30/(1/3*AV30*AR30) -> 4406250.4 | AN30: 3.4497298e+09 | AO30: =AJ30/AN30 -> 1.747324e-10 | AR30: =AE30/(1/3*BC30*AV30) -> 2.3305384e-10 | AS30: =AE30/AN30 -> 2.3305384e-10 | AT30: =(AS30-AO30)/AO30 -> 0.33377575 | AU30: =AJ30/AV30 -> 0.00025663824 | AV30: =X30+Y30*N30 -> 2348.752 | AX30: =AE30/AU30 -> 3132.7085 | AY30: =(AX30-AV30)/AV30 -> 0.33377575 | AZ30: =AJ30/BA30 -> 0.008307555 | BA30: 72.558 | BB30: =BC30/1000000 -> 4.4062504 | BC30: =BA30/O30 -> 4406250.4 | BD30: =AE30/(AZ30) -> 96.776101 | BE30: =(BD30-BA30)/BA30 -> 0.33377575 | BF30: =AV30*BC30 -> 1.034919e+10 | BG30: =BF30*0.0000000001 -> 1.034919 | BH30: =BF30*T30 -> 2.0526583 | BI30: 5.601412 | BK30: 0.94088178 | BL30: =SQRT(BK30)/BI30 -> 0.17316894 | BM30: =SQRT(1/BI30) -> 0.42252386 | BO30: =T30*SQRT(0.9/BI30) -> 7.950287e-11 | BR30: =L30/(W30/1000*(X30+Y30*N30)) -> 3.3526337e-09
A31: 0.32KCl-0.68MgCl2 | C31: 2 | D31: 31.24 | E31: 30.56 | F31: =D31*1.6726219E-27 -> 5.2252708e-26 | G31: =E31*9.1093856E-31 -> 2.7838282e-29 | H31: =((F31*D31)/(G31*E31)) -> 1918.775 | I31: =D31/E31 -> 1.0222513 | J31: =(F31)-(G31) -> 5.222487e-26 | K31: 88.599896 | M31: =N31^-1 -> 0.001433589 | N31: 697.55 | O31: 5.0411903e-05 | P31: 0.00023528262 | T31: =0.32*T9+0.68*T14 -> 2.7412e-10 | V31: =T31*10000000000 -> 2.7412 | W31: 1755710.6 | X31: 2039.5015 | AB31: 2 | AC31: 3 | AD31: =AB31+AC31 -> 5 | AE31: 0.45966667 | AF31: =1/3*BC31*AV31*T31 -> 0.31844809 | AG31: =ABS((AE31-AF31)/AE31) -> 0.30721952 | AJ31: 0.26536257 | AK31: =(AE31-AJ31)/AE31 -> 0.42270652 | AL31: =AE31/(1/3*AV31*T31) -> 2466604.5 | AM31: =AE31/(1/3*AV31*AR31) -> 1708815.5 | AN31: 1.1617105e+09 | AO31: =AJ31/AN31 -> 2.28424e-10 | AR31: =AE31/(1/3*BC31*AV31) -> 3.9568089e-10 | AS31: =AE31/AN31 -> 3.9568089e-10 | AT31: =(AS31-AO31)/AO31 -> 0.73222119 | AU31: =AJ31/AV31 -> 0.00013011149 | AV31: =X31+Y31*N31 -> 2039.5015 | AX31: =AE31/AU31 -> 3532.8677 | AY31: =(AX31-AV31)/AV31 -> 0.73222119 | AZ31: =AJ31/BA31 -> 0.0030804304 | BA31: 86.14464 | BB31: =BC31/1000000 -> 1.7088155 | BC31: =BA31/O31 -> 1708815.5 | BD31: =AE31/(AZ31) -> 149.22157 | BE31: =(BD31-BA31)/BA31 -> 0.73222119 | BF31: =AV31*BC31 -> 3.4851316e+09 | BG31: =BF31*0.0000000001 -> 0.34851316 | BH31: =BF31*T31 -> 0.95534428 | BI31: 15.754556 | BM31: =SQRT(1/BI31) -> 0.25193988 | BO31: =T31*SQRT(0.9/BI31) -> 6.5517738e-11
A32: 0.4598NaCl-0.3891KCl-0.1511MgCl2 | C32: 3 | D32: 31.2639 | E32: 31.1128 | F32: =D32*1.6726219E-27 -> 5.2292684e-26 | G32: =E32*9.1093856E-31 -> 2.8341849e-29 | H32: =((F32*D32)/(G32*E32)) -> 1854.0302 | I32: =D32/E32 -> 1.0048565 | J32: =(F32)-(G32) -> 5.2264342e-26 | K32: 70.265005 | M32: =N32^-1 -> 0.0014824698 | N32: 674.55 | O32: 3.990775e-05 | P32: 0.00032881888 | T32: =0.4598*T8+0.3891*T9+0.1511*T14 -> 2.924746e-10 | V32: =T32*10000000000 -> 2.924746 | W32: 1761445 | X32: 2024.7769 | AB32: 3 | AC32: 4 | AD32: =AB32+AC32 -> 7 | AE32: 0.46554762 | AF32: =1/3*BC32*AV32*T32 -> 0.36878913 | AG32: =ABS((AE32-AF32)/AE32) -> 0.207838 | AJ32: 0.28383634 | AK32: =(AE32-AJ32)/AE32 -> 0.39031728 | AL32: =AE32/(1/3*AV32*T32) -> 2358413.9 | AM32: =AE32/(1/3*AV32*AR32) -> 1868245.9 | AN32: 1.260927e+09 | AO32: =AJ32/AN32 -> 2.2510132e-10 | AR32: =AE32/(1/3*BC32*AV32) -> 3.6921059e-10 | AS32: =AE32/AN32 -> 3.6921059e-10 | AT32: =(AS32-AO32)/AO32 -> 0.64019737 | AU32: =AJ32/AV32 -> 0.00014018154 | AV32: =X32+Y32*N32 -> 2024.7769 | AX32: =AE32/AU32 -> 3321.0338 | AY32: =(AX32-AV32)/AV32 -> 0.64019737 | AZ32: =AJ32/BA32 -> 0.0038069461 | BA32: 74.557489 | BB32: =BC32/1000000 -> 1.8682459 | BC32: =BA32/O32 -> 1868245.9 | BD32: =AE32/(AZ32) -> 122.289 | BE32: =(BD32-BA32)/BA32 -> 0.64019737 | BF32: =AV32*BC32 -> 3.7827811e+09 | BG32: =BF32*0.0000000001 -> 0.37827811 | BH32: =BF32*T32 -> 1.1063674 | BI32: 15.825305 | BM32: =SQRT(1/BI32) -> 0.25137608 | BO32: =T32*SQRT(0.9/BI32) -> 6.9748258e-11
A33: 0.345NaF-0.59KF-0.065MgF2 | C33: 3 | D33: 24.785 | E33: 24.72 | F33: =D33*1.6726219E-27 -> 4.1455934e-26 | G33: =E33*9.1093856E-31 -> 2.2518401e-29 | H33: =((F33*D33)/(G33*E33)) -> 1845.8211 | I33: =D33/E33 -> 1.0026294 | J33: =(F33)-(G33) -> 4.1433415e-26 | K33: 52.812707 | M33: =N33^-1 -> 0.0010416667 | N33: 960 | O33: 2.5195547e-05 | P33: 0.00031944978 | T33: =0.345*T3+0.59*T4+0.065*T11 -> 2.5429e-10 | V33: =T33*10000000000 -> 2.5429 | W33: 2110100.6 | X33: 1885.1934 | AB33: 3 | AC33: 4 | AD33: =AB33+AC33 -> 7 | AE33: 0.82855604 | AF33: =1/3*BC33*AV33*T33 -> 0.4430568 | AG33: =ABS((AE33-AF33)/AE33) -> 0.46526635 | AJ33: 0.33711022 | AK33: =(AE33-AJ33)/AE33 -> 0.59313528 | AL33: =AE33/(1/3*AV33*T33) -> 5185109.6 | AM33: =AE33/(1/3*AV33*AR33) -> 2772652.6 | AN33: 1.7423288e+09 | AO33: =AJ33/AN33 -> 1.9348255e-10 | AR33: =AE33/(1/3*BC33*AV33) -> 4.7554516e-10 | AS33: =AE33/AN33 -> 4.7554516e-10 | AT33: =(AS33-AO33)/AO33 -> 1.4578194 | AU33: =AJ33/AV33 -> 0.00017881997 | AV33: =X33+Y33*N33 -> 1885.1934 | AX33: =AE33/AU33 -> 4633.4649 | AY33: =(AX33-AV33)/AV33 -> 1.4578194 | AZ33: =AJ33/BA33 -> 0.004825615 | BA33: 69.8585 | BB33: =BC33/1000000 -> 2.7726526 | BC33: =BA33/O33 -> 2772652.6 | BD33: =AE33/(AZ33) -> 171.69957 | BE33: =(BD33-BA33)/BA33 -> 1.4578194 | BF33: =AV33*BC33 -> 5.2269865e+09 | BG33: =BF33*0.0000000001 -> 0.52269865 | BH33: =BF33*T33 -> 1.3291704 | BI33: 11.825414 | BK33: 0.86751984 | BL33: =SQRT(BK33)/BI33 -> 0.0787632 | BM33: =SQRT(1/BI33) -> 0.29079827 | BO33: =T33*SQRT(0.9/BI33) -> 7.0152372e-11
A34: 0.582LiCl-0.418KCl | C34: 2 | D34: 26.688 | E34: 26.688 | F34: =D34*1.6726219E-27 -> 4.4638933e-26 | G34: =E34*9.1093856E-31 -> 2.4311128e-29 | H34: =((F34*D34)/(G34*E34)) -> 1836.1523 | I34: =D34/E34 -> 1 | J34: =(F34)-(G34) -> 4.4614622e-26 | K34: 55.835751 | L34: =0.087*EXP(20900/(8.3144598*N34))/1000 -> 0.0046437178 | M34: =N34^-1 -> 0.0015822785 | N34: 632 | O34: 3.2950649e-05 | P34: 0.00033829968 | T34: =0.582*T7+0.418*T9 -> 2.82916e-10 | V34: =T34*10000000000 -> 2.82916 | W34: 1676175.3 | X34: 2084.8843 | AB34: 2 | AC34: 2 | AD34: =AB34+AC34 -> 4 | AE34: 0.58438111 | AF34: =1/3*BC34*AV34*T34 -> 0.40937294 | AG34: =ABS((AE34-AF34)/AE34) -> 0.29947609 | AJ34: 0.33404178 | AK34: =(AE34-AJ34)/AE34 -> 0.42838368 | AL34: =AE34/(1/3*AV34*T34) -> 2972199.4 | AM34: =AE34/(1/3*AV34*AR34) -> 2082096.8 | AN34: 1.446977e+09 | AO34: =AJ34/AN34 -> 2.3085494e-10 | AR34: =AE34/(1/3*BC34*AV34) -> 4.0386344e-10 | AS34: =AE34/AN34 -> 4.0386344e-10 | AT34: =(AS34-AO34)/AO34 -> 0.74942521 | AU34: =AJ34/AV34 -> 0.00016022077 | AV34: =X34+Y34*N34 -> 2084.8843 | AX34: =AE34/AU34 -> 3647.3492 | AY34: =(AX34-AV34)/AV34 -> 0.74942521 | AZ34: =AJ34/BA34 -> 0.0048689566 | BA34: 68.60644 | BB34: =BC34/1000000 -> 2.0820968 | BC34: =BA34/O34 -> 2082096.8 | BD34: =AE34/(AZ34) -> 120.02184 | BE34: =(BD34-BA34)/BA34 -> 0.74942521 | BF34: =AV34*BC34 -> 4.340931e+09 | BG34: =BF34*0.0000000001 -> 0.4340931 | BH34: =BF34*T34 -> 1.2281188 | BI34: 11.149857 | BM34: =SQRT(1/BI34) -> 0.29947829 | BO34: =T34*SQRT(0.9/BI34) -> 8.0379281e-11 | BR34: =L34/(W34/1000*(X34+Y34*N34)) -> 1.3288146e-09
A35: 0.6LiF-0.4NaF | C35: 2 | D35: 15.2 | E35: 15.2 | F35: =D35*1.6726219E-27 -> 2.5423853e-26 | G35: =E35*9.1093856E-31 -> 1.3846266e-29 | H35: =((F35*D35)/(G35*E35)) -> 1836.1523 | I35: =D35/E35 -> 1 | J35: =(F35)-(G35) -> 2.5410007e-26 | K35: 32.3586 | L35: =0.116*EXP(26800/(8.3144598*N35))/1000 -> 0.0039071252 | M35: =N35^-1 -> 0.0010911075 | N35: 916.5 | O35: 1.5885584e-05 | P35: 0.00027773489 | T35: =0.6*T2+0.4*T3 -> 2.194e-10 | V35: =T35*10000000000 -> 2.194 | W35: 2014141.4 | X35: 2298.2284 | AB35: 2 | AC35: 2 | AD35: =AB35+AC35 -> 4 | AE35: 0.86544945 | AF35: =1/3*BC35*AV35*T35 -> 0.70465998 | AG35: =ABS((AE35-AF35)/AE35) -> 0.18578725 | AH35: =1/3*BC35*AV35*AP35 -> 0.61490801 | AI35: =1/3*BC35*AV35*AQ35 -> 0.73223098 | AJ35: 0.56745362 | AK35: =(AE35-AJ35)/AE35 -> 0.34432494 | AL35: =AE35/(1/3*AV35*T35) -> 5149121.7 | AM35: =AE35/(1/3*AV35*AR35) -> 4192480.6 | AN35: 3.2117592e+09 | AO35: =AJ35/AN35 -> 1.7668e-10 | AP35: 1.914552e-10 | AQ35: 2.2798439e-10 | AR35: =AE35/(1/3*BC35*AV35) -> 2.6946274e-10 | AS35: =AE35/AN35 -> 2.6946274e-10 | AT35: =(AS35-AO35)/AO35 -> 0.52514569 | AU35: =AJ35/AV35 -> 0.00024690915 | AV35: =X35+Y35*N35 -> 2298.2284 | AX35: =AE35/AU35 -> 3505.1331 | AY35: =(AX35-AV35)/AV35 -> 0.52514569 | AZ35: =AJ35/BA35 -> 0.0085203247 | BA35: 66.6 | BB35: =BC35/1000000 -> 4.1924806 | BC35: =BA35/O35 -> 4192480.6 | BD35: =AE35/(AZ35) -> 101.5747 | BE35: =(BD35-BA35)/BA35 -> 0.52514569 | BF35: =AV35*BC35 -> 9.6352777e+09 | BG35: =BF35*0.0000000001 -> 0.96352777 | BH35: =BF35*T35 -> 2.1139799 | BI35: 7.21109 | BK35: 0.84938809 | BL35: =SQRT(BK35)/BI35 -> 0.12780627 | BM35: =SQRT(1/BI35) -> 0.37239131 | BO35: =T35*SQRT(0.9/BI35) -> 7.7509943e-11 | BR35: =L35/(W35/1000*(X35+Y35*N35)) -> 8.4406168e-10
A36: 0.63NaCl-0.37UCl3 (ORNL) | C36: 2 | D36: 57.97 | E36: 57.23 | F36: =D36*1.6726219E-27 -> 9.6961892e-26 | G36: =E36*9.1093856E-31 -> 5.2133014e-29 | H36: =((F36*D36)/(G36*E36)) -> 1883.9432 | I36: =D36/E36 -> 1.0129303 | J36: =(F36)-(G36) -> 9.6909759e-26 | K36: 164.24072 | L36: =10^(-1.2675+1704/N36+0/N36^2)/1000 -> 0.0080532167 | M36: =N36^-1 -> 0.0012755102 | N36: 784 | O36: 4.6078431e-05 | P36: 0.00034092676 | T36: =0.63*T8+0.37*T22 -> 2.8818e-10 | V36: =T36*10000000000 -> 2.8818 | W36: 2996639.7 | X36: 1451.7495 | AB36: 2 | AC36: 4 | AD36: =AB36+AC36 -> 6 | AE36: 0.23926258 | AF36: =1/3*BC36*AV36*T36 -> 0.30071201 | AG36: =ABS((AE36-AF36)/AE36) -> 0.25682845 | AH36: =1/3*BC36*AV36*AP36 -> 0.28418198 | AI36: =1/3*BC36*AV36*AQ36 -> 0.2930153 | AJ36: 0.2476864 | AK36: =(AE36-AJ36)/AE36 -> -0.035207434 | AL36: =AE36/(1/3*AV36*T36) -> 1715696.7 | AM36: =AE36/(1/3*AV36*AR36) -> 2156336.4 | AN36: 1.0434868e+09 | AO36: =AJ36/AN36 -> 2.373642e-10 | AP36: 2.7233885e-10 | AQ36: 2.8080404e-10 | AR36: =AE36/(1/3*BC36*AV36) -> 2.2929144e-10 | AS36: =AE36/AN36 -> 2.2929144e-10 | AT36: =(AS36-AO36)/AO36 -> -0.034010028 | AU36: =AJ36/AV36 -> 0.00017061236 | AV36: =X36+Y36*N36 -> 1451.7495 | AX36: =AE36/AU36 -> 1402.3754 | AY36: =(AX36-AV36)/AV36 -> -0.034010028 | AZ36: =AJ36/BA36 -> 0.002492803 | BA36: 99.3606 | BB36: =BC36/1000000 -> 2.1563364 | BC36: =BA36/O36 -> 2156336.4 | BD36: =AE36/(AZ36) -> 95.981343 | BE36: =(BD36-BA36)/BA36 -> -0.034010028 | BF36: =AV36*BC36 -> 3.1304603e+09 | BG36: =BF36*0.0000000001 -> 0.31304603 | BH36: =BF36*T36 -> 0.90213604 | BI36: 20.202092 | BK36: 0.8503299 | BL36: =SQRT(BK36)/BI36 -> 0.045645438 | BM36: =SQRT(1/BI36) -> 0.22248556 | BO36: =T36*SQRT(0.9/BI36) -> 6.0825673e-11 | BR36: =L36/(W36/1000*(X36+Y36*N36)) -> 1.8511567e-09
A37: 0.658NaCl-0.342UCl3 (ANL) | C37: 2 | D37: 55.702 | E37: 55.018 | F37: =D37*1.6726219E-27 -> 9.3168385e-26 | G37: =E37*9.1093856E-31 -> 5.0118018e-29 | H37: =((F37*D37)/(G37*E37)) -> 1882.0912 | I37: =D37/E37 -> 1.0124323 | J37: =(F37)-(G37) -> 9.3118267e-26 | K37: 156.23418 | L37: =10^(-1.2179+1557/N37+0/N37^2)/1000 -> 0.0058623182 | M37: =N37^-1 -> 0.0012755102 | N37: 784 | O37: 4.5172249e-05 | P37: 0.00034144514 | T37: =0.658*T8+0.342*T22 -> 2.87788e-10 | V37: =T37*10000000000 -> 2.87788 | W37: 2899543.9 | X37: 1470.4556 | AB37: 2 | AC37: 4 | AD37: =AB37+AC37 -> 6 | AE37: 0.27567442 | AF37: =1/3*BC37*AV37*T37 -> 0.30324622 | AG37: =ABS((AE37-AF37)/AE37) -> 0.10001579 | AH37: =1/3*BC37*AV37*AP37 -> 0.28696723 | AI37: =1/3*BC37*AV37*AQ37 -> 0.3165179 | AJ37: 0.25155328 | AK37: =(AE37-AJ37)/AE37 -> 0.087498657 | AL37: =AE37/(1/3*AV37*T37) -> 1954308.6 | AM37: =AE37/(1/3*AV37*AR37) -> 2149770.3 | AN37: 1.0537139e+09 | AO37: =AJ37/AN37 -> 2.3873015e-10 | AP37: 2.7233885e-10 | AQ37: 3.0038315e-10 | AR37: =AE37/(1/3*BC37*AV37) -> 2.616217e-10 | AS37: =AE37/AN37 -> 2.616217e-10 | AT37: =(AS37-AO37)/AO37 -> 0.095888798 | AU37: =AJ37/AV37 -> 0.00017107167 | AV37: =X37+Y37*N37 -> 1470.4556 | AX37: =AE37/AU37 -> 1611.4558 | AY37: =(AX37-AV37)/AV37 -> 0.095888798 | AZ37: =AJ37/BA37 -> 0.0025903963 | BA37: 97.10996 | BB37: =BC37/1000000 -> 2.1497703 | BC37: =BA37/O37 -> 2149770.3 | BD37: =AE37/(AZ37) -> 106.42172 | BE37: =(BD37-BA37)/BA37 -> 0.095888798 | BF37: =AV37*BC37 -> 3.1611417e+09 | BG37: =BF37*0.0000000001 -> 0.31611417 | BH37: =BF37*T37 -> 0.90973865 | BI37: 19.72864 | BK37: 0.8503299 | BL37: =SQRT(BK37)/BI37 -> 0.046740847 | BM37: =SQRT(1/BI37) -> 0.22513936 | BO37: =T37*SQRT(0.9/BI37) -> 6.1467473e-11 | BR37: =L37/(W37/1000*(X37+Y37*N37)) -> 1.3749528e-09
A38: (NaF-KF)-.3UF4 | K38: 128.10887 | L38: =0.0767*EXP(39300/(8.3144598*N38))/1000 -> 0.0090410767 | N38: 991 | O38: 3.0243424e-05 | P38: 0.00023876282 | T38: =0.582*T3+0.388*T4+0.3*T21 -> 3.08518e-10 | V38: =T38*10000000000 -> 3.08518 | W38: 3498633.6 | X38: =AV38 -> 1348.6175 | AB38: 3 | AC38: 6 | AD38: =AB38+AC38 -> 9 | AE38: 0.49395062 | AF38: =1/3*BC38*AV38*T38 -> 0.46048979 | AG38: =ABS((AE38-AF38)/AE38) -> 0.067741246 | AJ38: 0.25347402 | AK38: =(AE38-AJ38)/AE38 -> 0.48684341 | AL38: =AE38/(1/3*AV38*T38) -> 3561520.8 | AM38: =AE38/(1/3*AV38*AR38) -> 3320258.9 | AN38: 1.4925865e+09 | AO38: =AJ38/AN38 -> 1.69822e-10 | AR38: =AE38/(1/3*BC38*AV38) -> 3.3093602e-10 | AS38: =AE38/AN38 -> 3.3093602e-10 | AT38: =(AS38-AO38)/AO38 -> 0.94872289 | AU38: =AJ38/AV38 -> 0.000187951 | AV38: 1348.6175 | AX38: =AE38/AU38 -> 2628.0818 | AY38: =(AX38-AV38)/AV38 -> 0.94872289 | AZ38: =AJ38/BA38 -> 0.0025242393 | BA38: 100.416 | BB38: =BC38/1000000 -> 3.3202589 | BC38: =BA38/O38 -> 3320258.9 | BD38: =AE38/(AZ38) -> 195.68296 | BE38: =(BD38-BA38)/BA38 -> 0.94872289 | BF38: =AV38*BC38 -> 4.4777594e+09 | BG38: =BF38*0.0000000001 -> 0.44777594 | BH38: =BF38*T38 -> 1.3814694 | BI38: 13.56083 | BM38: =SQRT(1/BI38) -> 0.27155441 | BO38: =T38*SQRT(0.9/BI38) -> 7.9480141e-11 | BR38: =L38/(W38/1000*(X38+Y38*N38)) -> 1.916165e-09
A39: (NaF-KF)-.4UF4 | K39: 154.66796 | L39: =0.0767*EXP(39300/(8.3144598*N39))/1000 -> 0.0081514268 | N39: 1013 | O39: 3.2645143e-05 | P39: 0.00022077563 | T39: =0.576*T3+0.384*T4+0.4*T21 -> 3.28224e-10 | V39: =T39*10000000000 -> 3.28224 | W39: 3957693.6 | X39: =AV39 -> 1272.126 | AB39: 3 | AC39: 6 | AD39: =AB39+AC39 -> 9 | AE39: 0.45693694 | AF39: =1/3*BC39*AV39*T39 -> 0.4729354 | AG39: =ABS((AE39-AF39)/AE39) -> 0.03501241 | AJ39: 0.24265777 | AK39: =(AE39-AJ39)/AE39 -> 0.46894691 | AL39: =AE39/(1/3*AV39*T39) -> 3283046.6 | AM39: =AE39/(1/3*AV39*AR39) -> 3397994 | AN39: 1.4408922e+09 | AO39: =AJ39/AN39 -> 1.68408e-10 | AR39: =AE39/(1/3*BC39*AV39) -> 3.1712084e-10 | AS39: =AE39/AN39 -> 3.1712084e-10 | AT39: =(AS39-AO39)/AO39 -> 0.8830509 | AU39: =AJ39/AV39 -> 0.00019074979 | AV39: 1272.126 | AX39: =AE39/AU39 -> 2395.478 | AY39: =(AX39-AV39)/AV39 -> 0.8830509 | AZ39: =AJ39/BA39 -> 0.002187525 | BA39: 110.928 | BB39: =BC39/1000000 -> 3.397994 | BC39: =BA39/O39 -> 3397994 | BD39: =AE39/(AZ39) -> 208.88307 | BE39: =(BD39-BA39)/BA39 -> 0.8830509 | BF39: =AV39*BC39 -> 4.3226766e+09 | BG39: =BF39*0.0000000001 -> 0.43226766 | BH39: =BF39*T39 -> 1.4188062 | BI39: 14.137014 | BM39: =SQRT(1/BI39) -> 0.26596296 | BO39: =T39*SQRT(0.9/BI39) -> 8.2815713e-11 | BR39: =L39/(W39/1000*(X39+Y39*N39)) -> 1.619054e-09
A40: (NaF-KF)-.5UF4 | K40: 181.22705 | L40: =0.0767*EXP(39300/(8.3144598*N40))/1000 -> 0.0078587879 | N40: 1021 | O40: 3.494914e-05 | P40: 0.00020501178 | T40: =0.57*T3+0.38*T4+0.5*T21 -> 3.4793e-10 | V40: =T40*10000000000 -> 3.4793 | W40: 4426131.4 | X40: =AV40 -> 1215.1718 | AB40: 3 | AC40: 6 | AD40: =AB40+AC40 -> 9 | AE40: 0.43928571 | AF40: =1/3*BC40*AV40*T40 -> 0.48970392 | AG40: =ABS((AE40-AF40)/AE40) -> 0.11477315 | AJ40: 0.23920093 | AK40: =(AE40-AJ40)/AE40 -> 0.45547755 | AL40: =AE40/(1/3*AV40*T40) -> 3117014.1 | AM40: =AE40/(1/3*AV40*AR40) -> 3474763.6 | AN40: 1.4074783e+09 | AO40: =AJ40/AN40 -> 1.6995e-10 | AR40: =AE40/(1/3*BC40*AV40) -> 3.1210834e-10 | AS40: =AE40/AN40 -> 3.1210834e-10 | AT40: =(AS40-AO40)/AO40 -> 0.83647156 | AU40: =AJ40/AV40 -> 0.00019684536 | AV40: 1215.1718 | AX40: =AE40/AU40 -> 2231.6285 | AY40: =(AX40-AV40)/AV40 -> 0.83647156 | AZ40: =AJ40/BA40 -> 0.0019697047 | BA40: 121.44 | BB40: =BC40/1000000 -> 3.4747636 | BC40: =BA40/O40 -> 3474763.6 | BD40: =AE40/(AZ40) -> 223.02111 | BE40: =(BD40-BA40)/BA40 -> 0.83647156 | BF40: =AV40*BC40 -> 4.2224349e+09 | BG40: =BF40*0.0000000001 -> 0.42224349 | BH40: =BF40*T40 -> 1.4691118 | BI40: 14.713198 | BM40: =SQRT(1/BI40) -> 0.26070326 | BO40: =T40*SQRT(0.9/BI40) -> 8.6051727e-11 | BR40: =L40/(W40/1000*(X40+Y40*N40)) -> 1.4611459e-09
A41: H2O | B41: 0.01 | C41: 1 | D41: 10 | E41: 10 | F41: =D41*1.6726219E-27 -> 1.6726219e-26 | G41: =E41*9.1093856E-31 -> 9.1093856e-30 | H41: =((F41*D41)/(G41*E41)) -> 1836.1523 | I41: =D41/E41 -> 1 | J41: =(F41)-(G41) -> 1.671711e-26 | K41: 18.015 | L41: 0.001793 | M41: =N41^-1 -> 0.0036609921 | N41: 273.15 | O41: 1.802e-05 | P41: 5.1e-05 | T41: 3.1e-10 | V41: =T41*10000000000 -> 3.1 | W41: 999840 | X41: 1403 | Y41: 0 | Z41: 999840 | AA41: 0 | AE41: 0.561 | AF41: =1/3*BC41*AV41*T41 -> 0.60645622 | AG41: =ABS((AE41-AF41)/AE41) -> 0.081027135 | AJ41: =AN41*T41 -> 0.60645622 | AK41: =(AE41-AJ41)/AE41 -> -0.081027135 | AL41: =AE41/(1/3*AV41*T41) -> 3869588.2 | AM41: =AE41/(1/3*AV41*AR41) -> 4183129.9 | AN41: =1/3*BA41/O41*X41 -> 1.9563104e+09 | AO41: =T41 -> 3.1e-10 | AR41: =AE41/(1/3*BC41*AV41) -> 2.8676431e-10 | AS41: =AE41/(1/3*BA41/O41*X41) -> 2.8676431e-10 | AT41: =(AS41-AO41)/AO41 -> -0.07495384 | AU41: =AJ41/AV41 -> 0.00043225675 | AV41: =X41+Y41*N41 -> 1403 | AX41: =AE41/AU41 -> 1297.8398 | AY41: =(AX41-AV41)/AV41 -> -0.07495384 | AZ41: =AJ41/BA41 -> 0.00804532 | BA41: 75.38 | BB41: =BC41/1000000 -> 4.1831299 | BC41: =BA41/O41 -> 4183129.9 | BD41: =AE41/(AZ41) -> 69.72998 | BE41: =(BD41-BA41)/BA41 -> -0.07495384 | BF41: =AV41*BC41 -> 5.8689312e+09 | BG41: =BF41*0.0000000001 -> 0.58689312 | BH41: =BF41*T41 -> 1.8193687 | BR41: =L41/(W41/1000*(X41+Y41*N41)) -> 1.2781803e-09
AG42: =AVERAGE(AG2:AG41) -> 0.26496425
AG43: =MAX(AG2:AG41) -> 0.55446901
AG44: =MIN(AG2:AG41) -> 0.03501241 | AO44: 0
AO45: 250
AF46: Unary Flourides
AF47: Unary Chlorides
AF48: Unary Alkaline Earth Flourides
AF49: Unary Alkaline Earth Chlorides
AF50: Unary Nitrates
G51: LiCl | H51: 5.6672852 | AF51: Fluoride Mixtures
G52: NaCl | H52: 3.6125286 | AF52: Chloride Mixtures
G53: KCl | H53: 2.160308 | AF53: Fluoride Actinide Mixtures
AF54: Chloride Actinide Mixtures
AF55: Water

Sheet ChargeCalcs
AI1: Sep dist. 100 above Tm | AT1: Calculated at PDF peak | AX1: Calculated at r_nominal
A2: Compound | B2: S/cm | C2: order | D2: protons | E2: electrons | F2: Mp/molecule | G2: Me/molecule | H2: ratio of Mpe*# | I2: ratio | J2: Dif mass | K2: M_i (g/mol) | L2: Visc (N*s/m^2) | M2: T_i_m (K) inverse | N2: T_i_m (K) | O2: V_i_m (m^3/mol) | P2: n (ions/m^3) | Q2: alpha_i_m (K^-1) | S2: r_c (m) | T2: r_a (m) | U2: sum_radii | V2: --> Scaled | W2: rho_m (g/m^3) | X2: SoS(T)_A (A+B*T) | Y2: SoS(T)_B | Z2: A (Density (g/cm3): A - BT(K)) | AA2: B (Density (g/cm3): A - BT(K)) | AB2: #_cations | AC2: #_anions | AD2: sum_ions | AE2: n_c (ions/m^3) | AF2: n_a (ions/m^3) | AG2: TC Experimental (W/m-K) | AH2: Exp. Reference | AI2: r_ca | AJ2: r_cc | AK2: r_aa | AM2: ε_r | AN2: ε_r Ref | AP2: ε_r Ref source | AQ2: z_c | AR2: z_a | AS2: λD | AT2: V_ca(r ) | AU2: V_cc(r ) | AV2: V_aa(r ) | AW2: ca-cc dif | AX2: V_ca(r ) | AY2: V_cc(r ) | AZ2: V_aa(r ) | BC2: Visc/(Dens*C0)
A3: LiF | B3: 9.95 | C3: 1 | D3: 12 | E3: 12 | F3: =D3*1.6726219E-27 -> 2.0071463e-26 | G3: =E3*9.1093856E-31 -> 1.0931263e-29 | H3: =((F3*D3)/(G3*E3)) -> 1836.1523 | I3: =D3/E3 -> 1 | J3: =(F3)-(G3) -> 2.0060532e-26 | K3: 25.939 | L3: =0.115*EXP(27000/(8.3144598*N3))/1000 -> 0.0020988673 | M3: =N3^-1 -> 0.00089433439 | N3: 1118.15 | O3: 1.42e-05 | P3: =6.0223E+23/O3 -> 4.2410563e+28 | Q3: 0.000268 | S3: 7.6e-11 | T3: 1.33e-10 | U3: =T3+S3 -> 2.09e-10 | V3: =U3*10000000000 -> 2.09 | W3: 1810000 | X3: 2547.8 | Y3: 0 | Z3: 2.3581 | AA3: -0.0004902 | AB3: 1 | AC3: 1 | AD3: =AB3+AC3 -> 2 | AE3: =6.0223E+23/O3*ABS(AQ3)/(ABS(AQ3)+ABS(AR3)) -> 2.1205282e+28 | AF3: =6.0223E+23/O3*ABS(AR3)/(ABS(AQ3)+ABS(AR3)) -> 2.1205282e+28 | AG3: 1.2596773 | AH3: LiF (Golyshev, 1982),LiF (Golyshev, 1983),LiF (Golyshev, 1992),LiF (Smirnov, 1987),LiF (Khlebnikov, 1981) | AI3: =WalzPDFpeaks!D3*0.000000000001 -> 1.84e-10 | AJ3: =WalzPDFpeaks!F3*0.000000000001 -> 2.82e-10 | AK3: =WalzPDFpeaks!H3*0.000000000001 -> 2.84e-10 | AL3: Walz, 2019 | AM3: 5.9 | AN3: Estimated analogous to molten NaCl | AO3: Chen & Sato (1983) | AP3: https://journal.buct.edu.cn/EN/10.13543/j.bhxbzr.2023.03.007 | AQ3: 1 | AR3: =AQ3*-1 -> -1 | AS3: =SQRT(($AM$46*AM3*$AM$48*N3)/(AE3*(AQ3*$AM$50)^2+AF3*(AR3*$AM$50)^2)) -> 2.7220279e-11 | AT3: =(AQ3*AR3*$AM$50)/(4*PI()*$AM$46*AM3*AI3)*EXP(-AI3/AS3) -> -0.0015379712 | AU3: =(AQ3*AQ3*$AM$50)/(4*PI()*$AM$46*AM3*AJ3)*EXP(-AJ3/AS3) -> 2.741228e-05 | AV3: =(AR3*AR3*$AM$50)/(4*PI()*$AM$46*AM3*AK3)*EXP(-AK3/AS3) -> 2.5291017e-05 | AX3: =(AQ3*AR3*$AM$50)/(4*PI()*$AM$46*AM3*$AM$52)*EXP(-$AM$52/AS3) -> -6.5464269e-05 | AY3: =(AQ3*AQ3*$AM$50)/(4*PI()*$AM$46*AM3*$AM$52)*EXP(-$AM$52/AS3) -> 6.5464269e-05 | AZ3: =(AR3*AR3*$AM$50)/(4*PI()*$AM$46*AM3*$AM$52)*EXP(-$AM$52/AS3) -> 6.5464269e-05 | BC3: =L3/(W3/1000*(X3+Y3*N3)) -> 4.5513588e-10
A4: NaF | B4: 6.9 | C4: 1 | D4: 20 | E4: 20 | F4: =D4*1.6726219E-27 -> 3.3452438e-26 | G4: =E4*9.1093856E-31 -> 1.8218771e-29 | H4: =((F4*D4)/(G4*E4)) -> 1836.1523 | I4: =D4/E4 -> 1 | J4: =(F4)-(G4) -> 3.3434219e-26 | K4: 41.988 | L4: =0.12*EXP(26500/(8.3144598*N4))/1000 -> 0.0014814456 | M4: =N4^-1 -> 0.00078855025 | N4: 1268.15 | O4: 2.16e-05 | P4: =6.0223E+23/O4 -> 2.7881019e+28 | Q4: 0.000288 | S4: 1.02e-10 | T4: 1.33e-10 | U4: =T4+S4 -> 2.35e-10 | V4: =U4*10000000000 -> 2.35 | W4: 1950000 | X4: 2085.5 | Y4: 0 | Z4: 2.755 | AA4: -0.000636 | AB4: 1 | AC4: 1 | AD4: =AB4+AC4 -> 2 | AE4: =6.0223E+23/O4*ABS(AQ4)/(ABS(AQ4)+ABS(AR4)) -> 1.3940509e+28 | AF4: =6.0223E+23/O4*ABS(AR4)/(ABS(AQ4)+ABS(AR4)) -> 1.3940509e+28 | AG4: 1.179152 | AH4: NaF (Smirnov, 1987),NaF (Polyakov, 1975) | AI4: =WalzPDFpeaks!D4*0.000000000001 -> 2.14e-10 | AJ4: =WalzPDFpeaks!F4*0.000000000001 -> 3.26e-10 | AK4: =WalzPDFpeaks!H4*0.000000000001 -> 3.34e-10 | AL4: Walz, 2020 | AM4: 5.9 | AN4: Estimated from alkali-halide trend (NaCl) | AO4: Chen & Sato (1983) | AP4: https://journal.buct.edu.cn/EN/10.13543/j.bhxbzr.2023.03.007 | AQ4: 1 | AR4: =AQ4*-1 -> -1 | AS4: =SQRT(($AM$46*AM4*$AM$48*N4)/(AE4*(AQ4*$AM$50)^2+AF4*(AR4*$AM$50)^2)) -> 3.575284e-11 | AT4: =(AQ4*AR4*$AM$50)/(4*PI()*$AM$46*AM4*AI4)*EXP(-AI4/AS4) -> -0.0028678188 | AU4: =(AQ4*AQ4*$AM$50)/(4*PI()*$AM$46*AM4*AJ4)*EXP(-AJ4/AS4) -> 8.2085995e-05 | AV4: =(AR4*AR4*$AM$50)/(4*PI()*$AM$46*AM4*AK4)*EXP(-AK4/AS4) -> 6.4056491e-05 | AX4: =(AQ4*AR4*$AM$50)/(4*PI()*$AM$46*AM4*$AM$52)*EXP(-$AM$52/AS4) -> -0.00064235936 | AY4: =(AQ4*AQ4*$AM$50)/(4*PI()*$AM$46*AM4*$AM$52)*EXP(-$AM$52/AS4) -> 0.00064235936 | AZ4: =(AR4*AR4*$AM$50)/(4*PI()*$AM$46*AM4*$AM$52)*EXP(-$AM$52/AS4) -> 0.00064235936 | BC4: =L4/(W4/1000*(X4+Y4*N4)) -> 3.6428469e-10
A5: KF | B5: 5.1 | C5: 1 | D5: 28 | E5: 28 | F5: =D5*1.6726219E-27 -> 4.6833413e-26 | G5: =E5*9.1093856E-31 -> 2.550628e-29 | H5: =((F5*D5)/(G5*E5)) -> 1836.1523 | I5: =D5/E5 -> 1 | J5: =(F5)-(G5) -> 4.6807907e-26 | K5: 58.097 | L5: =0.107*EXP(23800/(8.3144598*N5))/1000 -> 0.001350063 | M5: =N5^-1 -> 0.00088562193 | N5: 1129.15 | O5: 3.04e-05 | P5: =6.0223E+23/O5 -> 1.9810197e+28 | Q5: 0.000341 | S5: 1.38e-10 | T5: 1.33e-10 | U5: =T5+S5 -> 2.71e-10 | V5: =U5*10000000000 -> 2.71 | W5: 1910000 | X5: 1816.4 | Y5: 0 | Z5: 2.6464 | AA5: -0.0006515 | AB5: 1 | AC5: 1 | AD5: =AB5+AC5 -> 2 | AE5: =6.0223E+23/O5*ABS(AQ5)/(ABS(AQ5)+ABS(AR5)) -> 9.9050987e+27 | AF5: =6.0223E+23/O5*ABS(AR5)/(ABS(AQ5)+ABS(AR5)) -> 9.9050987e+27 | AG5: 0.62277172 | AH5: KF (Smirnov, 1987) | AI5: =WalzPDFpeaks!D5*0.000000000001 -> 2.44e-10 | AJ5: =WalzPDFpeaks!F5*0.000000000001 -> 3.8e-10 | AK5: =WalzPDFpeaks!H5*0.000000000001 -> 3.84e-10 | AL5: Walz, 2021 | AM5: 5.9 | AN5: Estimated from KCl analogy | AO5: Chen & Sato (1983) | AP5: https://journal.buct.edu.cn/EN/10.13543/j.bhxbzr.2023.03.007 | AQ5: 1 | AR5: =AQ5*-1 -> -1 | AS5: =SQRT(($AM$46*AM5*$AM$48*N5)/(AE5*(AQ5*$AM$50)^2+AF5*(AR5*$AM$50)^2)) -> 4.0023123e-11 | AT5: =(AQ5*AR5*$AM$50)/(4*PI()*$AM$46*AM5*AI5)*EXP(-AI5/AS5) -> -0.0022511072 | AU5: =(AQ5*AQ5*$AM$50)/(4*PI()*$AM$46*AM5*AJ5)*EXP(-AJ5/AS5) -> 4.8334169e-05 | AV5: =(AR5*AR5*$AM$50)/(4*PI()*$AM$46*AM5*AK5)*EXP(-AK5/AS5) -> 4.3281497e-05 | AX5: =(AQ5*AR5*$AM$50)/(4*PI()*$AM$46*AM5*$AM$52)*EXP(-$AM$52/AS5) -> -0.0013975067 | AY5: =(AQ5*AQ5*$AM$50)/(4*PI()*$AM$46*AM5*$AM$52)*EXP(-$AM$52/AS5) -> 0.0013975067 | AZ5: =(AR5*AR5*$AM$50)/(4*PI()*$AM$46*AM5*$AM$52)*EXP(-$AM$52/AS5) -> 0.0013975067 | BC5: =L5/(W5/1000*(X5+Y5*N5)) -> 3.8914297e-10
A6: RbF | C6: 1 | D6: 46 | E6: 46 | F6: =D6*1.6726219E-27 -> 7.6940607e-26 | G6: =E6*9.1093856E-31 -> 4.1903174e-29 | H6: =((F6*D6)/(G6*E6)) -> 1836.1523 | I6: =D6/E6 -> 1 | J6: =(F6)-(G6) -> 7.6898704e-26 | K6: 104.4662 | L6: =0.115*EXP(27000/(8.3144598*N6))/1000 -> 0.0025481161 | M6: =N6^-1 -> 0.00095406192 | N6: 1048.15 | O6: 3.57e-05 | P6: =6.0223E+23/O6 -> 1.6869188e+28 | Q6: 0.000349 | S6: 1.52e-10 | T6: 1.33e-10 | U6: =T6+S6 -> 2.85e-10 | V6: =U6*10000000000 -> 2.85 | W6: =K6/O6 -> 2926224.1 | X6: 1760.4 | Y6: 0 | Z6: =W6*100^3/1000 -> 2.9262241e+09 | AA6: 0 | AE6: =6.0223E+23/O6*ABS(AQ6)/(ABS(AQ6)+ABS(AR6)) -> 8.4345938e+27 | AF6: =6.0223E+23/O6*ABS(AR6)/(ABS(AQ6)+ABS(AR6)) -> 8.4345938e+27 | AI6: =WalzPDFpeaks!D6*0.000000000001 -> 2.56e-10 | AJ6: =WalzPDFpeaks!F6*0.000000000001 -> 4e-10 | AK6: =WalzPDFpeaks!H6*0.000000000001 -> 4.06e-10 | AL6: Walz, 2022 | AM6: 5.9 | AN6: Same series assumption based on KCl | AO6: Chen & Sato (1983) | AP6: https://journal.buct.edu.cn/EN/10.13543/j.bhxbzr.2023.03.007 | AQ6: 1 | AR6: =AQ6*-1 -> -1 | AS6: =SQRT(($AM$46*AM6*$AM$48*N6)/(AE6*(AQ6*$AM$50)^2+AF6*(AR6*$AM$50)^2)) -> 4.1787288e-11 | AT6: =(AQ6*AR6*$AM$50)/(4*PI()*$AM$46*AM6*AI6)*EXP(-AI6/AS6) -> -0.0020826139 | AU6: =(AQ6*AQ6*$AM$50)/(4*PI()*$AM$46*AM6*AJ6)*EXP(-AJ6/AS6) -> 4.2481467e-05 | AV6: =(AR6*AR6*$AM$50)/(4*PI()*$AM$46*AM6*AK6)*EXP(-AK6/AS6) -> 3.625564e-05 | AX6: =(AQ6*AR6*$AM$50)/(4*PI()*$AM$46*AM6*$AM$52)*EXP(-$AM$52/AS6) -> -0.0018393987 | AY6: =(AQ6*AQ6*$AM$50)/(4*PI()*$AM$46*AM6*$AM$52)*EXP(-$AM$52/AS6) -> 0.0018393987 | AZ6: =(AR6*AR6*$AM$50)/(4*PI()*$AM$46*AM6*$AM$52)*EXP(-$AM$52/AS6) -> 0.0018393987 | BC6: =L6/(W6/1000*(X6+Y6*N6)) -> 4.9465257e-10
A7: CsF | C7: 1 | D7: 64 | E7: 64 | F7: =D7*1.6726219E-27 -> 1.070478e-25 | G7: =E7*9.1093856E-31 -> 5.8300068e-29 | H7: =((F7*D7)/(G7*E7)) -> 1836.1523 | I7: =D7/E7 -> 1 | J7: =(F7)-(G7) -> 1.069895e-25 | K7: 58.44 | L7: =0.115*EXP(27000/(8.3144598*N7))/1000 -> 0.0034453112 | M7: =N7^-1 -> 0.001046956 | N7: 955.15 | O7: 4.57e-05 | P7: =6.0223E+23/O7 -> 1.3177899e+28 | Q7: 0.000385 | S7: 1.67e-10 | T7: 1.33e-10 | U7: =T7+S7 -> 3e-10 | V7: =U7*10000000000 -> 3 | W7: 2196977.2 | X7: 2732.9322 | Y7: -0.915 | Z7: 4.8985 | AA7: -0.000543 | AE7: =6.0223E+23/O7*ABS(AQ7)/(ABS(AQ7)+ABS(AR7)) -> 6.5889497e+27 | AF7: =6.0223E+23/O7*ABS(AR7)/(ABS(AQ7)+ABS(AR7)) -> 6.5889497e+27 | AI7: =WalzPDFpeaks!D7*0.000000000001 -> 2.76e-10 | AJ7: =WalzPDFpeaks!F7*0.000000000001 -> 4.24e-10 | AK7: =WalzPDFpeaks!H7*0.000000000001 -> 4.28e-10 | AL7: Walz, 2023 | AM7: 5.9 | AN7: Same trend as above | AO7: Chen & Sato (1983) | AP7: https://journal.buct.edu.cn/EN/10.13543/j.bhxbzr.2023.03.007 | AQ7: 1 | AR7: =AQ7*-1 -> -1 | AS7: =SQRT(($AM$46*AM7*$AM$48*N7)/(AE7*(AQ7*$AM$50)^2+AF7*(AR7*$AM$50)^2)) -> 4.5132797e-11 | AT7: =(AQ7*AR7*$AM$50)/(4*PI()*$AM$46*AM7*AI7)*EXP(-AI7/AS7) -> -0.0019530232 | AU7: =(AQ7*AQ7*$AM$50)/(4*PI()*$AM$46*AM7*AJ7)*EXP(-AJ7/AS7) -> 4.7874808e-05 | AV7: =(AR7*AR7*$AM$50)/(4*PI()*$AM$46*AM7*AK7)*EXP(-AK7/AS7) -> 4.3404901e-05 | AX7: =(AQ7*AR7*$AM$50)/(4*PI()*$AM$46*AM7*$AM$52)*EXP(-$AM$52/AS7) -> -0.0029196881 | AY7: =(AQ7*AQ7*$AM$50)/(4*PI()*$AM$46*AM7*$AM$52)*EXP(-$AM$52/AS7) -> 0.0029196881 | AZ7: =(AR7*AR7*$AM$50)/(4*PI()*$AM$46*AM7*$AM$52)*EXP(-$AM$52/AS7) -> 0.0029196881 | BC7: =L7/(W7/1000*(X7+Y7*N7)) -> 8.4358824e-10
A8: LiCl | B8: 3.67 | C8: 1 | D8: 20 | E8: 20 | F8: =D8*1.6726219E-27 -> 3.3452438e-26 | G8: =E8*9.1093856E-31 -> 1.8218771e-29 | H8: =((F8*D8)/(G8*E8)) -> 1836.1523 | I8: =D8/E8 -> 1 | J8: =(F8)-(G8) -> 3.3434219e-26 | K8: 42.394 | L8: =0.0726*EXP(22400/(8.3144598*N8))/1000 -> 0.0015609789 | M8: =N8^-1 -> 0.0011388225 | N8: 878.1 | O8: =K8/W8 -> 2.8281521e-05 | P8: =6.0223E+23/O8 -> 2.1294116e+28 | Q8: 0.000288 | S8: 7.6e-11 | T8: 1.81e-10 | U8: =T8+S8 -> 2.57e-10 | V8: =U8*10000000000 -> 2.57 | W8: 1499000 | X8: 2787.9043 | Y8: -0.849 | Z8: 1.8842 | AA8: -0.0004328 | AB8: 1 | AC8: 1 | AD8: =AB8+AC8 -> 2 | AE8: =6.0223E+23/O8*ABS(AQ8)/(ABS(AQ8)+ABS(AR8)) -> 1.0647058e+28 | AF8: =6.0223E+23/O8*ABS(AR8)/(ABS(AQ8)+ABS(AR8)) -> 1.0647058e+28 | AG8: 0.65551426 | AH8: LiCl (Nagasaka, 1992) | AI8: =WalzPDFpeaks!D8*0.000000000001 -> 2.36e-10 | AJ8: =WalzPDFpeaks!F8*0.000000000001 -> 3.52e-10 | AK8: =WalzPDFpeaks!H8*0.000000000001 -> 3.62e-10 | AL8: Walz, 2024 | AM8: 5.9 | AN8: Analogous to NaCl molten behavior | AO8: Chen & Sato (1983) | AP8: https://journal.buct.edu.cn/EN/10.13543/j.bhxbzr.2023.03.007 | AQ8: 1 | AR8: =AQ8*-1 -> -1 | AS8: =SQRT(($AM$46*AM8*$AM$48*N8)/(AE8*(AQ8*$AM$50)^2+AF8*(AR8*$AM$50)^2)) -> 3.4042522e-11 | AT8: =(AQ8*AR8*$AM$50)/(4*PI()*$AM$46*AM8*AI8)*EXP(-AI8/AS8) -> -0.0010087663 | AU8: =(AQ8*AQ8*$AM$50)/(4*PI()*$AM$46*AM8*AJ8)*EXP(-AJ8/AS8) -> 2.2402687e-05 | AV8: =(AR8*AR8*$AM$50)/(4*PI()*$AM$46*AM8*AK8)*EXP(-AK8/AS8) -> 1.623903e-05 | AX8: =(AQ8*AR8*$AM$50)/(4*PI()*$AM$46*AM8*$AM$52)*EXP(-$AM$52/AS8) -> -0.00044547221 | AY8: =(AQ8*AQ8*$AM$50)/(4*PI()*$AM$46*AM8*$AM$52)*EXP(-$AM$52/AS8) -> 0.00044547221 | AZ8: =(AR8*AR8*$AM$50)/(4*PI()*$AM$46*AM8*$AM$52)*EXP(-$AM$52/AS8) -> 0.00044547221 | BC8: =L8/(W8/1000*(X8+Y8*N8)) -> 5.0986493e-10
A9: NaCl | B9: 3.94 | C9: 1 | D9: 28 | E9: 28 | F9: =D9*1.6726219E-27 -> 4.6833413e-26 | G9: =E9*9.1093856E-31 -> 2.550628e-29 | H9: =((F9*D9)/(G9*E9)) -> 1836.1523 | I9: =D9/E9 -> 1 | J9: =(F9)-(G9) -> 4.6807907e-26 | K9: 58.44 | L9: =0.0893*EXP(22000/(8.3144598*N9))/1000 -> 0.0010321391 | M9: =N9^-1 -> 0.00092494104 | N9: 1081.15 | O9: 3.765e-05 | P9: =6.0223E+23/O9 -> 1.5995485e+28 | Q9: 0.00035 | S9: 1.02e-10 | T9: 1.81e-10 | U9: =T9+S9 -> 2.83e-10 | V9: =U9*10000000000 -> 2.83 | W9: 1560000 | X9: 2732.9322 | Y9: -0.915 | Z9: 2.1393 | AA9: -0.000543 | AB9: 1 | AC9: 1 | AD9: =AB9+AC9 -> 2 | AE9: =6.0223E+23/O9*ABS(AQ9)/(ABS(AQ9)+ABS(AR9)) -> 7.9977424e+27 | AF9: =6.0223E+23/O9*ABS(AR9)/(ABS(AQ9)+ABS(AR9)) -> 7.9977424e+27 | AG9: 0.5263607 | AH9: NaCl (Nagasaka 1992) | AI9: =WalzPDFpeaks!D9*0.000000000001 -> 2.64e-10 | AJ9: =WalzPDFpeaks!F9*0.000000000001 -> 3.96e-10 | AK9: =WalzPDFpeaks!H9*0.000000000001 -> 4.04e-10 | AL9: Walz, 2025 | AM9: 5.9 | AN9: Measured molten NaCl at ~1074 K | AO9: Chen & Sato (1983) | AP9: https://journal.buct.edu.cn/EN/10.13543/j.bhxbzr.2023.03.007 | AQ9: 1 | AR9: =AQ9*-1 -> -1 | AS9: =SQRT(($AM$46*AM9*$AM$48*N9)/(AE9*(AQ9*$AM$50)^2+AF9*(AR9*$AM$50)^2)) -> 4.3583673e-11 | AT9: =(AQ9*AR9*$AM$50)/(4*PI()*$AM$46*AM9*AI9)*EXP(-AI9/AS9) -> -0.0021636637 | AU9: =(AQ9*AQ9*$AM$50)/(4*PI()*$AM$46*AM9*AJ9)*EXP(-AJ9/AS9) -> 6.9786182e-05 | AV9: =(AR9*AR9*$AM$50)/(4*PI()*$AM$46*AM9*AK9)*EXP(-AK9/AS9) -> 5.6933298e-05 | AX9: =(AQ9*AR9*$AM$50)/(4*PI()*$AM$46*AM9*$AM$52)*EXP(-$AM$52/AS9) -> -0.0023782148 | AY9: =(AQ9*AQ9*$AM$50)/(4*PI()*$AM$46*AM9*$AM$52)*EXP(-$AM$52/AS9) -> 0.0023782148 | AZ9: =(AR9*AR9*$AM$50)/(4*PI()*$AM$46*AM9*$AM$52)*EXP(-$AM$52/AS9) -> 0.0023782148 | BC9: =L9/(W9/1000*(X9+Y9*N9)) -> 3.7944326e-10
A10: KCl | B10: 3.34 | C10: 1 | D10: 36 | E10: 36 | F10: =D10*1.6726219E-27 -> 6.0214388e-26 | G10: =E10*9.1093856E-31 -> 3.2793788e-29 | H10: =((F10*D10)/(G10*E10)) -> 1836.1523 | I10: =D10/E10 -> 1 | J10: =(F10)-(G10) -> 6.0181595e-26 | K10: 74.5513 | L10: =0.0708*EXP(23900/(8.3144598*N10))/1000 -> 0.0011078669 | M10: =N10^-1 -> 0.00095680046 | N10: 1045.15 | O10: 4.884e-05 | P10: =6.0223E+23/O10 -> 1.2330672e+28 | Q10: 0.000382 | S10: 1.38e-10 | T10: 1.81e-10 | U10: =T10+S10 -> 3.19e-10 | V10: =U10*10000000000 -> 3.19 | W10: 1530000 | X10: 2514.8257 | Y10: -0.878 | Z10: 2.1359 | AA10: -0.0005831 | AB10: 1 | AC10: 1 | AD10: =AB10+AC10 -> 2 | AE10: =6.0223E+23/O10*ABS(AQ10)/(ABS(AQ10)+ABS(AR10)) -> 6.1653358e+27 | AF10: =6.0223E+23/O10*ABS(AR10)/(ABS(AQ10)+ABS(AR10)) -> 6.1653358e+27 | AG10: 0.36749822 | AH10: KCl (Harada, 1992),KCl (Nagasaka, 1992) | AI10: =WalzPDFpeaks!D10*0.000000000001 -> 2.96e-10 | AJ10: =WalzPDFpeaks!F10*0.000000000001 -> 4.38e-10 | AK10: =WalzPDFpeaks!H10*0.000000000001 -> 4.52e-10 | AL10: Walz, 2026 | AM10: 5.2 | AN10: Measured molten KCl at ~1043 K (by analogy to NaCl) | AO10: Chen & Sato (1983) | AP10: https://journal.buct.edu.cn/EN/10.13543/j.bhxbzr.2023.03.007 | AQ10: 1 | AR10: =AQ10*-1 -> -1 | AS10: =SQRT(($AM$46*AM10*$AM$48*N10)/(AE10*(AQ10*$AM$50)^2+AF10*(AR10*$AM$50)^2)) -> 4.5819587e-11 | AT10: =(AQ10*AR10*$AM$50)/(4*PI()*$AM$46*AM10*AI10)*EXP(-AI10/AS10) -> -0.0014635736 | AU10: =(AQ10*AQ10*$AM$50)/(4*PI()*$AM$46*AM10*AJ10)*EXP(-AJ10/AS10) -> 4.4596955e-05 | AV10: =(AR10*AR10*$AM$50)/(4*PI()*$AM$46*AM10*AK10)*EXP(-AK10/AS10) -> 3.1837859e-05 | AX10: =(AQ10*AR10*$AM$50)/(4*PI()*$AM$46*AM10*$AM$52)*EXP(-$AM$52/AS10) -> -0.0036120436 | AY10: =(AQ10*AQ10*$AM$50)/(4*PI()*$AM$46*AM10*$AM$52)*EXP(-$AM$52/AS10) -> 0.0036120436 | AZ10: =(AR10*AR10*$AM$50)/(4*PI()*$AM$46*AM10*$AM$52)*EXP(-$AM$52/AS10) -> 0.0036120436 | BC10: =L10/(W10/1000*(X10+Y10*N10)) -> 4.5335792e-10
A11: BeF2 | B11: 0.52 | C11: 1 | D11: 13 | E11: 12 | F11: =D11*1.6726219E-27 -> 2.1744085e-26 | G11: =E11*9.1093856E-31 -> 1.0931263e-29 | H11: =((F11*D11)/(G11*E11)) -> 2154.9287 | I11: =D11/E11 -> 1.0833333 | J11: =(F11)-(G11) -> 2.1733153e-26 | K11: 47.01 | L11: =10^(-8.12+11500/N11+639000/N11^2)/1000 -> 1.5280163 | M11: =N11^-1 -> 0.00093444844 | N11: 1070.15 | O11: 2.4e-05 | P11: =6.0223E+23/O11 -> 2.5092917e+28 | Q11: 7.42e-06 | S11: 3.4e-11 | T11: 1.33e-10 | U11: =T11+S11 -> 1.67e-10 | V11: =U11*10000000000 -> 1.67 | W11: 1960000 | X11: 2547.8 | Y11: 0 | Z11: 1.972 | AA11: -1.45e-05 | AB11: 1 | AC11: 2 | AD11: =AB11+AC11 -> 3 | AE11: =6.0223E+23/O11*ABS(AQ11)/(ABS(AQ11)+ABS(AR11)) -> 1.6728611e+28 | AF11: =6.0223E+23/O11*ABS(AR11)/(ABS(AQ11)+ABS(AR11)) -> 8.3643056e+27 | AM11: 5.9 | AN11: Estimated via similarity to LiF/NaCl family | AO11: Chen & Sato (1983) | AP11: https://journal.buct.edu.cn/EN/10.13543/j.bhxbzr.2023.03.007 | AQ11: 2 | AR11: -1 | AS11: =SQRT(($AM$46*AM11*$AM$48*N11)/(AE11*(AQ11*$AM$50)^2+AF11*(AR11*$AM$50)^2)) -> 1.9987832e-11 | AX11: =(AQ11*AR11*$AM$50)/(4*PI()*$AM$46*AM11*$AM$52)*EXP(-$AM$52/AS11) -> -4.1051313e-06 | AY11: =(AQ11*AQ11*$AM$50)/(4*PI()*$AM$46*AM11*$AM$52)*EXP(-$AM$52/AS11) -> 8.2102625e-06 | AZ11: =(AR11*AR11*$AM$50)/(4*PI()*$AM$46*AM11*$AM$52)*EXP(-$AM$52/AS11) -> 2.0525656e-06
A12: MgF2 | B12: 0.02 | C12: 1 | D12: 21 | E12: 20 | F12: =D12*1.6726219E-27 -> 3.512506e-26 | G12: =E12*9.1093856E-31 -> 1.8218771e-29 | H12: =((F12*D12)/(G12*E12)) -> 2024.3579 | I12: =D12/E12 -> 1.05 | J12: =(F12)-(G12) -> 3.5106841e-26 | K12: 62.3018 | L12: =0.187*EXP(32100/(8.3144598*N12))/1000 -> 0.002315921 | M12: =N12^-1 -> 0.0006518055 | N12: 1534.2 | O12: =K12/W12 -> 2.557462e-05 | P12: =6.0223E+23/O12 -> 2.3547955e+28 | Q12: 0.000216 | S12: 7.2e-11 | T12: 1.33e-10 | U12: =T12+S12 -> 2.05e-10 | V12: =U12*10000000000 -> 2.05 | W12: =(Z12+N12*AA12)*1000000 -> 2436079.2 | X12: 2175.6 | Y12: 0 | Z12: 3.24 | AA12: -0.000524 | AB12: 1 | AC12: 2 | AD12: =AB12+AC12 -> 3 | AE12: =6.0223E+23/O12*ABS(AQ12)/(ABS(AQ12)+ABS(AR12)) -> 1.5698637e+28 | AF12: =6.0223E+23/O12*ABS(AR12)/(ABS(AQ12)+ABS(AR12)) -> 7.8493183e+27 | AG12: 0.70228665 | AH12: MgF2 (Khlebnikov, 1981),MgF2 (Golyshev, 1992) | AM12: 5.9 | AN12: Estimated trend from LiF/NaCl | AO12: Chen & Sato (1983) | AP12: https://journal.buct.edu.cn/EN/10.13543/j.bhxbzr.2023.03.007 | AQ12: 2 | AR12: -1 | AS12: =SQRT(($AM$46*AM12*$AM$48*N12)/(AE12*(AQ12*$AM$50)^2+AF12*(AR12*$AM$50)^2)) -> 2.4704912e-11 | AX12: =(AQ12*AR12*$AM$50)/(4*PI()*$AM$46*AM12*$AM$52)*EXP(-$AM$52/AS12) -> -4.942153e-05 | AY12: =(AQ12*AQ12*$AM$50)/(4*PI()*$AM$46*AM12*$AM$52)*EXP(-$AM$52/AS12) -> 9.884306e-05 | AZ12: =(AR12*AR12*$AM$50)/(4*PI()*$AM$46*AM12*$AM$52)*EXP(-$AM$52/AS12) -> 2.4710765e-05 | BC12: =L12/(W12/1000*(X12+Y12*N12)) -> 4.3697168e-10
A13: CaF2 | B13: 0.12 | C13: 1 | D13: 29 | E13: 28 | F13: =D13*1.6726219E-27 -> 4.8506035e-26 | G13: =E13*9.1093856E-31 -> 2.550628e-29 | H13: =((F13*D13)/(G13*E13)) -> 1969.648 | I13: =D13/E13 -> 1.0357143 | J13: =(F13)-(G13) -> 4.8480529e-26 | K13: 78.0748 | L13: =0.1*EXP(47600/(8.3144598*N13))/1000 -> 0.0029475213 | M13: =N13^-1 -> 0.00059101655 | N13: 1692 | O13: =K13/W13 -> 3.1001402e-05 | P13: =6.0223E+23/O13 -> 1.9425895e+28 | Q13: 0.000155 | S13: 1e-10 | T13: 1.33e-10 | U13: =T13+S13 -> 2.33e-10 | V13: =U13*10000000000 -> 2.33 | W13: =(Z13+N13*AA13)*1000000 -> 2518428 | X13: 1710.3 | Y13: 0 | Z13: 3.18 | AA13: -0.000391 | AB13: 1 | AC13: 2 | AD13: =AB13+AC13 -> 3 | AE13: =6.0223E+23/O13*ABS(AQ13)/(ABS(AQ13)+ABS(AR13)) -> 1.2950597e+28 | AF13: =6.0223E+23/O13*ABS(AR13)/(ABS(AQ13)+ABS(AR13)) -> 6.4752985e+27 | AG13: 0.59290478 | AH13: CaF2 (Golyshev, 1992),CaF2 (Khlebnikov, 1981) | AM13: 5.9 | AN13: Same trend | AO13: Chen & Sato (1983) | AP13: https://journal.buct.edu.cn/EN/10.13543/j.bhxbzr.2023.03.007 | AQ13: 2 | AR13: -1 | AS13: =SQRT(($AM$46*AM13*$AM$48*N13)/(AE13*(AQ13*$AM$50)^2+AF13*(AR13*$AM$50)^2)) -> 2.8564629e-11 | AX13: =(AQ13*AR13*$AM$50)/(4*PI()*$AM$46*AM13*$AM$52)*EXP(-$AM$52/AS13) -> -0.00020540721 | AY13: =(AQ13*AQ13*$AM$50)/(4*PI()*$AM$46*AM13*$AM$52)*EXP(-$AM$52/AS13) -> 0.00041081443 | AZ13: =(AR13*AR13*$AM$50)/(4*PI()*$AM$46*AM13*$AM$52)*EXP(-$AM$52/AS13) -> 0.00010270361 | BC13: =L13/(W13/1000*(X13+Y13*N13)) -> 6.8431351e-10
A14: SrF2 | C14: 1 | D14: 47 | E14: 46 | F14: =D14*1.6726219E-27 -> 7.8613229e-26 | G14: =E14*9.1093856E-31 -> 4.1903174e-29 | H14: =((F14*D14)/(G14*E14)) -> 1916.8527 | I14: =D14/E14 -> 1.0217391 | J14: =(F14)-(G14) -> 7.8571326e-26 | K14: 125.6168 | L14: =0.0703*EXP(54500/(8.3144598*N14))/1000 -> 0.0030018345 | M14: =N14^-1 -> 0.00057273769 | N14: 1746 | O14: =K14/W14 -> 3.621381e-05 | P14: =6.0223E+23/O14 -> 1.6629843e+28 | Q14: 0.000213 | S14: 1.18e-10 | T14: 1.33e-10 | U14: =T14+S14 -> 2.51e-10 | V14: =U14*10000000000 -> 2.51 | W14: =(Z14+N14*AA14)*1000000 -> 3468754 | X14: 1398.6 | Y14: 0 | Z14: 4.78 | AA14: -0.000751 | AB14: 1 | AC14: 2 | AD14: =AB14+AC14 -> 3 | AE14: =6.0223E+23/O14*ABS(AQ14)/(ABS(AQ14)+ABS(AR14)) -> 1.1086562e+28 | AF14: =6.0223E+23/O14*ABS(AR14)/(ABS(AQ14)+ABS(AR14)) -> 5.5432812e+27 | AM14: 5.9 | AN14: Same extrapolation | AO14: Chen & Sato (1983) | AP14: https://journal.buct.edu.cn/EN/10.13543/j.bhxbzr.2023.03.007 | AQ14: 2 | AR14: -1 | AS14: =SQRT(($AM$46*AM14*$AM$48*N14)/(AE14*(AQ14*$AM$50)^2+AF14*(AR14*$AM$50)^2)) -> 3.136151e-11 | AX14: =(AQ14*AR14*$AM$50)/(4*PI()*$AM$46*AM14*$AM$52)*EXP(-$AM$52/AS14) -> -0.00046321913 | AY14: =(AQ14*AQ14*$AM$50)/(4*PI()*$AM$46*AM14*$AM$52)*EXP(-$AM$52/AS14) -> 0.00092643825 | AZ14: =(AR14*AR14*$AM$50)/(4*PI()*$AM$46*AM14*$AM$52)*EXP(-$AM$52/AS14) -> 0.00023160956 | BC14: =L14/(W14/1000*(X14+Y14*N14)) -> 6.1875642e-10
A15: MgCl2 | B15: 0.8 | C15: 1 | D15: 29 | E15: 28 | F15: =D15*1.6726219E-27 -> 4.8506035e-26 | G15: =E15*9.1093856E-31 -> 2.550628e-29 | H15: =((F15*D15)/(G15*E15)) -> 1969.648 | I15: =D15/E15 -> 1.0357143 | J15: =(F15)-(G15) -> 4.8480529e-26 | K15: 95.211 | L15: =0.18*EXP(20500/(8.3144598*N15))/1000 -> 0.0021885965 | M15: =N15^-1 -> 0.0010131712 | N15: 987 | O15: =K15/W15 -> 5.6510276e-05 | Q15: 0.00018 | S15: 7.2e-11 | T15: 1.81e-10 | U15: =T15+S15 -> 2.53e-10 | V15: =U15*10000000000 -> 2.53 | W15: =(Z15+N15*AA15)*1000000 -> 1684844 | X15: 2101 | Y15: 0 | Z15: 1.9691 | AA15: -0.000288 | AB15: 1 | AC15: 2 | AD15: =AB15+AC15 -> 3 | AE15: =6.0223E+23/O15*ABS(AQ15)/(ABS(AQ15)+ABS(AR15)) -> 7.1046665e+27 | AF15: =6.0223E+23/O15*ABS(AR15)/(ABS(AQ15)+ABS(AR15)) -> 3.5523332e+27 | AG15: 0.54390686 | AH15: MgCl2 (Filatov, 2005) | AI15: 2.36e-10 | AJ15: 3.5e-10 | AK15: 3.51e-10 | AL15: McGreevy, 1987 | AM15: 5.2 | AN15: Same chloride melt analogy | AO15: Chen & Sato (1983) | AP15: https://journal.buct.edu.cn/EN/10.13543/j.bhxbzr.2023.03.006 | AQ15: 2 | AR15: -1 | AS15: =SQRT(($AM$46*AM15*$AM$48*N15)/(AE15*(AQ15*$AM$50)^2+AF15*(AR15*$AM$50)^2)) -> 2.7652582e-11 | AT15: =(AQ15*AR15*$AM$50)/(4*PI()*$AM$46*AM15*AI15)*EXP(-AI15/AS15) -> -0.00046126162 | AU15: =(AQ15*AQ15*$AM$50)/(4*PI()*$AM$46*AM15*AJ15)*EXP(-AJ15/AS15) -> 1.0078763e-05 | AV15: =(AR15*AR15*$AM$50)/(4*PI()*$AM$46*AM15*AK15)*EXP(-AK15/AS15) -> 2.4232755e-06 | AX15: =(AQ15*AR15*$AM$50)/(4*PI()*$AM$46*AM15*$AM$52)*EXP(-$AM$52/AS15) -> -0.00017252442 | AY15: =(AQ15*AQ15*$AM$50)/(4*PI()*$AM$46*AM15*$AM$52)*EXP(-$AM$52/AS15) -> 0.00034504884 | AZ15: =(AR15*AR15*$AM$50)/(4*PI()*$AM$46*AM15*$AM$52)*EXP(-$AM$52/AS15) -> 8.626221e-05 | BC15: =L15/(W15/1000*(X15+Y15*N15)) -> 6.1827252e-10
A16: CaCl2 | B16: 2.5 | C16: 1 | D16: 37 | E16: 36 | F16: =D16*1.6726219E-27 -> 6.188701e-26 | G16: =E16*9.1093856E-31 -> 3.2793788e-29 | H16: =((F16*D16)/(G16*E16)) -> 1939.5775 | I16: =D16/E16 -> 1.0277778 | J16: =(F16)-(G16) -> 6.1854217e-26 | K16: 110.984 | L16: =10^(-0.545+597/N16+546000/N16^2)/1000 -> 0.0033595447 | M16: =N16^-1 -> 0.0009569378 | N16: 1045 | O16: =K16/W16 -> 5.3154148e-05 | P16: =6.0223E+23/O16 -> 1.1329878e+28 | Q16: 0.000203 | S16: 1e-10 | T16: 1.81e-10 | U16: =T16+S16 -> 2.81e-10 | V16: =U16*10000000000 -> 2.81 | W16: =(Z16+N16*AA16)*1000000 -> 2087965 | X16: 2065.03 | Y16: 0 | Z16: 2.53 | AA16: -0.000423 | AB16: 1 | AC16: 2 | AD16: =AB16+AC16 -> 3 | AE16: =6.0223E+23/O16*ABS(AQ16)/(ABS(AQ16)+ABS(AR16)) -> 7.5532519e+27 | AF16: =6.0223E+23/O16*ABS(AR16)/(ABS(AQ16)+ABS(AR16)) -> 3.7766259e+27 | AI16: 2.78e-10 | AJ16: 3.55e-10 | AK16: 3.65e-10 | AL16: McGreevy, 1988 | AM16: 5.2 | AN16: Same chloride melt analogy | AO16: Chen & Sato (1983) | AP16: https://journal.buct.edu.cn/EN/10.13543/j.bhxbzr.2023.03.007 | AQ16: 2 | AR16: -1 | AS16: =SQRT(($AM$46*AM16*$AM$48*N16)/(AE16*(AQ16*$AM$50)^2+AF16*(AR16*$AM$50)^2)) -> 2.7595618e-11 | AT16: =(AQ16*AR16*$AM$50)/(4*PI()*$AM$46*AM16*AI16)*EXP(-AI16/AS16) -> -8.3979948e-05 | AU16: =(AQ16*AQ16*$AM$50)/(4*PI()*$AM$46*AM16*AJ16)*EXP(-AJ16/AS16) -> 8.0762728e-06 | AV16: =(AR16*AR16*$AM$50)/(4*PI()*$AM$46*AM16*AK16)*EXP(-AK16/AS16) -> 1.3668109e-06 | AX16: =(AQ16*AR16*$AM$50)/(4*PI()*$AM$46*AM16*$AM$52)*EXP(-$AM$52/AS16) -> -0.00016920232 | AY16: =(AQ16*AQ16*$AM$50)/(4*PI()*$AM$46*AM16*$AM$52)*EXP(-$AM$52/AS16) -> 0.00033840463 | AZ16: =(AR16*AR16*$AM$50)/(4*PI()*$AM$46*AM16*$AM$52)*EXP(-$AM$52/AS16) -> 8.4601158e-05 | BC16: =L16/(W16/1000*(X16+Y16*N16)) -> 7.7916752e-10
A17: SrCl2 | C17: 1 | D17: 55 | E17: 54 | F17: =D17*1.6726219E-27 -> 9.1994204e-26 | G17: =E17*9.1093856E-31 -> 4.9190682e-29 | H17: =((F17*D17)/(G17*E17)) -> 1904.7876 | I17: =D17/E17 -> 1.0185185 | J17: =(F17)-(G17) -> 9.1945014e-26 | K17: 158.526 | L17: =10^(-0.439+398/N17+879000/N17^2)/1000 -> 0.0037808819 | M17: =N17^-1 -> 0.00087260035 | N17: 1146 | O17: =K17/W17 -> 5.811897e-05 | P17: =6.0223E+23/O17 -> 1.0362021e+28 | Q17: 0.000212 | S17: 1.18e-10 | T17: 1.81e-10 | U17: =T17+S17 -> 2.99e-10 | V17: =U17*10000000000 -> 2.99 | W17: =(Z17+N17*AA17)*1000000 -> 2727612 | X17: 1873.13 | Y17: 0 | Z17: 3.39 | AA17: -0.000578 | AB17: 1 | AC17: 2 | AD17: =AB17+AC17 -> 3 | AE17: =6.0223E+23/O17*ABS(AQ17)/(ABS(AQ17)+ABS(AR17)) -> 6.9080141e+27 | AF17: =6.0223E+23/O17*ABS(AR17)/(ABS(AQ17)+ABS(AR17)) -> 3.4540071e+27 | AI17: 2.9e-10 | AJ17: 4.9e-10 | AK17: 3.8e-10 | AL17: McGreevy, 1989 | AM17: 5.2 | AN17: Same | AO17: Chen & Sato (1983) | AP17: https://journal.buct.edu.cn/EN/10.13543/j.bhxbzr.2023.03.007 | AQ17: 2 | AR17: -1 | AS17: =SQRT(($AM$46*AM17*$AM$48*N17)/(AE17*(AQ17*$AM$50)^2+AF17*(AR17*$AM$50)^2)) -> 3.0217927e-11 | AT17: =(AQ17*AR17*$AM$50)/(4*PI()*$AM$46*AM17*AI17)*EXP(-AI17/AS17) -> -0.0001297266 | AU17: =(AQ17*AQ17*$AM$50)/(4*PI()*$AM$46*AM17*AJ17)*EXP(-AJ17/AS17) -> 2.0504294e-07 | AV17: =(AR17*AR17*$AM$50)/(4*PI()*$AM$46*AM17*AK17)*EXP(-AK17/AS17) -> 2.5184086e-06 | AX17: =(AQ17*AR17*$AM$50)/(4*PI()*$AM$46*AM17*$AM$52)*EXP(-$AM$52/AS17) -> -0.00038382394 | AY17: =(AQ17*AQ17*$AM$50)/(4*PI()*$AM$46*AM17*$AM$52)*EXP(-$AM$52/AS17) -> 0.00076764788 | AZ17: =(AR17*AR17*$AM$50)/(4*PI()*$AM$46*AM17*$AM$52)*EXP(-$AM$52/AS17) -> 0.00019191197 | BC17: =L17/(W17/1000*(X17+Y17*N17)) -> 7.4001854e-10
A18: NaNO3 | B18: 0.3 | C18: 1 | D18: 26 | E18: 25 | F18: =D18*1.6726219E-27 -> 4.3488169e-26 | G18: =E18*9.1093856E-31 -> 2.2773464e-29 | H18: =((F18*D18)/(G18*E18)) -> 1985.9823 | I18: =D18/E18 -> 1.04 | J18: =(F18)-(G18) -> 4.3465396e-26 | K18: 84.99 | M18: =N18^-1 -> 0.0017148247 | N18: 583.15 | O18: 4.467e-05 | P18: =6.0223E+23/O18 -> 1.3481755e+28 | Q18: 0.000376 | S18: 1.02e-10 | T18: 2.31e-10 | U18: =T18+S18 -> 3.33e-10 | V18: =U18*10000000000 -> 3.33 | W18: =(Z18+N18*AA18)*1000000 -> 1886915.5 | X18: 2490.4882 | Y18: -1.155 | Z18: 2.3339 | AA18: -0.0007665 | AB18: 2 | AC18: 3 | AD18: =AB18+AC18 -> 5 | AE18: =6.0223E+23/O18*ABS(AQ18)/(ABS(AQ18)+ABS(AR18)) -> 6.7408775e+27 | AF18: =6.0223E+23/O18*ABS(AR18)/(ABS(AQ18)+ABS(AR18)) -> 6.7408775e+27 | AM18: 27 | AN18: Measured molten NaNO3 at ~573 K | AP18: (see nitrate dielectric literature) | AQ18: 1 | AR18: =AQ18*-1 -> -1 | AS18: =SQRT(($AM$46*AM18*$AM$48*N18)/(AE18*(AQ18*$AM$50)^2+AF18*(AR18*$AM$50)^2)) -> 7.4585148e-11 | AX18: =(AQ18*AR18*$AM$50)/(4*PI()*$AM$46*AM18*$AM$52)*EXP(-$AM$52/AS18) -> -0.0062307897 | AY18: =(AQ18*AQ18*$AM$50)/(4*PI()*$AM$46*AM18*$AM$52)*EXP(-$AM$52/AS18) -> 0.0062307897 | AZ18: =(AR18*AR18*$AM$50)/(4*PI()*$AM$46*AM18*$AM$52)*EXP(-$AM$52/AS18) -> 0.0062307897
A19: KNO3 | B19: 0.2 | C19: 1 | D19: 34 | E19: 33 | F19: =D19*1.6726219E-27 -> 5.6869145e-26 | G19: =E19*9.1093856E-31 -> 3.0060972e-29 | H19: =((F19*D19)/(G19*E19)) -> 1949.1203 | I19: =D19/E19 -> 1.030303 | J19: =(F19)-(G19) -> 5.6839084e-26 | K19: 101.1 | M19: =N19^-1 -> 0.0016389412 | N19: 610.15 | O19: 5.406e-05 | P19: =6.0223E+23/O19 -> 1.114003e+28 | Q19: 0.00039 | S19: 1.38e-10 | T19: 2.31e-10 | U19: =T19+S19 -> 3.69e-10 | V19: =U19*10000000000 -> 3.69 | W19: =(Z19+N19*AA19)*1000000 -> 1870200.6 | X19: 2449.928 | Y19: -1.12 | Z19: 2.315 | AA19: -0.000729 | AB19: 2 | AC19: 3 | AD19: =AB19+AC19 -> 5 | AE19: =6.0223E+23/O19*ABS(AQ19)/(ABS(AQ19)+ABS(AR19)) -> 5.5700148e+27 | AF19: =6.0223E+23/O19*ABS(AR19)/(ABS(AQ19)+ABS(AR19)) -> 5.5700148e+27 | AM19: 35 | AN19: Measured molten KNO3 at ~627 K | AP19: (typical values in thermophysical reviews) | AQ19: 1 | AR19: =AQ19*-1 -> -1 | AS19: =SQRT(($AM$46*AM19*$AM$48*N19)/(AE19*(AQ19*$AM$50)^2+AF19*(AR19*$AM$50)^2)) -> 9.5557044e-11 | AX19: =(AQ19*AR19*$AM$50)/(4*PI()*$AM$46*AM19*$AM$52)*EXP(-$AM$52/AS19) -> -0.010344196 | AY19: =(AQ19*AQ19*$AM$50)/(4*PI()*$AM$46*AM19*$AM$52)*EXP(-$AM$52/AS19) -> 0.010344196 | AZ19: =(AR19*AR19*$AM$50)/(4*PI()*$AM$46*AM19*$AM$52)*EXP(-$AM$52/AS19) -> 0.010344196
A20: ZrF4 | B20: 0.05 | C20: 1 | D20: 49 | E20: 46 | F20: =D20*1.6726219E-27 -> 8.1958473e-26 | G20: =E20*9.1093856E-31 -> 4.1903174e-29 | H20: =((F20*D20)/(G20*E20)) -> 2083.4601 | I20: =D20/E20 -> 1.0652174 | J20: =(F20)-(G20) -> 8.191657e-26 | K20: 167.21 | M20: =N20^-1 -> 0.00083963056 | N20: 1191 | O20: =K20/W20 -> 4.2928625e-05 | P20: =6.0223E+23/O20 -> 1.4028635e+28 | Q20: 0.000309 | S20: 7.2e-11 | T20: 1.33e-10 | U20: =T20+S20 -> 2.05e-10 | V20: =U20*10000000000 -> 2.05 | W20: =(5.36-0.00123*N20)*1000000 -> 3895070 | X20: 1700 | Y20: 0 | Z20: 5.36 | AA20: -0.00123 | AE20: =6.0223E+23/O20*ABS(AQ20)/(ABS(AQ20)+ABS(AR20)) -> 1.1222908e+28 | AF20: =6.0223E+23/O20*ABS(AR20)/(ABS(AQ20)+ABS(AR20)) -> 2.8057269e+27 | AM20: 5.9 | AN20: Same trend | AO20: Chen & Sato (1983) | AP20: https://journal.buct.edu.cn/EN/10.13543/j.bhxbzr.2023.03.007 | AQ20: 4 | AR20: -1 | AS20: =SQRT(($AM$46*AM20*$AM$48*N20)/(AE20*(AQ20*$AM$50)^2+AF20*(AR20*$AM$50)^2)) -> 1.3547403e-11 | AX20: =(AQ20*AR20*$AM$50)/(4*PI()*$AM$46*AM20*$AM$52)*EXP(-$AM$52/AS20) -> -1.6744797e-08 | AY20: =(AQ20*AQ20*$AM$50)/(4*PI()*$AM$46*AM20*$AM$52)*EXP(-$AM$52/AS20) -> 6.6979189e-08 | AZ20: =(AR20*AR20*$AM$50)/(4*PI()*$AM$46*AM20*$AM$52)*EXP(-$AM$52/AS20) -> 4.1861993e-09
A21: ThF4 | B21: 0.08 | C21: 1 | D21: 99 | E21: 96 | F21: =D21*1.6726219E-27 -> 1.6558957e-25 | G21: =E21*9.1093856E-31 -> 8.7450102e-29 | H21: =((F21*D21)/(G21*E21)) -> 1952.7049 | I21: =D21/E21 -> 1.03125 | J21: =(F21)-(G21) -> 1.6550212e-25 | K21: 308.0317 | M21: =N21^-1 -> 0.00072254335 | N21: 1384 | O21: =K21/W21 -> 5.0331977e-05 | P21: =6.0223E+23/O21 -> 1.1965157e+28 | Q21: 0.000121 | S21: 9.4e-11 | T21: 1.33e-10 | U21: =T21+S21 -> 2.27e-10 | V21: =U21*10000000000 -> 2.27 | W21: 6120000 | X21: 1362 | Y21: 0 | Z21: 7.34 | AA21: -0.000808 | AE21: =6.0223E+23/O21*ABS(AQ21)/(ABS(AQ21)+ABS(AR21)) -> 9.5721255e+27 | AF21: =6.0223E+23/O21*ABS(AR21)/(ABS(AQ21)+ABS(AR21)) -> 2.3930314e+27 | AM21: 5.9 | AN21: Same trend | AO21: Chen & Sato (1983) | AP21: https://journal.buct.edu.cn/EN/10.13543/j.bhxbzr.2023.03.007 | AQ21: 4 | AR21: -1 | AS21: =SQRT(($AM$46*AM21*$AM$48*N21)/(AE21*(AQ21*$AM$50)^2+AF21*(AR21*$AM$50)^2)) -> 1.5813089e-11 | AX21: =(AQ21*AR21*$AM$50)/(4*PI()*$AM$46*AM21*$AM$52)*EXP(-$AM$52/AS21) -> -2.6317443e-07 | AY21: =(AQ21*AQ21*$AM$50)/(4*PI()*$AM$46*AM21*$AM$52)*EXP(-$AM$52/AS21) -> 1.0526977e-06 | AZ21: =(AR21*AR21*$AM$50)/(4*PI()*$AM$46*AM21*$AM$52)*EXP(-$AM$52/AS21) -> 6.5793607e-08
A22: UF4 | B22: 0.09 | C22: 1 | D22: 101 | E22: 98 | F22: =D22*1.6726219E-27 -> 1.6893481e-25 | G22: =E22*9.1093856E-31 -> 8.9271979e-29 | H22: =((F22*D22)/(G22*E22)) -> 1950.2904 | I22: =D22/E22 -> 1.0306122 | J22: =(F22)-(G22) -> 1.6884554e-25 | K22: 314.0225 | L22: =10^(11.4-35400/N22+27700000/N22^2)/1000 -> 0.003329486 | M22: =N22^-1 -> 0.00076394194 | N22: 1309 | O22: =K22/W22 -> 4.8535162e-05 | P22: =6.0223E+23/O22 -> 1.2408118e+28 | Q22: 0.000149 | S22: 8.9e-11 | T22: 1.33e-10 | U22: =T22+S22 -> 2.22e-10 | V22: =U22*10000000000 -> 2.22 | W22: 6470000 | X22: 1062 | Y22: 0 | Z22: 7.604 | AA22: -0.000791 | AE22: =6.0223E+23/O22*ABS(AQ22)/(ABS(AQ22)+ABS(AR22)) -> 9.9264941e+27 | AF22: =6.0223E+23/O22*ABS(AR22)/(ABS(AQ22)+ABS(AR22)) -> 2.4816235e+27 | AM22: 5.9 | AN22: Estimated from fluoride trend (FLiBe/FLiNaK modeling) | AO22: Porter et al. (2022) | AP22: https://www.nature.com/articles/s42004-022-00684-6 | AQ22: 4 | AR22: -1 | AS22: =SQRT(($AM$46*AM22*$AM$48*N22)/(AE22*(AQ22*$AM$50)^2+AF22*(AR22*$AM$50)^2)) -> 1.5101662e-11 | AX22: =(AQ22*AR22*$AM$50)/(4*PI()*$AM$46*AM22*$AM$52)*EXP(-$AM$52/AS22) -> -1.2112877e-07 | AY22: =(AQ22*AQ22*$AM$50)/(4*PI()*$AM$46*AM22*$AM$52)*EXP(-$AM$52/AS22) -> 4.8451506e-07 | AZ22: =(AR22*AR22*$AM$50)/(4*PI()*$AM$46*AM22*$AM$52)*EXP(-$AM$52/AS22) -> 3.0282191e-08 | BC22: =L22/(W22/1000*(X22+Y22*N22)) -> 4.8456093e-10
A23: UCl3 | C23: 1 | D23: 109 | E23: 107 | F23: =D23*1.6726219E-27 -> 1.8231579e-25 | G23: =E23*9.1093856E-31 -> 9.7470426e-29 | H23: =((F23*D23)/(G23*E23)) -> 1905.435 | I23: =D23/E23 -> 1.0186916 | J23: =(F23)-(G23) -> 1.8221832e-25 | K23: 344.3879 | L23: =0.478*EXP(10900/(8.3144598*N23))/1000 -> 0.0015506403 | M23: =N23^-1 -> 0.00089766607 | N23: 1114 | O23: =K23/W23 -> 7.5193865e-05 | P23: =6.0223E+23/O23 -> 8.0090311e+27 | Q23: 0.000333 | S23: 1.16e-10 | T23: 1.81e-10 | U23: =T23+S23 -> 2.97e-10 | V23: =U23*10000000000 -> 2.97 | W23: 4580000 | X23: 1248 | Y23: 0 | Z23: 6.3747 | AA23: -0.0015222 | AE23: =6.0223E+23/O23*ABS(AQ23)/(ABS(AQ23)+ABS(AR23)) -> 6.0067733e+27 | AF23: =6.0223E+23/O23*ABS(AR23)/(ABS(AQ23)+ABS(AR23)) -> 2.0022578e+27 | AM23: 5.2 | AN23: Estimated via chloride melts analogy | AO23: Chen & Sato (1983) | AP23: https://journal.buct.edu.cn/EN/10.13543/j.bhxbzr.2023.03.007 | AQ23: 3 | AR23: -1 | AS23: =SQRT(($AM$46*AM23*$AM$48*N23)/(AE23*(AQ23*$AM$50)^2+AF23*(AR23*$AM$50)^2)) -> 2.2184968e-11 | AX23: =(AQ23*AR23*$AM$50)/(4*PI()*$AM$46*AM23*$AM$52)*EXP(-$AM$52/AS23) -> -2.5395582e-05 | AY23: =(AQ23*AQ23*$AM$50)/(4*PI()*$AM$46*AM23*$AM$52)*EXP(-$AM$52/AS23) -> 7.6186747e-05 | AZ23: =(AR23*AR23*$AM$50)/(4*PI()*$AM$46*AM23*$AM$52)*EXP(-$AM$52/AS23) -> 8.4651941e-06 | BC23: =L23/(W23/1000*(X23+Y23*N23)) -> 2.7128826e-10
A24: 0.68KCl-0.32MgCl2 | C24: 2 | D24: 33.76 | E24: 33.44 | F24: =D24*1.6726219E-27 -> 5.6467715e-26 | G24: =E24*9.1093856E-31 -> 3.0461785e-29 | H24: =((F24*D24)/(G24*E24)) -> 1871.4621 | I24: =D24/E24 -> 1.0095694 | J24: =(F24)-(G24) -> 5.6437254e-26 | K24: 81.162404 | L24: =0.141*EXP(18800/(8.3144598*N24))/1000 -> 0.0036048873 | M24: =N24^-1 -> 0.0014334862 | N24: 697.6 | O24: 4.6549051e-05 | P24: =6.0223E+23/O24 -> 1.2937535e+28 | Q24: 0.00030722638 | U24: =0.68*U10+0.32*U14 -> 2.9724e-10 | V24: =U24*10000000000 -> 2.9724 | W24: 1741629.2 | X24: 1968.0306 | AB24: 2 | AC24: 3 | AD24: =AB24+AC24 -> 5 | AM24: 5.2 | AN24: Estimated via chloride melts analogy | AO24: Chen & Sato (1983) | AP24: https://journal.buct.edu.cn/EN/10.13543/j.bhxbzr.2023.03.007 | BC24: =L24/(W24/1000*(X24+Y24*N24)) -> 1.0517297e-09
A25: 0.66LiF-0.34BeF2 | C25: 2 | D25: 12.34 | E25: 11.34 | F25: =D25*1.6726219E-27 -> 2.0640154e-26 | G25: =E25*9.1093856E-31 -> 1.0330043e-29 | H25: =((F25*D25)/(G25*E25)) -> 2174.2671 | I25: =D25/E25 -> 1.0881834 | J25: =(F25)-(G25) -> 2.0629824e-26 | K25: 33.10314 | L25: =0.116*EXP(31200/(8.3144598*N25))/1000 -> 0.019398692 | M25: =N25^-1 -> 0.0013642565 | N25: 733 | O25: 1.6714174e-05 | P25: =6.0223E+23/O25 -> 3.6031096e+28 | Q25: 0.00014095269 | U25: =0.66*U3+0.34*U11 -> 1.9472e-10 | V25: =U25*10000000000 -> 1.9472 | W25: 1986063.4 | X25: 2547.6864 | AB25: 2 | AC25: 3 | AD25: =AB25+AC25 -> 5 | AG25: 0.91150468 | AH25: 0.73LiF-0.27BeF2 (Bobrova, 2023) | AM25: 5.9 | AN25: Estimated from fluoride trend (FLiBe/FLiNaK modeling) | AO25: Porter et al. (2022) | AP25: https://www.nature.com/articles/s42004-022-00684-6 | BC25: =L25/(W25/1000*(X25+Y25*N25)) -> 3.8338347e-09
A26: 0.465LiF-0.115NaF-0.42KF | C26: 3 | D26: 19.64 | E26: 19.64 | F26: =D26*1.6726219E-27 -> 3.2850294e-26 | G26: =E26*9.1093856E-31 -> 1.7890833e-29 | H26: =((F26*D26)/(G26*E26)) -> 1836.1523 | I26: =D26/E26 -> 1 | J26: =(F26)-(G26) -> 3.2832403e-26 | K26: 41.290995 | L26: =10^(0.213+-1200/N26+1350000/N26^2)/1000 -> 0.012003439 | M26: =N26^-1 -> 0.0013605442 | N26: 735 | O26: 1.9405588e-05 | P26: =6.0223E+23/O26 -> 3.1033844e+28 | Q26: 0.00031252325 | U26: =0.465*U3+0.115*U4+0.42*U5 -> 2.3803e-10 | V26: =U26*10000000000 -> 2.3803 | W26: 2102415.4 | X26: 2012.4687 | AB26: 3 | AC26: 3 | AD26: =AB26+AC26 -> 6 | AG26: 0.79004699 | AH26: 0.465LiF-0.115NaF-0.42KF (Merritt, 2022),0.465LiF-0.115NaF-0.42KF (Gallagher, 2022),0.465LiF-0.115NaF-0.42KF (Rudenko, 2022) | AM26: 5.9 | AN26: Estimated from fluoride trend (FLiBe/FLiNaK modeling) | AO26: Porter et al. (2022) | AP26: https://www.nature.com/articles/s42004-022-00684-6 | BC26: =L26/(W26/1000*(X26+Y26*N26)) -> 2.8369915e-09
A27: 0.675LiF-0.2BeF2-0.005ThF4-0.12UF4 | C27: 4 | D27: 23.315 | E27: 22.74 | F27: =D27*1.6726219E-27 -> 3.899718e-26 | G27: =E27*9.1093856E-31 -> 2.0714743e-29 | H27: =((F27*D27)/(G27*E27)) -> 1930.1836 | I27: =D27/E27 -> 1.0252858 | J27: =(F27)-(G27) -> 3.8976465e-26 | K27: 66.133684 | L27: =0.062*EXP(38800/(8.3144598*N27))/1000 -> 0.030468149 | M27: =N27^-1 -> 0.0013280212 | N27: 753 | O27: 1.9202817e-05 | P27: =6.0223E+23/O27 -> 3.1361544e+28 | Q27: 0.00016787041 | U27: =0.675*U3+0.2*U11+0.005*U21+0.12*U22 -> 2.0225e-10 | V27: =U27*10000000000 -> 2.0225 | W27: 2609440.5 | X27: 1781.4332 | AB27: 4 | AC27: 11 | AD27: =AB27+AC27 -> 15 | AG27: 1.2649079 | AH27: 0.675LiF-0.20BeF2-0.12ThF4-0.005UF4 (Rosenthal, 1969) | AM27: 5.9 | AN27: Estimated from fluoride trend (FLiBe/FLiNaK modeling) | AO27: Porter et al. (2022) | AP27: https://www.nature.com/articles/s42004-022-00684-6 | BC27: =L27/(W27/1000*(X27+Y27*N27)) -> 6.5543424e-09
A28: 0.712LiF-0.23BeF2-0.05ZrF4-0.008UF4 | C28: 4 | D28: 14.792 | E28: 14.388 | F28: =D28*1.6726219E-27 -> 2.4741423e-26 | G28: =E28*9.1093856E-31 -> 1.3106584e-29 | H28: =((F28*D28)/(G28*E28)) -> 1940.7144 | I28: =D28/E28 -> 1.028079 | J28: =(F28)-(G28) -> 2.4728317e-26 | K28: 40.153548 | M28: =N28^-1 -> 0.0014084507 | N28: 710 | O28: 1.6919881e-05 | P28: =6.0223E+23/O28 -> 3.559304e+28 | Q28: 0.00018512202 | U28: =0.712*U3+0.23*U11+0.05*U20+0.008*U22 -> 1.99244e-10 | V28: =U28*10000000000 -> 1.99244 | W28: 2163027.6 | X28: 2319.1206 | AB28: 4 | AC28: 11 | AD28: =AB28+AC28 -> 15 | AG28: 1.2506481 | AH28: 0.712LiF-0.23BeF2-0.05ZrF4-0.008UF4 (Rosenthal, 1969) | AM28: 5.9 | AN28: Estimated from fluoride trend (FLiBe/FLiNaK modeling) | AO28: Porter et al. (2022) | AP28: https://www.nature.com/articles/s42004-022-00684-6
A29: 0.73LiF-0.27BeF2 | C29: 2 | D29: 12.27 | E29: 11.73 | F29: =D29*1.6726219E-27 -> 2.0523071e-26 | G29: =E29*9.1093856E-31 -> 1.0685309e-29 | H29: =((F29*D29)/(G29*E29)) -> 2009.1011 | I29: =D29/E29 -> 1.0460358 | J29: =(F29)-(G29) -> 2.0512385e-26 | K29: 31.62817 | L29: =0.118*EXP(30100/(8.3144598*N29))/1000 -> 0.01658596 | M29: =N29^-1 -> 0.0013661202 | N29: 732 | O29: 1.5942466e-05 | P29: =6.0223E+23/O29 -> 3.777521e+28 | Q29: 0.00016222659 | U29: =0.73*U3+0.27*U11 -> 1.9766e-10 | V29: =U29*10000000000 -> 1.9766 | W29: 1989043.9 | X29: 2547.6876 | AB29: 2 | AC29: 3 | AD29: =AB29+AC29 -> 5 | AG29: 0.90656933 | AH29: 0.73LiF-0.27BeF2 (Bobrova, 2023) | AM29: 5.9 | AN29: Estimated from fluoride trend (FLiBe/FLiNaK modeling) | AO29: Porter et al. (2022) | AP29: https://www.nature.com/articles/s42004-022-00684-6 | BC29: =L29/(W29/1000*(X29+Y29*N29)) -> 3.2730306e-09
A30: 0.725LiF-0.265BeF2-0.01UF4 | C30: 3 | D30: 13.155 | E30: 12.86 | F30: =D30*1.6726219E-27 -> 2.2003341e-26 | G30: =E30*9.1093856E-31 -> 1.171467e-29 | H30: =((F30*D30)/(G30*E30)) -> 1921.3587 | I30: =D30/E30 -> 1.0229393 | J30: =(F30)-(G30) -> 2.1991626e-26 | K30: 34.40365 | L30: =0.123*EXP(29800/(8.3144598*N30))/1000 -> 0.01645722 | M30: =N30^-1 -> 0.0013661202 | N30: 732 | O30: 1.6204764e-05 | P30: =6.0223E+23/O30 -> 3.7163762e+28 | Q30: 0.00016258314 | U30: =0.725*U3+0.265*U11+0.01*U22 -> 1.98e-10 | V30: =U30*10000000000 -> 1.98 | W30: 2039490.5 | X30: 2441.8706 | AB30: 3 | AC30: 7 | AD30: =AB30+AC30 -> 10 | AG30: 0.76966315 | AH30: 0.725LiF-0.265BeF2-0.01UF4 (Bobrova, 2023) | AM30: 5.9 | AN30: Estimated from fluoride trend (FLiBe/FLiNaK modeling) | AO30: Porter et al. (2022) | AP30: https://www.nature.com/articles/s42004-022-00684-6 | BC30: =L30/(W30/1000*(X30+Y30*N30)) -> 3.3045487e-09
A31: 0.72LiF-0.26BeF2-0.02UF4 | C31: 3 | D31: 14.04 | E31: 13.72 | F31: =D31*1.6726219E-27 -> 2.3483611e-26 | G31: =E31*9.1093856E-31 -> 1.2498077e-29 | H31: =((F31*D31)/(G31*E31)) -> 1922.8025 | I31: =D31/E31 -> 1.0233236 | J31: =(F31)-(G31) -> 2.3471113e-26 | K31: 37.17913 | L31: =0.123*EXP(29800/(8.3144598*N31))/1000 -> 0.01645722 | M31: =N31^-1 -> 0.0013661202 | N31: 732 | O31: 1.6467062e-05 | P31: =6.0223E+23/O31 -> 3.6571793e+28 | Q31: 0.00016292833 | U31: =0.72*U3+0.26*U11+0.02*U22 -> 1.9834e-10 | V31: =U31*10000000000 -> 1.9834 | W31: 2089937.1 | X31: 2348.752 | AB31: 3 | AC31: 7 | AD31: =AB31+AC31 -> 10 | AG31: 0.71518308 | AH31: 0.72LiF-0.26BeF2-0.02UF4 (Bobrova, 2023) | AM31: 5.9 | AN31: Estimated from fluoride trend (FLiBe/FLiNaK modeling) | AO31: Porter et al. (2022) | AP31: https://www.nature.com/articles/s42004-022-00684-6 | BC31: =L31/(W31/1000*(X31+Y31*N31)) -> 3.3526337e-09
A32: 0.32KCl-0.68MgCl2 | C32: 2 | D32: 31.24 | E32: 30.56 | F32: =D32*1.6726219E-27 -> 5.2252708e-26 | G32: =E32*9.1093856E-31 -> 2.7838282e-29 | H32: =((F32*D32)/(G32*E32)) -> 1918.775 | I32: =D32/E32 -> 1.0222513 | J32: =(F32)-(G32) -> 5.222487e-26 | K32: 88.599896 | M32: =N32^-1 -> 0.001433589 | N32: 697.55 | O32: 5.0411903e-05 | P32: =6.0223E+23/O32 -> 1.1946187e+28 | Q32: 0.00023528262 | U32: =0.32*U10+0.68*U14 -> 2.7276e-10 | V32: =U32*10000000000 -> 2.7276 | W32: 1755710.6 | X32: 2039.5015 | AB32: 2 | AC32: 3 | AD32: =AB32+AC32 -> 5 | AM32: 5.2 | AN32: Estimated via chloride melts analogy | AO32: Chen & Sato (1983) | AP32: https://journal.buct.edu.cn/EN/10.13543/j.bhxbzr.2023.03.007
A33: 0.4598NaCl-0.3891KCl-0.1511MgCl2 | C33: 3 | D33: 31.2639 | E33: 31.1128 | F33: =D33*1.6726219E-27 -> 5.2292684e-26 | G33: =E33*9.1093856E-31 -> 2.8341849e-29 | H33: =((F33*D33)/(G33*E33)) -> 1854.0302 | I33: =D33/E33 -> 1.0048565 | J33: =(F33)-(G33) -> 5.2264342e-26 | K33: 70.265005 | M33: =N33^-1 -> 0.0014824698 | N33: 674.55 | O33: 3.990775e-05 | P33: =6.0223E+23/O33 -> 1.5090553e+28 | Q33: 0.00032881888 | U33: =0.4598*U9+0.3891*U10+0.1511*U14 -> 2.921724e-10 | V33: =U33*10000000000 -> 2.921724 | W33: 1761445 | X33: 2024.7769 | AB33: 3 | AC33: 4 | AD33: =AB33+AC33 -> 7 | AG33: 0.47124631 | AH33: 0.2046NaCl-0.4131KCl-0.3823MgCl2 (Wang, 2021) | AM33: 5.2 | AN33: Estimated via chloride melts analogy | AO33: Chen & Sato (1983) | AP33: https://journal.buct.edu.cn/EN/10.13543/j.bhxbzr.2023.03.007
A34: 0.345NaF-0.59KF-0.065MgF2 | C34: 3 | D34: 24.785 | E34: 24.72 | F34: =D34*1.6726219E-27 -> 4.1455934e-26 | G34: =E34*9.1093856E-31 -> 2.2518401e-29 | H34: =((F34*D34)/(G34*E34)) -> 1845.8211 | I34: =D34/E34 -> 1.0026294 | J34: =(F34)-(G34) -> 4.1433415e-26 | K34: 52.812707 | M34: =N34^-1 -> 0.0010416667 | N34: 960 | O34: 2.5195547e-05 | P34: =6.0223E+23/O34 -> 2.3902239e+28 | Q34: 0.00031944978 | U34: =0.345*U4+0.59*U5+0.065*U12 -> 2.5429e-10 | V34: =U34*10000000000 -> 2.5429 | W34: 2110100.6 | X34: 1885.1934 | AB34: 3 | AC34: 4 | AD34: =AB34+AC34 -> 7 | AG34: 0.76602038 | AH34: 0.345NaF-0.59KF-0.065MgF2 (Rudenko, 2024) | AM34: 5.9 | AN34: Estimated from fluoride trend (FLiBe/FLiNaK modeling) | AO34: Porter et al. (2022) | AP34: https://www.nature.com/articles/s42004-022-00684-6
A35: 0.582LiCl-0.418KCl | C35: 2 | D35: 26.688 | E35: 26.688 | F35: =D35*1.6726219E-27 -> 4.4638933e-26 | G35: =E35*9.1093856E-31 -> 2.4311128e-29 | H35: =((F35*D35)/(G35*E35)) -> 1836.1523 | I35: =D35/E35 -> 1 | J35: =(F35)-(G35) -> 4.4614622e-26 | K35: 55.835751 | L35: =0.087*EXP(20900/(8.3144598*N35))/1000 -> 0.0046437178 | M35: =N35^-1 -> 0.0015822785 | N35: 632 | O35: 3.2950649e-05 | P35: =6.0223E+23/O35 -> 1.8276727e+28 | Q35: 0.00033829968 | U35: =0.582*U8+0.418*U10 -> 2.82916e-10 | V35: =U35*10000000000 -> 2.82916 | W35: 1676175.3 | X35: 2084.8843 | AB35: 2 | AC35: 2 | AD35: =AB35+AC35 -> 4 | AM35: 5.2 | AN35: Estimated via chloride melts analogy | AO35: Chen & Sato (1983) | AP35: https://journal.buct.edu.cn/EN/10.13543/j.bhxbzr.2023.03.007 | BC35: =L35/(W35/1000*(X35+Y35*N35)) -> 1.3288146e-09
A36: 0.6LiF-0.4NaF | C36: 2 | D36: 15.2 | E36: 15.2 | F36: =D36*1.6726219E-27 -> 2.5423853e-26 | G36: =E36*9.1093856E-31 -> 1.3846266e-29 | H36: =((F36*D36)/(G36*E36)) -> 1836.1523 | I36: =D36/E36 -> 1 | J36: =(F36)-(G36) -> 2.5410007e-26 | K36: 32.3586 | L36: =0.116*EXP(26800/(8.3144598*N36))/1000 -> 0.0039071252 | M36: =N36^-1 -> 0.0010911075 | N36: 916.5 | O36: 1.5885584e-05 | P36: =6.0223E+23/O36 -> 3.7910474e+28 | Q36: 0.00027773489 | U36: =0.6*U3+0.4*U4 -> 2.194e-10 | V36: =U36*10000000000 -> 2.194 | W36: 2014141.4 | X36: 2298.2284 | AB36: 2 | AC36: 2 | AD36: =AB36+AC36 -> 4 | AM36: 5.9 | AN36: Estimated from fluoride trend (FLiBe/FLiNaK modeling) | AO36: Porter et al. (2022) | AP36: https://www.nature.com/articles/s42004-022-00684-6 | BC36: =L36/(W36/1000*(X36+Y36*N36)) -> 8.4406168e-10
A37: 0.63NaCl-0.37UCl3 (ORNL) | C37: 2 | D37: 57.97 | E37: 57.23 | F37: =D37*1.6726219E-27 -> 9.6961892e-26 | G37: =E37*9.1093856E-31 -> 5.2133014e-29 | H37: =((F37*D37)/(G37*E37)) -> 1883.9432 | I37: =D37/E37 -> 1.0129303 | J37: =(F37)-(G37) -> 9.6909759e-26 | K37: 164.24072 | L37: =10^(-1.2675+1704/N37+0/N37^2)/1000 -> 0.0080532167 | M37: =N37^-1 -> 0.0012755102 | N37: 784 | O37: 4.6078431e-05 | P37: =6.0223E+23/O37 -> 1.3069672e+28 | Q37: 0.00034092676 | U37: =0.63*U9+0.37*U23 -> 2.8818e-10 | V37: =U37*10000000000 -> 2.8818 | W37: 2996639.7 | X37: 1451.7495 | AB37: 2 | AC37: 4 | AD37: =AB37+AC37 -> 6 | AG37: 0.25012655 | AH37: 63NaCl-37UCl3 (Termini, 2024) | AM37: 5.2 | AN37: Estimated via chloride melts analogy | AO37: Chen & Sato (1983) | AP37: https://journal.buct.edu.cn/EN/10.13543/j.bhxbzr.2023.03.007 | BC37: =L37/(W37/1000*(X37+Y37*N37)) -> 1.8511567e-09
A38: 0.658NaCl-0.342UCl3 (ANL) | C38: 2 | D38: 55.702 | E38: 55.018 | F38: =D38*1.6726219E-27 -> 9.3168385e-26 | G38: =E38*9.1093856E-31 -> 5.0118018e-29 | H38: =((F38*D38)/(G38*E38)) -> 1882.0912 | I38: =D38/E38 -> 1.0124323 | J38: =(F38)-(G38) -> 9.3118267e-26 | K38: 156.23418 | L38: =10^(-1.2179+1557/N38+0/N38^2)/1000 -> 0.0058623182 | M38: =N38^-1 -> 0.0012755102 | N38: 784 | O38: 4.5172249e-05 | P38: =6.0223E+23/O38 -> 1.3331858e+28 | Q38: 0.00034144514 | U38: =0.658*U9+0.342*U23 -> 2.87788e-10 | V38: =U38*10000000000 -> 2.87788 | W38: 2899543.9 | X38: 1470.4556 | AB38: 2 | AC38: 4 | AD38: =AB38+AC38 -> 6 | AG38: 0.20694427 | AH38: 65.8NaCl-34.2UCl3 (Rose, 2023) | AM38: 5.2 | AN38: Estimated via chloride melts analogy | AO38: Chen & Sato (1983) | AP38: https://journal.buct.edu.cn/EN/10.13543/j.bhxbzr.2023.03.007 | BC38: =L38/(W38/1000*(X38+Y38*N38)) -> 1.3749528e-09
A39: (NaF-KF)-.3UF4 | K39: 128.10887 | L39: =0.0767*EXP(39300/(8.3144598*N39))/1000 -> 0.0090410767 | N39: 991 | O39: 3.0243424e-05 | P39: =6.0223E+23/O39 -> 1.9912758e+28 | Q39: 0.00023876282 | U39: =0.582*U4+0.388*U5+0.3*U22 -> 3.08518e-10 | V39: =U39*10000000000 -> 3.08518 | W39: 3498633.6 | X39: =#REF! -> #REF! | AB39: 3 | AC39: 6 | AD39: =AB39+AC39 -> 9 | AG39: 0.51901235 | AH39: 0.42KF-0.28NaF-0.30UF4 (Rudenko, 2024) | AM39: 5.9 | AN39: Estimated from fluoride trend (FLiBe/FLiNaK modeling) | AO39: Porter et al. (2022) | AP39: https://www.nature.com/articles/s42004-022-00684-6 | BC39: =L39/(W39/1000*(X39+Y39*N39)) -> #REF!
A40: (NaF-KF)-.4UF4 | K40: 154.66796 | L40: =0.0767*EXP(39300/(8.3144598*N40))/1000 -> 0.0081514268 | N40: 1013 | O40: 3.2645143e-05 | P40: =6.0223E+23/O40 -> 1.8447767e+28 | Q40: 0.00022077563 | U40: =0.576*U4+0.384*U5+0.4*U22 -> 3.28224e-10 | V40: =U40*10000000000 -> 3.28224 | W40: 3957693.6 | X40: =#REF! -> #REF! | AB40: 3 | AC40: 6 | AD40: =AB40+AC40 -> 9 | AG40: 0.50823423 | AH40: 0.36KF-0.24NaF-0.40UF4 (Rudenko, 2024) | AM40: 5.9 | AN40: Estimated from fluoride trend (FLiBe/FLiNaK modeling) | AO40: Porter et al. (2022) | AP40: https://www.nature.com/articles/s42004-022-00684-6 | BC40: =L40/(W40/1000*(X40+Y40*N40)) -> #REF!
A41: (NaF-KF)-.5UF4 | K41: 181.22705 | L41: =0.0767*EXP(39300/(8.3144598*N41))/1000 -> 0.0078587879 | N41: 1021 | O41: 3.494914e-05 | P41: =6.0223E+23/O41 -> 1.7231611e+28 | Q41: 0.00020501178 | U41: =0.57*U4+0.38*U5+0.5*U22 -> 3.4793e-10 | V41: =U41*10000000000 -> 3.4793 | W41: 4426131.4 | X41: =#REF! -> #REF! | AB41: 3 | AC41: 6 | AD41: =AB41+AC41 -> 9 | AG41: 0.40028571 | AH41: 0.30KF-0.20NaF-0.50UF4 (Rudenko, 2024) | AM41: 5.9 | AN41: Estimated from fluoride trend (FLiBe/FLiNaK modeling) | AO41: Porter et al. (2022) | AP41: https://www.nature.com/articles/s42004-022-00684-6 | BC41: =L41/(W41/1000*(X41+Y41*N41)) -> #REF!
A42: H2O | B42: 0.01 | C42: 1 | D42: 10 | E42: 10 | F42: =D42*1.6726219E-27 -> 1.6726219e-26 | G42: =E42*9.1093856E-31 -> 9.1093856e-30 | H42: =((F42*D42)/(G42*E42)) -> 1836.1523 | I42: =D42/E42 -> 1 | J42: =(F42)-(G42) -> 1.671711e-26 | K42: 18.015 | L42: 0.001793 | M42: =N42^-1 -> 0.0036609921 | N42: 273.15 | O42: 1.802e-05 | P42: =6.0223E+23/O42 -> 3.3420089e+28 | Q42: 5.1e-05 | U42: 3.1e-10 | V42: =U42*10000000000 -> 3.1 | W42: 999840 | X42: 1403 | Y42: 0 | Z42: 999840 | AA42: 0 | BC42: =L42/(W42/1000*(X42+Y42*N42)) -> 1.2781803e-09
AM45: ε_0 (F/m)
AM46: 8.85419e-12
AM47: k_B (J/K)
AM48: 1.380649e-23
AM49: e (C )
AM50: 1.602e-19
AM51: r_nominal (m)
G52: LiCl | H52: 5.6672852 | AM52: =AVERAGE(U3:U43) -> 2.6046656e-10
G53: NaCl | H53: 3.6125286
G54: KCl | H54: 2.160308

Sheet WalzPDFpeaks
B1: 100C above melting temp | O1: At melting temp
A2: From Walz, 2019 | B2: Salt | C2: Temperature (K) | D2: rIJ (pm) | E2: NIJ | F2: rII (pm) | G2: NII | H2: rJJ (pm) | I2: NJJ | K2: cc-ca dif | L2: Avg cc-ca dif | M2: =AVERAGE(K3:K22) -> 139.4 | O2: Salt | P2: Temperature (K) | Q2: rIJ (pm) | R2: NIJ | S2: rII (pm) | T2: NII | U2: rJJ (pm) | V2: NJJ | X2: cc-ca dif | Y2: Avg cc-ca dif
B3: LiF | C3: 1218.15 | D3: 184 | E3: 5.2 | F3: 282 | G3: 14.6 | H3: 284 | I3: 14.9 | K3: =F3-D3 -> 98 | M3: =K3/D3 -> 0.5326087 | O3: LiF | P3: 1118.15 | Q3: 186 | R3: 5.3 | S3: 280 | T3: 14.9 | U3: 284 | V3: 15 | Y3: =AVERAGE(X3:X23) -> #DIV/0!
B4: NaF | C4: 1366.15 | D4: 214 | E4: 5 | F4: 326 | G4: 14.2 | H4: 334 | I4: 14.5 | K4: =F4-D4 -> 112 | M4: =K4/D4 -> 0.52336449 | O4: NaF | P4: 1266.15 | Q4: 216 | R4: 5.1 | S4: 326 | T4: 14.6 | U4: 332 | V4: 14.8
B5: KF | C5: 1231.15 | D5: 244 | E5: 4.8 | F5: 380 | G5: 13.3 | H5: 384 | I5: 13.7 | K5: =F5-D5 -> 136 | M5: =K5/D5 -> 0.55737705 | O5: KF | P5: 1131.15 | Q5: 246 | R5: 4.8 | S5: 378 | T5: 13.8 | U5: 382 | V5: 13.8
B6: RbF | C6: 1168.15 | D6: 256 | E6: 4.6 | F6: 400 | G6: 12.9 | H6: 406 | I6: 13 | K6: =F6-D6 -> 144 | M6: =K6/D6 -> 0.5625 | O6: RbF | P6: 1068.15 | Q6: 258 | R6: 4.7 | S6: 400 | T6: 13.5 | U6: 406 | V6: 13.4
B7: CsF | C7: 1055.15 | D7: 276 | E7: 4.7 | F7: 424 | G7: 13.3 | H7: 428 | I7: 13.3 | K7: =F7-D7 -> 148 | M7: =K7/D7 -> 0.53623188 | O7: CsF | P7: 955.15 | Q7: 278 | R7: 4.8 | S7: 424 | T7: 13.7 | U7: 422 | V7: 13.8
B8: LiCl | C8: 978.15 | D8: 236 | E8: 5 | F8: 352 | G8: 14.1 | H8: 362 | I8: 14.1 | K8: =F8-D8 -> 116 | M8: =K8/D8 -> 0.49152542 | O8: LiCl | P8: 878.15 | Q8: 238 | R8: 5.2 | S8: 352 | T8: 14.7 | U8: 358 | V8: 14.8
B9: NaCl | C9: 1174.15 | D9: 264 | E9: 5.1 | F9: 396 | G9: 14.5 | H9: 404 | I9: 14.7 | K9: =F9-D9 -> 132 | M9: =K9/D9 -> 0.5 | O9: NaCl | P9: 1074.15 | Q9: 264 | R9: 5.3 | S9: 392 | T9: 15.2 | U9: 398 | V9: 15.2
B10: KCl | C10: 1143.15 | D10: 296 | E10: 5.2 | F10: 438 | G10: 15.2 | H10: 452 | I10: 15.1 | K10: =F10-D10 -> 142 | M10: =K10/D10 -> 0.47972973 | O10: KCl | P10: 1043.15 | Q10: 296 | R10: 5.4 | S10: 438 | T10: 15.4 | U10: 446 | V10: 15.7
B11: RbCl | C11: 1091.15 | D11: 310 | E11: 5.3 | F11: 460 | G11: 14.9 | H11: 470 | I11: 15 | K11: =F11-D11 -> 150 | M11: =K11/D11 -> 0.48387097 | O11: RbCl | P11: 991.15 | Q11: 310 | R11: 5.4 | S11: 456 | T11: 15.8 | U11: 464 | V11: 15.9
B12: CsCl | C12: 1018.15 | D12: 326 | E12: 5.3 | F12: 482 | G12: 15.3 | H12: 488 | I12: 15.6 | K12: =F12-D12 -> 156 | M12: =K12/D12 -> 0.47852761 | O12: CsCl | P12: 918.15 | Q12: 328 | R12: 5.5 | S12: 478 | T12: 16 | U12: 488 | V12: 16
B13: LiBr | C13: 923.15 | D13: 252 | E13: 4.9 | F13: 372 | G13: 13.9 | H13: 388 | I13: 14 | K13: =F13-D13 -> 120 | M13: =K13/D13 -> 0.47619048 | O13: LiBr | P13: 823.15 | Q13: 252 | R13: 5 | S13: 374 | T13: 14.4 | U13: 386 | V13: 14.5
B14: NaBr | C14: 1120.15 | D14: 280 | E14: 5.1 | F14: 416 | G14: 14.7 | H14: 426 | I14: 14.5 | K14: =F14-D14 -> 136 | M14: =K14/D14 -> 0.48571429 | O14: NaBr | P14: 1020.15 | Q14: 280 | R14: 5.3 | S14: 414 | T14: 15 | U14: 420 | V14: 15.2
B15: KBr | C15: 1107.15 | D15: 312 | E15: 5.3 | F15: 458 | G15: 15 | H15: 470 | I15: 15.4 | K15: =F15-D15 -> 146 | M15: =K15/D15 -> 0.46794872 | O15: KBr | P15: 1007.15 | Q15: 312 | R15: 5.5 | S15: 456 | T15: 15.8 | U15: 466 | V15: 15.8
... B22: CsI | C22: 999.15 | D22: 366 | E22: 5.5 | F22: 530 | G22: 15.9 | H22: 546 | I22: 15.8 | K22: =F22-D22 -> 164 | M22: =K22/D22 -> 0.44808743 | O22: CsI | P22: 899.15 | Q22: 366 | R22: 5.7 | S22: 526 | T22: 16.7 | U22: 542 | V22: 16.5
