Workbook

Sheet MFP-rsum (2)
A1: Compound | B1: S/cm | C1: order | D1: protons | E1: electrons | F1: Mp/molecule | G1: Me/molecule | H1: ratio of Mpe*# | I1: ratio | J1: Dif mass | K1: M_i (g/mol) | L1: Visc (N*s/m^2) | M1: T_i_m (K) inverse | N1: T_i_m (K) | O1: V_i_m (m^3/mol) | P1: alpha_i_m (K^-1) | R1: r_c (m) | S1: r_a (m) | T1: sum_radii | U1: Cat_mass | V1: An_mass | W1: Red. Mass | X1: rho_m (g/m^3) | Y1: SoS(T)_A (A+B*T) | Z1: SoS(T)_B | AA1: A (Density (g/cm3): A - BT(K)) | AB1: B (Density (g/cm3): A - BT(K)) | AC1: #_cations | AD1: #_anions | AE1: sum_ions | AF1: 1/3*Cp*vs*r_sumCorrect | AG1: 1/3*Cp*vs*1stPk | AH1: λ_init | AI1: λ_T,m | AK1: 1.15 | AL1: 0.85 | AM1: λ_SCL | AN1: k_SCL | AO1: % Dev. - Present Model | AP1: k_Gheribi | AQ1: % Dev, Kinetic Theory | AR1: k_Zhao | AS1: 1/3*Cp*vs*DistPk_FstSound | AT1: Dev | AU1: 1/3*Cp*vs*DistPk | AV1: Dev | AW1: 1/3*Cp*vs*r_sum | AX1: dev_λ | AY1: c_BC,Dist | AZ1: 1/3*v*λDistFast | BA1: c_BC_fast | BB1: 1/3*Cp*vs | BC1: r_sum | BD1: frequency | BE1: 1stPeak | BF1: DistMFP | BG1: AvgMFP | BH1: λBC | BI1: MFP_calc | BJ1: MFP_dev | BK1: 1/3*Cp*r_sum | BL1: SoS_Tm | BM1: SoS_metal | BN1: vs_calc | BO1: vs_dev | BP1: 1/3*vs*r_sum | BQ1: C_i_p (J/mol/K) | BR1: Cp(J/m3-K) | BS1: Cp_calc | BT1: Cp_dev | BY1: Visc/(Dens*C0)
A2: LiF | B2: 9.95 | C2: 1 | D2: 12 | E2: 12 | F2: =D2*1.6726219E-27 -> 2.0071463e-26 | G2: =E2*9.1093856E-31 -> 1.0931263e-29 | H2: =((F2*D2)/(G2*E2)) -> 1836.1523 | I2: =D2/E2 -> 1 | J2: =(F2)-(G2) -> 2.0060532e-26 | K2: 25.939 | L2: =0.115*EXP(27000/(8.3144598*N2))/1000 -> 0.0020988673 | M2: =N2^-1 -> 0.00089433439 | N2: 1118.15 | O2: 1.42e-05 | P2: 0.000268 | R2: 7.6e-11 | S2: 1.33e-10 | T2: =S2+R2 -> 2.09e-10 | U2: 6.941 | V2: 18.9984 | W2: =U2*V2/(U2+V2) -> 5.083691 | X2: 1810000 | Y2: 2547.8 | Z2: 0 | AA2: 2.3581 | AB2: -0.0004902 | AC2: 1 | AD2: 1 | AE2: =AC2+AD2 -> 2 | AF2: =1/3*BR2*BL2*T2 -> 8.0248523e-07 | AG2: =1/3*BR2*BL2*BE2 -> 7.2246878e-07 | AH2: 1.33125 | AI2: 1.2682351 | AJ2: Golyshev, 1982; Golyshev, 1983; Golyshev, 1992; Smirnov, 1987; Khlebnikov, 1981 | AK2: =AI2*AK$1 -> 1.4584703 | AL2: =AI2*AL$1 -> 1.0779998 | AM2: 3.315991e-10 | AN2: 1.27255 | AO2: =ABS(AI2-AN2)/AI2 -> 0.0034023051 | AP2: 1.3498415 | AQ2: =ABS(AI2-AP2)/AI2 -> 0.06434646 | AR2: 0.80206173 | AS2: 1.2205689 | AT2: =ABS(($AI2-AS2)/$AI2) -> 0.037584635 | AU2: 0.89818968 | AV2: =ABS(($AI2-AU2)/$AI2) -> 0.29177981 | AW2: 0.79448872 | AX2: =(AI2-AW2)/AI2 -> 0.37354774 | AY2: . | AZ2: 2.7246206e-07 | BA2: =AI2/(AZ2)*0.000001 -> 4.6547217 | BB2: 3.8013815e+09 | BC2: =AW2/BB2 -> 2.09e-10 | BD2: =SQRT((BC2-BE2)/W2) -> 2.0246721e-06 | BE2: 1.8816044e-10 | BF2: 2.3551445e-10 | BG2: 2.3535591e-10 | BH2: =AI2/(1/3*BR2*BL2) -> 0.00033030032 | BI2: =AI2/BB2 -> 3.3362478e-10 | BJ2: =(BI2-BC2)/BC2 -> 0.59629082 | BK2: =AW2/BL2 -> 0.00031183324 | BL2: =Y2+Z2*N2 -> 2547.8 | BM2: 3500 | BN2: =AI2/BK2 -> 4067.0298 | BO2: =(BN2-BL2)/BL2 -> 0.59629082 | BP2: =AW2/BQ2 -> 0.012375214 | BQ2: 64.2 | BR2: =BQ2/O2*0.000001 -> 4.5211268 | BS2: =AI2/(BP2) -> 102.48187 | BT2: =(BS2-BQ2)/BQ2 -> 0.59629082 | BY2: =L2/(X2/1000*(Y2+Z2*N2)) -> 4.5513588e-10
A3: NaF | B3: 6.9 | C3: 1 | D3: 20 | E3: 20 | F3: =D3*1.6726219E-27 -> 3.3452438e-26 | G3: =E3*9.1093856E-31 -> 1.8218771e-29 | H3: =((F3*D3)/(G3*E3)) -> 1836.1523 | I3: =D3/E3 -> 1 | J3: =(F3)-(G3) -> 3.3434219e-26 | K3: 41.988 | L3: =0.12*EXP(26500/(8.3144598*N3))/1000 -> 0.0014814456 | M3: =N3^-1 -> 0.00078855025 | N3: 1268.15 | O3: 2.16e-05 | P3: 0.000288 | R3: 1.02e-10 | S3: 1.33e-10 | T3: =S3+R3 -> 2.35e-10 | U3: 22.98977 | V3: 18.9984 | W3: =U3*V3/(U3+V3) -> 10.402188 | X3: 1950000 | Y3: 2085.5 | Z3: 0 | AA3: 2.755 | AB3: -0.000636 | AC3: 1 | AD3: 1 | AE3: =AC3+AD3 -> 2 | AF3: =1/3*BR3*BL3*T3 -> 5.3093354e-07 | AG3: =1/3*BR3*BL3*BE3 -> 4.9109756e-07 | AH3: 0.8279 | AI3: 1.2192784 | AJ3: Smirnov, 1987; Polyakov, 1975 | AK3: =AI3*AK$1 -> 1.4021702 | AL3: =AI3*AL$1 -> 1.0363867 | AM3: 3.7969068224247864E-10 | AN3: 0.85709429 | AO3: =ABS(AI3-AN3)/AI3 -> 0.29704794 | AP3: 0.8422681 | AQ3: =ABS(AI3-AP3)/AI3 -> 0.30920775 | AR3: 0.53047696 | AS3: 0.78916546 | AT3: =ABS(($AI3-AS3)/$AI3) -> 0.35276026 | AU3: 0.60313763 | AV3: =ABS(($AI3-AU3)/$AI3) -> 0.50533232 | AW3: 0.53220718 | AX3: =(AI3-AW3)/AI3 -> 0.56350645 | AY3: =AI3/(1/3*BL3*BG3) -> 6625164.3 | AZ3: 2.4225091e-07 | BA3: =AI3/(AZ3)*0.000001 -> 5.0331223 | BB3: 2.2647114e+09 | BC3: =AW3/BB3 -> 2.35e-10 | BD3: =SQRT((BC3-BE3)/W3) -> 1.3019349e-06 | BE3: 2.1736793e-10 | BF3: 2.6496648e-10 | BG3: 2.6473862e-10 | BH3: =AI3/(1/3*BR3*BL3) -> 0.00053967288 | BI3: =AI3/BB3 -> 5.3838138e-10 | BJ3: =(BI3-BC3)/BC3 -> 1.2909846 | BK3: =AW3/BL3 -> 0.00025519404 | BL3: =Y3+Z3*N3 -> 2085.5 | BM3: 2720 | BN3: =AI3/BK3 -> 4777.8484 | BO3: =(BN3-BL3)/BL3 -> 1.2909846 | BP3: =AW3/BQ3 -> 0.0075812988 | BQ3: 70.2 | BR3: =BQ3/O3*0.000001 -> 3.25 | BS3: =AI3/(BP3) -> 160.82712 | BT3: =(BS3-BQ3)/BQ3 -> 1.2909846 | BY3: =L3/(X3/1000*(Y3+Z3*N3)) -> 3.6428469e-10
A4: KF | B4: 5.1 | C4: 1 | D4: 28 | E4: 28 | F4: =D4*1.6726219E-27 -> 4.6833413e-26 | G4: =E4*9.1093856E-31 -> 2.550628e-29 | H4: =((F4*D4)/(G4*E4)) -> 1836.1523 | I4: =D4/E4 -> 1 | J4: =(F4)-(G4) -> 4.6807907e-26 | K4: 58.097 | L4: =0.107*EXP(23800/(8.3144598*N4))/1000 -> 0.001350063 | M4: =N4^-1 -> 0.00088562193 | N4: 1129.15 | O4: 3.04e-05 | P4: 0.000341 | R4: 1.38e-10 | S4: 1.33e-10 | T4: =S4+R4 -> 2.71e-10 | U4: 39.0983 | V4: 18.9984 | W4: =U4*V4/(U4+V4) -> 12.785668 | X4: 1910000 | Y4: 1816.4 | Z4: 0 | AA4: 2.6464 | AB4: -0.0006515 | AC4: 1 | AD4: 1 | AE4: =AC4+AD4 -> 2 | AF4: =1/3*BR4*BL4*T4 -> 3.6108717e-07 | AG4: =1/3*BR4*BL4*BE4 -> 3.2961603e-07 | AH4: 0.57 | AI4: 0.62200825 | AJ4: Smirnov, 1987 | AK4: =AI4*AK$1 -> 0.71530949 | AL4: =AI4*AL$1 -> 0.52870702 | AM4: 4.254924144410876E-10 | AN4: 0.57175442 | AO4: =ABS(AI4-AN4)/AI4 -> 0.080792871 | AP4: 0.58268228 | AQ4: =ABS(AI4-AP4)/AI4 -> 0.0632242 | AR4: 0.36415561 | AS4: 0.5353456 | AT4: =ABS(($AI4-AS4)/$AI4) -> 0.13932717 | AU4: 0.41627405 | AV4: =ABS(($AI4-AU4)/$AI4) -> 0.330758 | AW4: 0.36077309 | AX4: =(AI4-AW4)/AI4 -> 0.41998665 | AY4: =AI4/(1/3*BL4*BG4) -> 3390174.5 | AZ4: 2.4330776e-07 | BA4: =AI4/(AZ4)*0.000001 -> 2.5564669 | BB4: 1.331266e+09 | BC4: =AW4/BB4 -> 2.71e-10 | BD4: =SQRT((BC4-BE4)/W4) -> 1.359168e-06 | BE4: 2.4738055e-10 | BF4: 3.0052361e-10 | BG4: 3.0302877e-10 | BH4: =AI4/(1/3*BR4*BL4) -> 0.00046682421 | BI4: =AI4/BB4 -> 4.6723063e-10 | BJ4: =(BI4-BC4)/BC4 -> 0.72409825 | BK4: =AW4/BL4 -> 0.00019861985 | BL4: =Y4+Z4*N4 -> 1816.4 | BM4: 2360 | BN4: =AI4/BK4 -> 3131.6521 | BO4: =(BN4-BL4)/BL4 -> 0.72409825 | BP4: =AW4/BQ4 -> 0.0053927218 | BQ4: 66.9 | BR4: =BQ4/O4*0.000001 -> 2.2006579 | BS4: =AI4/(BP4) -> 115.34217 | BT4: =(BS4-BQ4)/BQ4 -> 0.72409825 | BY4: =L4/(X4/1000*(Y4+Z4*N4)) -> 3.8914297e-10
A5: RbF | C5: 1 | D5: 46 | E5: 46 | F5: =D5*1.6726219E-27 -> 7.6940607e-26 | G5: =E5*9.1093856E-31 -> 4.1903174e-29 | H5: =((F5*D5)/(G5*E5)) -> 1836.1523 | I5: =D5/E5 -> 1 | J5: =(F5)-(G5) -> 7.6898704e-26 | K5: 104.4662 | L5: =0.115*EXP(27000/(8.3144598*N5))/1000 -> 0.0025481161 | M5: =N5^-1 -> 0.00095406192 | N5: 1048.15 | O5: 3.57e-05 | P5: 0.000349 | R5: 1.52e-10 | S5: 1.33e-10 | T5: =S5+R5 -> 2.85e-10 | U5: 85.4678 | V5: 18.9984 | W5: =U5*V5/(U5+V5) -> 15.543319 | X5: =K5/O5 -> 2926224.1 | Y5: 1760.4 | Z5: 0 | AA5: =X5*100^3/1000 -> 2.9262241e+09 | AB5: 0 | AF5: =1/3*BR5*BL5*T5 -> 3.2557538e-07 | AG5: =1/3*BR5*BL5*BE5 -> 2.9579641e-07 | AH5: 0.48965 | BD5: =SQRT((BC5-BE5)/W5) -> #NUM! | BE5: 2.5893228e-10 | BF5: 3.1433568e-10 | BH5: =AI5/(1/3*BR5*BL5) -> 0 | BI5: 2.5893228e-10 | BL5: =Y5+Z5*N5 -> 1760.4 | BP5: =AW5/BQ5 -> 0 | BQ5: 69.5 | BR5: =BQ5/O5*0.000001 -> 1.9467787 | BY5: =L5/(X5/1000*(Y5+Z5*N5)) -> 4.9465257e-10
A6: CsF | C6: 1 | D6: 64 | E6: 64 | F6: =D6*1.6726219E-27 -> 1.070478e-25 | G6: =E6*9.1093856E-31 -> 5.8300068e-29 | H6: =((F6*D6)/(G6*E6)) -> 1836.1523 | I6: =D6/E6 -> 1 | J6: =(F6)-(G6) -> 1.069895e-25 | K6: 58.44 | L6: =0.115*EXP(27000/(8.3144598*N6))/1000 -> 0.0034453112 | M6: =N6^-1 -> 0.001046956 | N6: 955.15 | O6: 4.57e-05 | P6: 0.000385 | R6: 1.67e-10 | S6: 1.33e-10 | T6: =S6+R6 -> 3e-10 | U6: 132.9055 | V6: 18.9984 | W6: =U6*V6/(U6+V6) -> 16.622298 | X6: 2196977.2 | Y6: 2732.9322 | Z6: -0.915 | AA6: 4.8985 | AB6: -0.000543 | AF6: =1/3*BR6*BL6*T6 -> 3.0142161e-07 | AG6: =1/3*BR6*BL6*BE6 -> 2.8095437e-07 | AH6: 0.36715 | BD6: =SQRT((BC6-BE6)/W6) -> #NUM! | BE6: 2.7962928e-10 | BF6: 3.3920043e-10 | BH6: =AI6/(1/3*BR6*BL6) -> 0 | BI6: 2.7962928e-10 | BL6: =Y6+Z6*N6 -> 1858.97 | BP6: =AW6/BQ6 -> 0 | BQ6: 74.1 | BR6: =BQ6/O6*0.000001 -> 1.6214442 | BY6: =L6/(X6/1000*(Y6+Z6*N6)) -> 8.4358824e-10
A7: LiCl | B7: 3.67 | C7: 1 | D7: 20 | E7: 20 | F7: =D7*1.6726219E-27 -> 3.3452438e-26 | G7: =E7*9.1093856E-31 -> 1.8218771e-29 | H7: =((F7*D7)/(G7*E7)) -> 1836.1523 | I7: =D7/E7 -> 1 | J7: =(F7)-(G7) -> 3.3434219e-26 | K7: 42.394 | L7: =0.0726*EXP(22400/(8.3144598*N7))/1000 -> 0.0015609789 | M7: =N7^-1 -> 0.0011388225 | N7: 878.1 | O7: =K7/X7 -> 2.8281521e-05 | P7: 0.000288 | R7: 7.6e-11 | S7: 1.81e-10 | T7: =S7+R7 -> 2.57e-10 | U7: 6.941 | V7: 35.453 | W7: =U7*V7/(U7+V7) -> 5.8045778 | X7: 1499000 | Y7: 2787.9043 | Z7: -0.849 | AA7: 1.8842 | AB7: -0.0004328 | AC7: 1 | AD7: 1 | AE7: =AC7+AD7 -> 2 | AF7: =1/3*BR7*BL7*T7 -> 4.0225026e-07 | AG7: =1/3*BR7*BL7*BE7 -> 3.7226977e-07 | AH7: 0.6126 | AI7: 0.62171538 | AJ7: Nagasaka,1992 | AK7: =AI7*AK$1 -> 0.71497269 | AL7: =AI7*AL$1 -> 0.52845808 | AM7: 4.1180986e-10 | AN7: 0.65758854 | AO7: =ABS(AI7-AN7)/AI7 -> 0.057700281 | AP7: 0.68631947 | AQ7: =ABS(AI7-AP7)/AI7 -> 0.10391264 | AR7: 0.41038419 | AS7: 0.79296638 | AT7: =ABS(($AI7-AS7)/$AI7) -> 0.27544919 | AU7: 0.47211359 | AV7: =ABS(($AI7-AU7)/$AI7) -> 0.24062746 | AW7: 0.40224439 | AX7: =(AI7-AW7)/AI7 -> 0.35300878 | AY7: =AI7/(1/3*BL7*BG7) -> 3057984.9 | AZ7: 3.4373591e-07 | BA7: =AI7/(AZ7)*0.000001 -> 1.8087007 | BB7: 1.5651533e+09 | BC7: =AW7/BB7 -> 2.57e-10 | BD7: =SQRT((BC7-BE7)/W7) -> 1.8165711e-06 | BE7: 2.378453e-10 | BF7: 2.8537175e-10 | BG7: 2.9863264e-10 | BH7: =AI7/(1/3*BR7*BL7) -> 0.00039721753 | BI7: =AI7/BB7 -> 3.9722332e-10 | BJ7: =(BI7-BC7)/BC7 -> 0.54561604 | BK7: =AW7/BL7 -> 0.00019694717 | BL7: =Y7+Z7*N7 -> 2042.3974 | BM7: 3500 | BN7: =AI7/BK7 -> 3156.7623 | BO7: =(BN7-BL7)/BL7 -> 0.54561604 | BP7: =AW7/BQ7 -> 0.0061864717 | BQ7: 65.02 | BR7: =BQ7/O7*0.000001 -> 2.2990277 | BS7: =AI7/(BP7) -> 100.49595 | BT7: =(BS7-BQ7)/BQ7 -> 0.54561604 | BY7: =L7/(X7/1000*(Y7+Z7*N7)) -> 5.0986493e-10
A8: NaCl | B8: 3.94 | C8: 1 | D8: 28 | E8: 28 | F8: =D8*1.6726219E-27 -> 4.6833413e-26 | G8: =E8*9.1093856E-31 -> 2.550628e-29 | H8: =((F8*D8)/(G8*E8)) -> 1836.1523 | I8: =D8/E8 -> 1 | J8: =(F8)-(G8) -> 4.6807907e-26 | K8: 58.44 | L8: =0.0893*EXP(22000/(8.3144598*N8))/1000 -> 0.0010321391 | M8: =N8^-1 -> 0.00092494104 | N8: 1081.15 | O8: 3.765e-05 | P8: 0.00035 | R8: 1.02e-10 | S8: 1.81e-10 | T8: =S8+R8 -> 2.83e-10 | U8: 22.98977 | V8: 35.453 | W8: =U8*V8/(U8+V8) -> 13.94623 | X8: 1560000 | Y8: 2732.9322 | Z8: -0.915 | AA8: 2.1393 | AB8: -0.000543 | AC8: 1 | AD8: 1 | AE8: =AC8+AD8 -> 2 | AF8: =1/3*BR8*BL8*T8 -> 3.0415923e-07 | AG8: =1/3*BR8*BL8*BE8 -> 2.8617344e-07 | AH8: 0.4665 | AI8: 0.47705462 | AJ8: Nagasaka,1992; Harada,1992 | AK8: =AI8*AK$1 -> 0.54861281 | AL8: =AI8*AL$1 -> 0.40549643 | AM8: 4.599211434277691E-10 | AN8: 0.50410392 | AO8: =ABS(AI8-AN8)/AI8 -> 0.056700648 | AP8: 0.48682954 | AQ8: =ABS(AI8-AP8)/AI8 -> 0.020490155 | AR8: 0.31018668 | AS8: 0.54053876 | AT8: =ABS(($AI8-AS8)/$AI8) -> 0.1330752 | AU8: 0.35117685 | AV8: =ABS(($AI8-AU8)/$AI8) -> 0.26386448 | AW8: 0.30612615 | AX8: =(AI8-AW8)/AI8 -> 0.35829957 | AY8: =AI8/(1/3*BL8*BG8) -> 2548471.3 | AZ8: 2.9231116e-07 | BA8: =AI8/(AZ8)*0.000001 -> 1.6320096 | BB8: 1.0817179e+09 | BC8: =AW8/BB8 -> 2.83e-10 | BD8: =SQRT((BC8-BE8)/W8) -> 1.0954162e-06 | BE8: 2.6626541e-10 | BF8: 3.2067644e-10 | BG8: 3.2206448e-10 | BH8: =AI8/(1/3*BR8*BL8) -> 0.00044386769 | BI8: =AI8/BB8 -> 4.4101576e-10 | BJ8: =(BI8-BC8)/BC8 -> 0.55835956 | BK8: =AW8/BL8 -> 0.00017556326 | BL8: =Y8+Z8*N8 -> 1743.68 | BM8: 2720 | BN8: =AI8/BK8 -> 2717.2804 | BO8: =(BN8-BL8)/BL8 -> 0.55835956 | BP8: =AW8/BQ8 -> 0.0043971007 | BQ8: 69.62 | BR8: =BQ8/O8*0.000001 -> 1.8491368 | BS8: =AI8/(BP8) -> 108.49299 | BT8: =(BS8-BQ8)/BQ8 -> 0.55835956 | BY8: =L8/(X8/1000*(Y8+Z8*N8)) -> 3.7944326e-10
A9: KCl | B9: 3.34 | C9: 1 | D9: 36 | E9: 36 | F9: =D9*1.6726219E-27 -> 6.0214388e-26 | G9: =E9*9.1093856E-31 -> 3.2793788e-29 | H9: =((F9*D9)/(G9*E9)) -> 1836.1523 | I9: =D9/E9 -> 1 | J9: =(F9)-(G9) -> 6.0181595e-26 | K9: 74.5513 | L9: =0.0708*EXP(23900/(8.3144598*N9))/1000 -> 0.0011078669 | M9: =N9^-1 -> 0.00095680046 | N9: 1045.15 | O9: 4.884e-05 | P9: 0.000382 | R9: 1.38e-10 | S9: 1.81e-10 | T9: =S9+R9 -> 3.19e-10 | U9: 39.0983 | V9: 35.453 | W9: =U9*V9/(U9+V9) -> 18.593264 | X9: 1530000 | Y9: 2514.8257 | Z9: -0.878 | AA9: 2.1359 | AB9: -0.0005831 | AC9: 1 | AD9: 1 | AE9: =AC9+AD9 -> 2 | AF9: =1/3*BR9*BL9*T9 -> 2.5593315e-07 | AG9: =1/3*BR9*BL9*BE9 -> 2.3977579e-07 | AH9: 0.35505 | AI9: 0.36559719 | AJ9: Harada, 1992; Nagasaka, 1992 | AK9: =AI9*AK$1 -> 0.42043677 | AL9: =AI9*AL$1 -> 0.31075761 | AM9: 5.0614944e-10 | AN9: 0.41550006 | AO9: =ABS(AI9-AN9)/AI9 -> 0.13649685 | AP9: 0.3742357 | AQ9: =ABS(AI9-AP9)/AI9 -> 0.023628479 | AR9: 0.26186835 | AS9: 0.4317683 | AT9: =ABS(($AI9-AS9)/$AI9) -> 0.18099457 | AU9: 0.29834704 | AV9: =ABS(($AI9-AU9)/$AI9) -> 0.18394604 | AW9: 0.25652334 | AX9: =(AI9-AW9)/AI9 -> 0.29834434 | AY9: =AI9/(1/3*BL9*BG9) -> 1914248.1 | AZ9: 2.865095e-07 | BA9: =AI9/(AZ9)*0.000001 -> 1.2760386 | BB9: 8.041484e+08 | BC9: =AW9/BB9 -> 3.19e-10 | BD9: =SQRT((BC9-BE9)/W9) -> 1.0407331e-06 | BE9: 2.9886116e-10 | BF9: 5.1446004e-10 | BG9: 3.5873267e-10 | BH9: =AI9/(1/3*BR9*BL9) -> 0.00045568738 | BI9: =AI9/BB9 -> 4.5463896e-10 | BJ9: =(BI9-BC9)/BC9 -> 0.42520051 | BK9: =AW9/BL9 -> 0.00016060976 | BL9: =Y9+Z9*N9 -> 1597.184 | BM9: 2360 | BN9: =AI9/BK9 -> 2276.3074 | BO9: =(BN9-BL9)/BL9 -> 0.42520051 | BP9: =AW9/BQ9 -> 0.0034853715 | BQ9: 73.6 | BR9: =BQ9/O9*0.000001 -> 1.5069615 | BS9: =AI9/(BP9) -> 104.89476 | BT9: =(BS9-BQ9)/BQ9 -> 0.42520051 | BY9: =L9/(X9/1000*(Y9+Z9*N9)) -> 4.5335792e-10
A10: BeF2 | B10: 0.52 | C10: 1 | D10: 13 | E10: 12 | F10: =D10*1.6726219E-27 -> 2.1744085e-26 | G10: =E10*9.1093856E-31 -> 1.0931263e-29 | H10: =((F10*D10)/(G10*E10)) -> 2154.9287 | I10: =D10/E10 -> 1.0833333 | J10: =(F10)-(G10) -> 2.1733153e-26 | K10: 47.01 | L10: =10^(-8.12+11500/N10+639000/N10^2)/1000 -> 1.5280163 | M10: =N10^-1 -> 0.00093444844 | N10: 1070.15 | O10: 2.4e-05 | P10: 7.42e-06 | R10: 3.4e-11 | S10: 1.33e-10 | T10: =S10+R10 -> 1.67e-10 | U10: 9.01218 | V10: 18.9984 | W10: =U10*V10/(U10+V10) -> 6.1125832 | X10: 1960000 | Y10: 2547.8 | Z10: 0 | AA10: 1.972 | AB10: -1.45e-05 | AC10: 1 | AD10: 2 | AE10: =AC10+AD10 -> 3 | AF10: =1/3*BR10*BL10*T10 -> 5.1944334e-07 | AH10: 0.79925906 | AW10: 0.51979939 | AX10: =(AI10-AW10)/AI10 -> #DIV/0! | BB10: 3.1125712e+09 | BC10: =AW10/BB10 -> 1.67e-10 | BD10: =SQRT((BC10-BE10)/W10) -> 5.2269199e-06 | BH10: =AI10/(1/3*BR10*BL10) -> 0 | BI10: =AI10/BB10 -> 0 | BJ10: =(BI10-BC10)/BC10 -> -1 | BK10: =AW10/BL10 -> 0.00020401891 | BL10: =Y10+Z10*N10 -> 2547.8 | BN10: =AI10/BK10 -> 0 | BO10: =(BN10-BL10)/BL10 -> -1 | BP10: =AW10/BQ10 -> 0.0059135311 | BQ10: 87.9 | BR10: =BQ10/O10*0.000001 -> 3.6625 | BS10: =AI10/(BP10) -> 0 | BT10: =(BS10-BQ10)/BQ10 -> -1
A11: MgF2 | B11: 0.02 | C11: 1 | D11: 21 | E11: 20 | F11: =D11*1.6726219E-27 -> 3.512506e-26 | G11: =E11*9.1093856E-31 -> 1.8218771e-29 | H11: =((F11*D11)/(G11*E11)) -> 2024.3579 | I11: =D11/E11 -> 1.05 | J11: =(F11)-(G11) -> 3.5106841e-26 | K11: 62.3018 | L11: =0.187*EXP(32100/(8.3144598*N11))/1000 -> 0.002315921 | M11: =N11^-1 -> 0.0006518055 | N11: 1534.2 | O11: =K11/X11 -> 2.557462e-05 | P11: 0.000216 | R11: 7.2e-11 | S11: 1.33e-10 | T11: =S11+R11 -> 2.05e-10 | U11: 24.305 | V11: 18.9984 | W11: =U11*V11/(U11+V11) -> 10.663276 | X11: =(AA11+N11*AB11)*1000000 -> 2436079.2 | Y11: 2175.6 | Z11: 0 | AA11: 3.24 | AB11: -0.000524 | AC11: 1 | AD11: 2 | AE11: =AC11+AD11 -> 3 | AF11: =1/3*BR11*BL11*T11 -> 5.5165642e-07 | AH11: 0.6506778 | AW11: 0.55165642 | AX11: =(AI11-AW11)/AI11 -> #DIV/0! | BB11: 2.6910069e+09 | BC11: =AW11/BB11 -> 2.05e-10 | BD11: =SQRT((BC11-BE11)/W11) -> 4.3846164e-06 | BH11: =AI11/(1/3*BR11*BL11) -> 0 | BI11: =AI11/BB11 -> 0 | BJ11: =(BI11-BC11)/BC11 -> -1 | BK11: =AW11/BL11 -> 0.00025356519 | BL11: =Y11+Z11*N11 -> 2175.6 | BN11: =AI11/BK11 -> 0 | BO11: =(BN11-BL11)/BL11 -> -1 | BP11: =AW11/BQ11 -> 0.0058130287 | BQ11: 94.9 | BR11: =BQ11/O11*0.000001 -> 3.7107101 | BS11: =AI11/(BP11) -> 0 | BT11: =(BS11-BQ11)/BQ11 -> -1 | BY11: =L11/(X11/1000*(Y11+Z11*N11)) -> 4.3697168e-10
A12: CaF2 | B12: 0.12 | C12: 1 | D12: 29 | E12: 28 | F12: =D12*1.6726219E-27 -> 4.8506035e-26 | G12: =E12*9.1093856E-31 -> 2.550628e-29 | H12: =((F12*D12)/(G12*E12)) -> 1969.648 | I12: =D12/E12 -> 1.0357143 | J12: =(F12)-(G12) -> 4.8480529e-26 | K12: 78.0748 | L12: =0.1*EXP(47600/(8.3144598*N12))/1000 -> 0.0029475213 | M12: =N12^-1 -> 0.00059101655 | N12: 1692 | O12: =K12/X12 -> 3.1001402e-05 | P12: 0.000155 | R12: 1e-10 | S12: 1.33e-10 | T12: =S12+R12 -> 2.33e-10 | U12: 40.078 | V12: 18.9984 | W12: =U12*V12/(U12+V12) -> 12.888698 | X12: =(AA12+N12*AB12)*1000000 -> 2518428 | Y12: 1710.3 | Z12: 0 | AA12: 3.18 | AB12: -0.000391 | AC12: 1 | AD12: 2 | AE12: =AC12+AD12 -> 3 | AF12: =1/3*BR12*BL12*T12 -> 4.2810664e-07 | AH12: 0.5648032 | AW12: 0.42810664 | AX12: =(AI12-AW12)/AI12 -> #DIV/0! | BB12: 1.8373676e+09 | BC12: =AW12/BB12 -> 2.33e-10 | BD12: =SQRT((BC12-BE12)/W12) -> 4.251806e-06 | BH12: =AI12/(1/3*BR12*BL12) -> 0 | BI12: =AI12/BB12 -> 0 | BJ12: =(BI12-BC12)/BC12 -> -1 | BK12: =AW12/BL12 -> 0.00025031085 | BL12: =Y12+Z12*N12 -> 1710.3 | BN12: =AI12/BK12 -> 0 | BO12: =(BN12-BL12)/BL12 -> -1 | BP12: =AW12/BQ12 -> 0.0042847513 | BQ12: 99.914 | BR12: =BQ12/O12*0.000001 -> 3.2228865 | BS12: =AI12/(BP12) -> 0 | BT12: =(BS12-BQ12)/BQ12 -> -1 | BY12: =L12/(X12/1000*(Y12+Z12*N12)) -> 6.8431351e-10
A13: SrF2 | C13: 1 | D13: 47 | E13: 46 | F13: =D13*1.6726219E-27 -> 7.8613229e-26 | G13: =E13*9.1093856E-31 -> 4.1903174e-29 | H13: =((F13*D13)/(G13*E13)) -> 1916.8527 | I13: =D13/E13 -> 1.0217391 | J13: =(F13)-(G13) -> 7.8571326e-26 | K13: 125.6168 | L13: =0.0703*EXP(54500/(8.3144598*N13))/1000 -> 0.0030018345 | M13: =N13^-1 -> 0.00057273769 | N13: 1746 | O13: =K13/X13 -> 3.621381e-05 | P13: 0.000213 | R13: 1.18e-10 | S13: 1.33e-10 | T13: =S13+R13 -> 2.51e-10 | U13: 87.62 | V13: 18.9984 | W13: =U13*V13/(U13+V13) -> 15.613063 | X13: =(AA13+N13*AB13)*1000000 -> 3468754 | Y13: 1398.6 | Z13: 0 | AA13: 4.78 | AB13: -0.000751 | AC13: 1 | AD13: 2 | AE13: =AC13+AD13 -> 3 | AF13: =1/3*BR13*BL13*T13 -> 3.1989464e-07 | AH13: 0.390415 | AW13: 0.31989464 | AX13: =(AI13-AW13)/AI13 -> #DIV/0! | BB13: 1.2744806e+09 | BC13: =AW13/BB13 -> 2.51e-10 | BD13: =SQRT((BC13-BE13)/W13) -> 4.0095239e-06 | BH13: =AI13/(1/3*BR13*BL13) -> 0 | BI13: =AI13/BB13 -> 0 | BJ13: =(BI13-BC13)/BC13 -> -1 | BK13: =AW13/BL13 -> 0.00022872489 | BL13: =Y13+Z13*N13 -> 1398.6 | BN13: =AI13/BK13 -> 0 | BO13: =(BN13-BL13)/BL13 -> -1 | BP13: =AW13/BQ13 -> 0.003231259 | BQ13: 99 | BR13: =BQ13/O13*0.000001 -> 2.7337637 | BS13: =AI13/(BP13) -> 0 | BT13: =(BS13-BQ13)/BQ13 -> -1 | BY13: =L13/(X13/1000*(Y13+Z13*N13)) -> 6.1875642e-10
A14: MgCl2 | B14: 0.8 | C14: 1 | D14: 29 | E14: 28 | F14: =D14*1.6726219E-27 -> 4.8506035e-26 | G14: =E14*9.1093856E-31 -> 2.550628e-29 | H14: =((F14*D14)/(G14*E14)) -> 1969.648 | I14: =D14/E14 -> 1.0357143 | J14: =(F14)-(G14) -> 4.8480529e-26 | K14: 95.211 | L14: =0.18*EXP(20500/(8.3144598*N14))/1000 -> 0.0021885965 | M14: =N14^-1 -> 0.0010131712 | N14: 987 | O14: =K14/X14 -> 5.6510276e-05 | P14: 0.00018 | R14: 7.2e-11 | S14: 1.81e-10 | T14: =S14+R14 -> 2.53e-10 | U14: 24.305 | V14: 35.453 | W14: =U14*V14/(U14+V14) -> 14.419578 | X14: =(AA14+N14*AB14)*1000000 -> 1684844 | Y14: 2101 | Z14: 0 | AA14: 1.9691 | AB14: -0.000288 | AC14: 1 | AD14: 2 | AE14: =AC14+AD14 -> 3 | AF14: =1/3*BR14*BL14*T14 -> 2.8861058e-07 | AG14: =1/3*BR14*BL14*BE14 -> 2.6994066e-07 | AH14: 0.4568 | AI14: 0.79107789 | AJ14: Bystrai, 1975; Filatov, 2005 | AK14: =AI14*AK$1 -> 0.90973957 | AL14: =AI14*AL$1 -> 0.6724162 | AM14: 4.7852054e-10 | AN14: 0.54587387 | AO14: =ABS(AI14-AN14)/AI14 -> 0.30996191 | AP14: 0.4382922 | AQ14: =ABS(AI14-AP14)/AI14 -> 0.44595569 | AR14: 0.28861058 | AS14: 0.5664834 | AT14: =ABS(($AI14-AS14)/$AI14) -> 0.28390944 | AU14: 0.35005342 | AV14: =ABS(($AI14-AU14)/$AI14) -> 0.55749816 | AW14: 0.28861058 | AX14: =(AI14-AW14)/AI14 -> 0.63516794 | AY14: =AI14/(1/3*BL14*BG14) -> 3861437.2 | AZ14: 3.4777653e-07 | BA14: =AI14/(AZ14)*0.000001 -> 2.274673 | BB14: 1.1407533e+09 | BC14: =AW14/BB14 -> 2.53e-10 | BD14: =SQRT((BC14-BE14)/W14) -> 1.0653665e-06 | BE14: 2.3663369e-10 | BF14: 2.9252667e-10 | BG14: 2.9252667e-10 | BH14: =AI14/(1/3*BR14*BL14) -> 0.00069346975 | BI14: =AI14/BB14 -> 6.9346975e-10 | BJ14: =(BI14-BC14)/BC14 -> 1.7409871 | BK14: =AW14/BL14 -> 0.0001373682 | BL14: =Y14+Z14*N14 -> 2101 | BM14: 3400 | BN14: =AI14/BK14 -> 5758.814 | BO14: =(BN14-BL14)/BL14 -> 1.7409871 | BP14: =AW14/BQ14 -> 0.0031354356 | BQ14: 92.048 | BR14: =BQ14/O14*0.000001 -> 1.6288719 | BS14: =AI14/(BP14) -> 252.30238 | BT14: =(BS14-BQ14)/BQ14 -> 1.7409871 | BY14: =L14/(X14/1000*(Y14+Z14*N14)) -> 6.1827252e-10
A15: CaCl2 | B15: 2.5 | C15: 1 | D15: 37 | E15: 36 | F15: =D15*1.6726219E-27 -> 6.188701e-26 | G15: =E15*9.1093856E-31 -> 3.2793788e-29 | H15: =((F15*D15)/(G15*E15)) -> 1939.5775 | I15: =D15/E15 -> 1.0277778 | J15: =(F15)-(G15) -> 6.1854217e-26 | K15: 110.984 | L15: =10^(-0.545+597/N15+546000/N15^2)/1000 -> 0.0033595447 | M15: =N15^-1 -> 0.0009569378 | N15: 1045 | O15: =K15/X15 -> 5.3154148e-05 | P15: 0.000203 | R15: 1e-10 | S15: 1.81e-10 | T15: =S15+R15 -> 2.81e-10 | U15: 40.078 | V15: 35.453 | W15: =U15*V15/(U15+V15) -> 18.811949 | X15: =(AA15+N15*AB15)*1000000 -> 2087965 | Y15: 2065.03 | Z15: 0 | AA15: 2.53 | AB15: -0.000423 | AF15: =1/3*BR15*BL15*T15 -> 3.731109e-07 | AG15: =1/3*BR15*BL15*BE15 -> 3.702431e-07 | AH15: 0.44125 | AM15: 5.033966e-10 | AN15: 0.66840839 | AP15: 0.44873599 | AR15: 0.3731109 | AS15: 0.46759092 | AT15: =ABS(($AI15-AS15)/$AI15) -> #DIV/0! | AU15: 0.43890421 | AV15: =ABS(($AI15-AU15)/$AI15) -> #DIV/0! | AY15: =AI15/(1/3*BL15*BG15) -> 0 | AZ15: 2.4240388e-07 | BA15: =AI15/(AZ15)*0.000001 -> 0 | BD15: =SQRT((BC15-BE15)/W15) -> #NUM! | BE15: 2.7884018e-10 | BF15: 3.3920043e-10 | BG15: 3.015484e-10 | BH15: =AI15/(1/3*BR15*BL15) -> 0 | BL15: =Y15+Z15*N15 -> 2065.03 | BM15: 2200 | BP15: =AW15/BQ15 -> 0 | BQ15: 102.533 | BR15: =BQ15/O15*0.000001 -> 1.9289746 | BY15: =L15/(X15/1000*(Y15+Z15*N15)) -> 7.7916752e-10
A16: SrCl2 | C16: 1 | D16: 55 | E16: 54 | F16: =D16*1.6726219E-27 -> 9.1994204e-26 | G16: =E16*9.1093856E-31 -> 4.9190682e-29 | H16: =((F16*D16)/(G16*E16)) -> 1904.7876 | I16: =D16/E16 -> 1.0185185 | J16: =(F16)-(G16) -> 9.1945014e-26 | K16: 158.526 | L16: =10^(-0.439+398/N16+879000/N16^2)/1000 -> 0.0037808819 | M16: =N16^-1 -> 0.00087260035 | N16: 1146 | O16: =K16/X16 -> 5.811897e-05 | P16: 0.000212 | R16: 1.18e-10 | S16: 1.81e-10 | T16: =S16+R16 -> 2.99e-10 | U16: 87.62 | V16: 35.453 | W16: =U16*V16/(U16+V16) -> 25.240238 | X16: =(AA16+N16*AB16)*1000000 -> 2727612 | Y16: 1873.13 | Z16: 0 | AA16: 3.39 | AB16: -0.000578 | AC16: 1 | AD16: 2 | AE16: =AC16+AD16 -> 3 | AF16: =1/3*BR16*BL16*T16 -> 3.3599408e-07 | AG16: =1/3*BR16*BL16*BE16 -> 3.2666099e-07 | AH16: 0.37705 | AM16: 5.10679e-10 | AN16: 0.57386328 | AP16: 0.38351171 | AR16: 0.33599408 | AS16: 0.39572551 | AT16: =ABS(($AI16-AS16)/$AI16) -> #DIV/0! | AU16: 0.39572551 | AV16: =ABS(($AI16-AU16)/$AI16) -> #DIV/0! | AW16: 0.33599408 | AX16: =(AI16-AW16)/AI16 -> #DIV/0! | AY16: =AI16/(1/3*BL16*BG16) -> 0 | AZ16: 2.1987724e-07 | BA16: =AI16/(AZ16)*0.000001 -> 0 | BB16: 1.123726e+09 | BC16: =AW16/BB16 -> 2.99e-10 | BD16: =SQRT((BC16-BE16)/W16) -> 5.7363527e-07 | BE16: 2.9069451e-10 | BF16: 4.2159143e-10 | BG16: 3.2712108e-10 | BH16: =AI16/(1/3*BR16*BL16) -> 0 | BI16: =AI16/BB16 -> 0 | BJ16: =(BI16-BC16)/BC16 -> -1 | BK16: =AW16/BL16 -> 0.00017937574 | BL16: =Y16+Z16*N16 -> 1873.13 | BN16: =AI16/BK16 -> 0 | BO16: =(BN16-BL16)/BL16 -> -1 | BP16: =AW16/BQ16 -> 0.0032121805 | BQ16: 104.6 | BR16: =BQ16/O16*0.000001 -> 1.7997566 | BS16: =AI16/(BP16) -> 0 | BT16: =(BS16-BQ16)/BQ16 -> -1 | BY16: =L16/(X16/1000*(Y16+Z16*N16)) -> 7.4001854e-10
A17: NaNO3 | B17: 0.3 | C17: 1 | D17: 26 | E17: 25 | F17: =D17*1.6726219E-27 -> 4.3488169e-26 | G17: =E17*9.1093856E-31 -> 2.2773464e-29 | H17: =((F17*D17)/(G17*E17)) -> 1985.9823 | I17: =D17/E17 -> 1.04 | J17: =(F17)-(G17) -> 4.3465396e-26 | K17: 84.99 | M17: =N17^-1 -> 0.0017148247 | N17: 583.15 | O17: 4.467e-05 | P17: 0.000376 | R17: 1.02e-10 | S17: 2.31e-10 | T17: =S17+R17 -> 3.33e-10 | U17: 22.98977 | V17: =14.0067+3*15.9994 -> 62.0049 | W17: =U17*V17/(U17+V17) -> 16.771386 | X17: =(AA17+N17*AB17)*1000000 -> 1886915.5 | Y17: 2490.4882 | Z17: -1.155 | AA17: 2.3339 | AB17: -0.0007665 | AC17: 2 | AD17: 3 | AE17: =AC17+AD17 -> 5 | AF17: =1/3*BR17*BL17*T17 -> 7.0252146e-07 | AG17: =1/3*BR17*BL17*BE17 -> 4.3236429e-07 | AH17: 0.51225 | AS17: 0.34093206 | AU17: =1/3*BR17*BL17*BF17 -> 6.1623593e-07 | AW17: 0.6982846 | AX17: =(AI17-AW17)/AI17 -> #DIV/0! | AZ17: 0.00022380854 | BB17: 2.0969507e+09 | BC17: =AW17/BB17 -> 3.33e-10 | BD17: =SQRT((BC17-BE17)/W17) -> 2.763224e-06 | BE17: 2.0494365e-10 | BF17: 2.9210007e-10 | BH17: =AI17/(1/3*BR17*BL17) -> 0 | BI17: =AI17/BB17 -> 0 | BJ17: =(BI17-BC17)/BC17 -> -1 | BK17: =AW17/BL17 -> 0.0003843169 | BL17: =Y17+Z17*N17 -> 1816.95 | BN17: =AI17/BK17 -> 0 | BO17: =(BN17-BL17)/BL17 -> -1 | BP17: =AW17/BQ17 -> 0.0044876902 | BQ17: 155.6 | BR17: =BQ17/O17*0.000001 -> 3.4833221 | BS17: =AI17/(BP17) -> 0 | BT17: =(BS17-BQ17)/BQ17 -> -1
A18: KNO3 | B18: 0.2 | C18: 1 | D18: 34 | E18: 33 | F18: =D18*1.6726219E-27 -> 5.6869145e-26 | G18: =E18*9.1093856E-31 -> 3.0060972e-29 | H18: =((F18*D18)/(G18*E18)) -> 1949.1203 | I18: =D18/E18 -> 1.030303 | J18: =(F18)-(G18) -> 5.6839084e-26 | K18: 101.1 | M18: =N18^-1 -> 0.0016389412 | N18: 610.15 | O18: 5.406e-05 | P18: 0.00039 | R18: 1.38e-10 | S18: 2.31e-10 | T18: =S18+R18 -> 3.69e-10 | U18: 39.0983 | V18: =14.0067+3*15.9994 -> 62.0049 | W18: =U18*V18/(U18+V18) -> 23.978333 | X18: =(AA18+N18*AB18)*1000000 -> 1870200.6 | Y18: 2449.928 | Z18: -1.12 | AA18: 2.315 | AB18: -0.000729 | AC18: 2 | AD18: 3 | AE18: =AC18+AD18 -> 5 | AF18: =1/3*BR18*BL18*T18 -> 5.6673049e-07 | AH18: 0.4092 | AW18: 0.53083305 | AX18: =(AI18-AW18)/AI18 -> #DIV/0! | BB18: 1.4385719e+09 | BC18: =AW18/BB18 -> 3.69e-10 | BD18: =SQRT((BC18-BE18)/W18) -> 3.922868e-06 | BH18: =AI18/(1/3*BR18*BL18) -> 0 | BI18: =AI18/BB18 -> 0 | BJ18: =(BI18-BC18)/BC18 -> -1 | BK18: =AW18/BL18 -> 0.00030048968 | BL18: =Y18+Z18*N18 -> 1766.56 | BN18: =AI18/BK18 -> 0 | BO18: =(BN18-BL18)/BL18 -> -1 | BP18: =AW18/BQ18 -> 0.0037647734 | BQ18: 141 | BR18: =BQ18/O18*0.000001 -> 2.6082131 | BS18: =AI18/(BP18) -> 0 | BT18: =(BS18-BQ18)/BQ18 -> -1
A19: ZrF4 | B19: 0.05 | C19: 1 | D19: 49 | E19: 46 | F19: =D19*1.6726219E-27 -> 8.1958473e-26 | G19: =E19*9.1093856E-31 -> 4.1903174e-29 | H19: =((F19*D19)/(G19*E19)) -> 2083.4601 | I19: =D19/E19 -> 1.0652174 | J19: =(F19)-(G19) -> 8.191657e-26 | K19: 167.21 | M19: =N19^-1 -> 0.00083963056 | N19: 1191 | O19: =K19/X19 -> 4.2928625e-05 | P19: 0.000309 | R19: 7.2e-11 | S19: 1.33e-10 | T19: =S19+R19 -> 2.05e-10 | U19: 91.224 | V19: 18.9984 | W19: =U19*V19/(U19+V19) -> 15.723755 | X19: =(5.36-0.00123*N19)*1000000 -> 3895070 | Y19: 1700 | Z19: 0 | AA19: 5.36 | AB19: -0.00123 | AF19: =1/3*BR19*BL19*T19 -> 3.3284318e-07 | BD19: =SQRT((BC19-BE19)/W19) -> 0 | BH19: =AI19/(1/3*BR19*BL19) -> 0 | BL19: =Y19+Z19*N19 -> 1700 | BP19: =AW19/BQ19 -> 0 | BQ19: 123 | BR19: =BQ19/O19*0.000001 -> 2.865221
A20: ThF4 | B20: 0.08 | C20: 1 | D20: 99 | E20: 96 | F20: =D20*1.6726219E-27 -> 1.6558957e-25 | G20: =E20*9.1093856E-31 -> 8.7450102e-29 | H20: =((F20*D20)/(G20*E20)) -> 1952.7049 | I20: =D20/E20 -> 1.03125 | J20: =(F20)-(G20) -> 1.6550212e-25 | K20: 308.0317 | M20: =N20^-1 -> 0.00072254335 | N20: 1384 | O20: =K20/X20 -> 5.0331977e-05 | P20: 0.000121 | R20: 9.4e-11 | S20: 1.33e-10 | T20: =S20+R20 -> 2.27e-10 | U20: 232.0381 | V20: 18.9984 | W20: =U20*V20/(U20+V20) -> 17.560604 | X20: 6120000 | Y20: 1362 | Z20: 0 | AA20: 7.34 | AB20: -0.000808 | AF20: =1/3*BR20*BL20*T20 -> 3.4399094e-07 | BD20: =SQRT((BC20-BE20)/W20) -> 0 | BH20: =AI20/(1/3*BR20*BL20) -> 0 | BL20: =Y20+Z20*N20 -> 1362 | BP20: =AW20/BQ20 -> 0 | BQ20: 168 | BR20: =BQ20/O20*0.000001 -> 3.3378383
A21: UF4 | B21: 0.09 | C21: 1 | D21: 101 | E21: 98 | F21: =D21*1.6726219E-27 -> 1.6893481e-25 | G21: =E21*9.1093856E-31 -> 8.9271979e-29 | H21: =((F21*D21)/(G21*E21)) -> 1950.2904 | I21: =D21/E21 -> 1.0306122 | J21: =(F21)-(G21) -> 1.6884554e-25 | K21: 314.0225 | L21: =10^(11.4-35400/N21+27700000/N21^2)/1000 -> 0.003329486 | M21: =N21^-1 -> 0.00076394194 | N21: 1309 | O21: =K21/X21 -> 4.8535162e-05 | P21: 0.000149 | R21: 8.9e-11 | S21: 1.33e-10 | T21: =S21+R21 -> 2.22e-10 | U21: 238.0289 | V21: 18.9984 | W21: =U21*V21/(U21+V21) -> 17.594116 | X21: 6470000 | Y21: 1062 | Z21: 0 | AA21: 7.604 | AB21: -0.000791 | AF21: =1/3*BR21*BL21*T21 -> 2.8174032e-07 | BD21: =SQRT((BC21-BE21)/W21) -> 0 | BH21: =AI21/(1/3*BR21*BL21) -> 0 | BL21: =Y21+Z21*N21 -> 1062 | BP21: =AW21/BQ21 -> 0 | BQ21: 174 | BR21: =BQ21/O21*0.000001 -> 3.5850297 | BY21: =L21/(X21/1000*(Y21+Z21*N21)) -> 4.8456093e-10
A22: UCl3 | C22: 1 | D22: 109 | E22: 107 | F22: =D22*1.6726219E-27 -> 1.8231579e-25 | G22: =E22*9.1093856E-31 -> 9.7470426e-29 | H22: =((F22*D22)/(G22*E22)) -> 1905.435 | I22: =D22/E22 -> 1.0186916 | J22: =(F22)-(G22) -> 1.8221832e-25 | K22: 344.3879 | L22: =0.478*EXP(10900/(8.3144598*N22))/1000 -> 0.0015506403 | M22: =N22^-1 -> 0.00089766607 | N22: 1114 | O22: =K22/X22 -> 7.5193865e-05 | P22: 0.000333 | R22: 1.16e-10 | S22: 1.81e-10 | T22: =S22+R22 -> 2.97e-10 | U22: 238.0289 | V22: 35.453 | W22: =U22*V22/(U22+V22) -> 30.857028 | X22: 4580000 | Y22: 1248 | Z22: 0 | AA22: 6.3747 | AB22: -0.0015222 | AF22: =1/3*BR22*BL22*T22 -> 2.4646692e-07 | BD22: =SQRT((BC22-BE22)/W22) -> 0 | BH22: =AI22/(1/3*BR22*BL22) -> 0 | BL22: =Y22+Z22*N22 -> 1248 | BP22: =AW22/BQ22 -> 0 | BQ22: 150 | BR22: =BQ22/O22*0.000001 -> 1.9948436 | BY22: =L22/(X22/1000*(Y22+Z22*N22)) -> 2.7128826e-10
A23: 0.68KCl-0.32MgCl2 | C23: 2 | D23: 33.76 | E23: 33.44 | F23: =D23*1.6726219E-27 -> 5.6467715e-26 | G23: =E23*9.1093856E-31 -> 3.0461785e-29 | H23: =((F23*D23)/(G23*E23)) -> 1871.4621 | I23: =D23/E23 -> 1.0095694 | J23: =(F23)-(G23) -> 5.6437254e-26 | K23: 81.162404 | L23: =0.141*EXP(18800/(8.3144598*N23))/1000 -> 0.0036048873 | M23: =N23^-1 -> 0.0014334862 | N23: 697.6 | O23: 4.6549051e-05 | P23: 0.00030722638 | T23: =0.68*T9+0.32*T14 -> 2.9788e-10 | X23: 1741629.2 | Y23: 1968.0306 | AC23: 2 | AD23: 3 | AE23: =AC23+AD23 -> 5 | AF23: =1/3*BR23*BL23*T23 -> 3.3375409e-07 | AH23: 0.43524 | AW23: 0.28255486 | AX23: =(AI23-AW23)/AI23 -> #DIV/0! | BB23: 1.1204313e+09 | BC23: =AW23/BB23 -> 2.52184e-10 | BH23: =AI23/(1/3*BR23*BL23) -> 0 | BI23: =AI23/BB23 -> 0 | BJ23: =(BI23-BC23)/BC23 -> -1 | BK23: =AW23/BL23 -> 0.00014357239 | BL23: =Y23+Z23*N23 -> 1968.0306 | BN23: =AI23/BK23 -> 0 | BO23: =(BN23-BL23)/BL23 -> -1 | BP23: =AW23/BQ23 -> 0.0035539989 | BQ23: 79.50336 | BR23: =BQ23/O23*0.000001 -> 1.707948 | BS23: =AI23/(BP23) -> 0 | BT23: =(BS23-BQ23)/BQ23 -> -1 | BY23: =L23/(X23/1000*(Y23+Z23*N23)) -> 1.0517297e-09
A24: 0.66LiF-0.34BeF2 | C24: 2 | D24: 12.34 | E24: 11.34 | F24: =D24*1.6726219E-27 -> 2.0640154e-26 | G24: =E24*9.1093856E-31 -> 1.0330043e-29 | H24: =((F24*D24)/(G24*E24)) -> 2174.2671 | I24: =D24/E24 -> 1.0881834 | J24: =(F24)-(G24) -> 2.0629824e-26 | K24: 33.10314 | L24: =0.116*EXP(31200/(8.3144598*N24))/1000 -> 0.019398692 | M24: =N24^-1 -> 0.0013642565 | N24: 733 | O24: 1.6714174e-05 | P24: 0.00014095269 | T24: =0.66*T2+0.34*T10 -> 1.9472e-10 | X24: 1986063.4 | Y24: 2547.6864 | AC24: 2 | AD24: 3 | AE24: =AC24+AD24 -> 5 | AF24: =1/3*BR24*BL24*T24 -> 7.1488518e-07 | AG24: =1/3*BR24*BL24*BE24 -> 6.0953584e-07 | AH24: 1.1 | AI24: 1.1 | AJ24: Rosenthal, 1969 | AK24: =AI24*AK$1 -> 1.265 | AL24: =AI24*AL$1 -> 0.935 | AM24: 2.080697e-10 | AN24: 1.2767938 | AO24: =ABS(AI24-AN24)/AI24 -> 0.16072165 | AP24: 1.518486 | AQ24: =ABS(AI24-AP24)/AI24 -> 0.38044182 | AR24: 0.3484234 | AS24: 1.0187918 | AT24: =ABS(($AI24-AS24)/$AI24) -> 0.073825681 | AU24: 1.0187918 | AV24: =ABS(($AI24-AU24)/$AI24) -> 0.073825681 | AW24: 0.62426159 | AX24: =(AI24-AW24)/AI24 -> 0.43248946 | AY24: =AI24/(1/3*BL24*BG24) -> 3706357.2 | AZ24: 1.9173646e-07 | BA24: =AI24/(AZ24)*0.000001 -> 5.7370412 | BB24: 3.6713495e+09 | BC24: =AW24/BB24 -> 1.70036e-10 | BE24: 1.6602501e-10 | BF24: 2.0909055e-10 | BG24: 3.494787e-10 | BH24: =AI24/(1/3*BR24*BL24) -> 0.00029961735 | BI24: =AI24/BB24 -> 2.9961735e-10 | BJ24: =(BI24-BC24)/BC24 -> 0.76208182 | BK24: =AW24/BL24 -> 0.00024503078 | BL24: =Y24+Z24*N24 -> 2547.6864 | BN24: =AI24/BK24 -> 4489.2319 | BO24: =(BN24-BL24)/BL24 -> 0.76208182 | BP24: =AW24/BQ24 -> 0.0086393422 | BQ24: 72.258 | BR24: =BQ24/O24*0.000001 -> 4.3231572 | BS24: =AI24/(BP24) -> 127.32451 | BT24: =(BS24-BQ24)/BQ24 -> 0.76208182 | BY24: =L24/(X24/1000*(Y24+Z24*N24)) -> 3.8338347e-09
A25: 0.465LiF-0.115NaF-0.42KF | C25: 3 | D25: 19.64 | E25: 19.64 | F25: =D25*1.6726219E-27 -> 3.2850294e-26 | G25: =E25*9.1093856E-31 -> 1.7890833e-29 | H25: =((F25*D25)/(G25*E25)) -> 1836.1523 | I25: =D25/E25 -> 1 | J25: =(F25)-(G25) -> 3.2832403e-26 | K25: 41.290995 | L25: =10^(0.213+-1200/N25+1350000/N25^2)/1000 -> 0.012003439 | M25: =N25^-1 -> 0.0013605442 | N25: 735 | O25: 1.9405588e-05 | P25: 0.00031252325 | T25: =0.465*T2+0.115*T3+0.42*T4 -> 2.3803e-10 | X25: 2102415.4 | Y25: 2012.4687 | AC25: 3 | AD25: 3 | AE25: =AC25+AD25 -> 6 | AF25: =1/3*BR25*BL25*T25 -> 5.4326859e-07 | AG25: =1/3*BR25*BL25*BE25 -> 4.8209295e-07 | AH25: 0.78024247 | AI25: 0.78633288 | AJ25: Merritt, 2022; Gallagher, 2022; Rudenko, 2022 | AK25: =AI25*AK$1 -> 0.90428281 | AL25: =AI25*AL$1 -> 0.66838294 | AM25: 2.32906e-10 | AN25: 0.75631548 | AO25: =ABS(AI25-AN25)/AI25 -> 0.038173904 | AP25: 0.90509687 | AQ25: =ABS(AI25-AP25)/AI25 -> 0.15103526 | AR25: 0.3696076 | AS25: 0.83961046 | AT25: =ABS(($AI25-AS25)/$AI25) -> 0.067754491 | AU25: 0.83961046 | AV25: =ABS(($AI25-AU25)/$AI25) -> 0.067754491 | AW25: 0.39969772 | AX25: =(AI25-AW25)/AI25 -> 0.491694 | AY25: =AI25/(1/3*BL25*BG25) -> 3145748.1 | AZ25: 2.0332455e-07 | BA25: =AI25/(AZ25)*0.000001 -> 3.8673779 | BB25: 2.2823534e+09 | BC25: =AW25/BB25 -> 1.7512525e-10 | BE25: 2.1122625e-10 | BF25: 2.4334221e-10 | BG25: 3.7262724e-10 | BH25: =AI25/(1/3*BR25*BL25) -> 0.00034452722 | BI25: =AI25/BB25 -> 3.4452722e-10 | BJ25: =(BI25-BC25)/BC25 -> 0.96731891 | BK25: =AW25/BL25 -> 0.00019861065 | BL25: =Y25+Z25*N25 -> 2012.4687 | BN25: =AI25/BK25 -> 3959.1677 | BO25: =(BN25-BL25)/BL25 -> 0.96731891 | BP25: =AW25/BQ25 -> 0.0060538246 | BQ25: 66.024 | BR25: =BQ25/O25*0.000001 -> 3.4023189 | BS25: =AI25/(BP25) -> 129.89026 | BT25: =(BS25-BQ25)/BQ25 -> 0.96731891 | BY25: =L25/(X25/1000*(Y25+Z25*N25)) -> 2.8369915e-09
A26: 0.675LiF-0.2BeF2-0.005ThF4-0.12UF4 | C26: 4 | D26: 23.315 | E26: 22.74 | F26: =D26*1.6726219E-27 -> 3.899718e-26 | G26: =E26*9.1093856E-31 -> 2.0714743e-29 | H26: =((F26*D26)/(G26*E26)) -> 1930.1836 | I26: =D26/E26 -> 1.0252858 | J26: =(F26)-(G26) -> 3.8976465e-26 | K26: 66.133684 | L26: =0.062*EXP(38800/(8.3144598*N26))/1000 -> 0.030468149 | M26: =N26^-1 -> 0.0013280212 | N26: 753 | O26: 1.9202817e-05 | P26: 0.00016787041 | T26: =0.675*T2+0.2*T10+0.005*T20+0.12*T21 -> 2.0225e-10 | X26: 2609440.5 | Y26: 1781.4332 | AC26: 4 | AD26: 11 | AE26: =AC26+AD26 -> 15 | AF26: =1/3*BR26*BL26*T26 -> 5.1681595e-07 | AH26: 1.16 | AW26: 0.43510013 | AX26: =(AI26-AW26)/AI26 -> #DIV/0! | BB26: 2.5553323e+09 | BC26: =AW26/BB26 -> 1.7027145e-10 | BH26: =AI26/(1/3*BR26*BL26) -> 0 | BI26: =AI26/BB26 -> 0 | BJ26: =(BI26-BC26)/BC26 -> -1 | BK26: =AW26/BL26 -> 0.00024424162 | BL26: =Y26+Z26*N26 -> 1781.4332 | BN26: =AI26/BK26 -> 0 | BO26: =(BN26-BL26)/BL26 -> -1 | BP26: =AW26/BQ26 -> 0.005265325 | BQ26: 82.635 | BR26: =BQ26/O26*0.000001 -> 4.3032749 | BS26: =AI26/(BP26) -> 0 | BT26: =(BS26-BQ26)/BQ26 -> -1 | BY26: =L26/(X26/1000*(Y26+Z26*N26)) -> 6.5543424e-09
A27: 0.712LiF-0.23BeF2-0.05ZrF4-0.008UF4 | C27: 4 | D27: 14.792 | E27: 14.388 | F27: =D27*1.6726219E-27 -> 2.4741423e-26 | G27: =E27*9.1093856E-31 -> 1.3106584e-29 | H27: =((F27*D27)/(G27*E27)) -> 1940.7144 | I27: =D27/E27 -> 1.028079 | J27: =(F27)-(G27) -> 2.4728317e-26 | K27: 40.153548 | M27: =N27^-1 -> 0.0014084507 | N27: 710 | O27: 1.6919881e-05 | P27: 0.00018512202 | T27: =0.712*T2+0.23*T10+0.05*T19+0.008*T21 -> 1.99244e-10 | X27: 2163027.6 | Y27: 2319.1206 | AC27: 4 | AD27: 11 | AE27: =AC27+AD27 -> 15 | AF27: =1/3*BR27*BL27*T27 -> 6.688004e-07 | AH27: 1.24 | AW27: 0.58242618 | AX27: =(AI27-AW27)/AI27 -> #DIV/0! | BB27: 3.3566903e+09 | BC27: =AW27/BB27 -> 1.7351204e-10 | BH27: =AI27/(1/3*BR27*BL27) -> 0 | BI27: =AI27/BB27 -> 0 | BJ27: =(BI27-BC27)/BC27 -> -1 | BK27: =AW27/BL27 -> 0.00025114096 | BL27: =Y27+Z27*N27 -> 2319.1206 | BN27: =AI27/BK27 -> 0 | BO27: =(BN27-BL27)/BL27 -> -1 | BP27: =AW27/BQ27 -> 0.0079274662 | BQ27: 73.4694 | BR27: =BQ27/O27*0.000001 -> 4.3421936 | BS27: =AI27/(BP27) -> 0 | BT27: =(BS27-BQ27)/BQ27 -> -1
A28: 0.73LiF-0.27BeF2 | C28: 2 | D28: 12.27 | E28: 11.73 | F28: =D28*1.6726219E-27 -> 2.0523071e-26 | G28: =E28*9.1093856E-31 -> 1.0685309e-29 | H28: =((F28*D28)/(G28*E28)) -> 2009.1011 | I28: =D28/E28 -> 1.0460358 | J28: =(F28)-(G28) -> 2.0512385e-26 | K28: 31.62817 | L28: =0.118*EXP(30100/(8.3144598*N28))/1000 -> 0.01658596 | M28: =N28^-1 -> 0.0013661202 | N28: 732 | O28: 1.5942466e-05 | P28: 0.00016222659 | T28: =0.73*T2+0.27*T10 -> 1.9766e-10 | X28: 1989043.9 | Y28: 2547.6876 | AC28: 2 | AD28: 3 | AE28: =AC28+AD28 -> 5 | AF28: =1/3*BR28*BL28*T28 -> 7.4333871e-07 | AH28: 0.98602842 | AW28: 0.66180311 | AX28: =(AI28-AW28)/AI28 -> #DIV/0! | BB28: 3.7606936e+09 | BC28: =AW28/BB28 -> 1.75979e-10 | BH28: =AI28/(1/3*BR28*BL28) -> 0 | BI28: =AI28/BB28 -> 0 | BJ28: =(BI28-BC28)/BC28 -> -1 | BK28: =AW28/BL28 -> 0.0002597662 | BL28: =Y28+Z28*N28 -> 2547.6876 | BN28: =AI28/BK28 -> 0 | BO28: =(BN28-BL28)/BL28 -> -1 | BP28: =AW28/BQ28 -> 0.0093741145 | BQ28: 70.599 | BR28: =BQ28/O28*0.000001 -> 4.4283613 | BS28: =AI28/(BP28) -> 0 | BT28: =(BS28-BQ28)/BQ28 -> -1 | BY28: =L28/(X28/1000*(Y28+Z28*N28)) -> 3.2730306e-09
A29: 0.725LiF-0.265BeF2-0.01UF4 | C29: 3 | D29: 13.155 | E29: 12.86 | F29: =D29*1.6726219E-27 -> 2.2003341e-26 | G29: =E29*9.1093856E-31 -> 1.171467e-29 | H29: =((F29*D29)/(G29*E29)) -> 1921.3587 | I29: =D29/E29 -> 1.0229393 | J29: =(F29)-(G29) -> 2.1991626e-26 | K29: 34.40365 | L29: =0.123*EXP(29800/(8.3144598*N29))/1000 -> 0.01645722 | M29: =N29^-1 -> 0.0013661202 | N29: 732 | O29: 1.6204764e-05 | P29: 0.00016258314 | T29: =0.725*T2+0.265*T10+0.01*T21 -> 1.98e-10 | X29: 2039490.5 | Y29: 2441.8706 | AC29: 3 | AD29: 7 | AE29: =AC29+AD29 -> 10 | AF29: =1/3*BR29*BL29*T29 -> 7.1187944e-07 | AH29: 0.89056772 | AW29: 0.63042336 | AX29: =(AI29-AW29)/AI29 -> #DIV/0! | BB29: 3.5953507e+09 | BC29: =AW29/BB29 -> 1.7534405e-10 | BH29: =AI29/(1/3*BR29*BL29) -> 0 | BI29: =AI29/BB29 -> 0 | BJ29: =(BI29-BC29)/BC29 -> -1 | BK29: =AW29/BL29 -> 0.00025817231 | BL29: =Y29+Z29*N29 -> 2441.8706 | BN29: =AI29/BK29 -> 0 | BO29: =(BN29-BL29)/BL29 -> -1 | BP29: =AW29/BQ29 -> 0.0088074402 | BQ29: 71.5785 | BR29: =BQ29/O29*0.000001 -> 4.4171269 | BS29: =AI29/(BP29) -> 0 | BT29: =(BS29-BQ29)/BQ29 -> -1 | BY29: =L29/(X29/1000*(Y29+Z29*N29)) -> 3.3045487e-09
A30: 0.72LiF-0.26BeF2-0.02UF4 | C30: 3 | D30: 14.04 | E30: 13.72 | F30: =D30*1.6726219E-27 -> 2.3483611e-26 | G30: =E30*9.1093856E-31 -> 1.2498077e-29 | H30: =((F30*D30)/(G30*E30)) -> 1922.8025 | I30: =D30/E30 -> 1.0233236 | J30: =(F30)-(G30) -> 2.3471113e-26 | K30: 37.17913 | L30: =0.123*EXP(29800/(8.3144598*N30))/1000 -> 0.01645722 | M30: =N30^-1 -> 0.0013661202 | N30: 732 | O30: 1.6467062e-05 | P30: 0.00016292833 | T30: =0.72*T2+0.26*T10+0.02*T21 -> 1.9834e-10 | X30: 2089937.1 | Y30: 2348.752 | AC30: 3 | AD30: 7 | AE30: =AC30+AD30 -> 10 | AF30: =1/3*BR30*BL30*T30 -> 6.8421942e-07 | AH30: 0.80397278 | AW30: 0.60277958 | AX30: =(AI30-AW30)/AI30 -> #DIV/0! | BB30: 3.4497298e+09 | BC30: =AW30/BB30 -> 1.747324e-10 | BH30: =AI30/(1/3*BR30*BL30) -> 0 | BI30: =AI30/BB30 -> 0 | BJ30: =(BI30-BC30)/BC30 -> -1 | BK30: =AW30/BL30 -> 0.00025663824 | BL30: =Y30+Z30*N30 -> 2348.752 | BN30: =AI30/BK30 -> 0 | BO30: =(BN30-BL30)/BL30 -> -1 | BP30: =AW30/BQ30 -> 0.008307555 | BQ30: 72.558 | BR30: =BQ30/O30*0.000001 -> 4.4062504 | BS30: =AI30/(BP30) -> 0 | BT30: =(BS30-BQ30)/BQ30 -> -1 | BY30: =L30/(X30/1000*(Y30+Z30*N30)) -> 3.3526337e-09
A31: 0.32KCl-0.68MgCl2 | C31: 2 | D31: 31.24 | E31: 30.56 | F31: =D31*1.6726219E-27 -> 5.2252708e-26 | G31: =E31*9.1093856E-31 -> 2.7838282e-29 | H31: =((F31*D31)/(G31*E31)) -> 1918.775 | I31: =D31/E31 -> 1.0222513 | J31: =(F31)-(G31) -> 5.222487e-26 | K31: 88.599896 | M31: =N31^-1 -> 0.001433589 | N31: 697.55 | O31: 5.0411903e-05 | P31: 0.00023528262 | T31: =0.32*T9+0.68*T14 -> 2.7412e-10 | X31: 1755710.6 | Y31: 2039.5015 | AC31: 2 | AD31: 3 | AE31: =AC31+AD31 -> 5 | AF31: =1/3*BR31*BL31*T31 -> 3.1844809e-07 | AH31: 0.45966667 | AW31: 0.26536257 | AX31: =(AI31-AW31)/AI31 -> #DIV/0! | BB31: 1.1617105e+09 | BC31: =AW31/BB31 -> 2.28424e-10 | BH31: =AI31/(1/3*BR31*BL31) -> 0 | BI31: =AI31/BB31 -> 0 | BJ31: =(BI31-BC31)/BC31 -> -1 | BK31: =AW31/BL31 -> 0.00013011149 | BL31: =Y31+Z31*N31 -> 2039.5015 | BN31: =AI31/BK31 -> 0 | BO31: =(BN31-BL31)/BL31 -> -1 | BP31: =AW31/BQ31 -> 0.0030804304 | BQ31: 86.14464 | BR31: =BQ31/O31*0.000001 -> 1.7088155 | BS31: =AI31/(BP31) -> 0 | BT31: =(BS31-BQ31)/BQ31 -> -1
A32: 0.4598NaCl-0.3891KCl-0.1511MgCl2 | C32: 3 | D32: 31.2639 | E32: 31.1128 | F32: =D32*1.6726219E-27 -> 5.2292684e-26 | G32: =E32*9.1093856E-31 -> 2.8341849e-29 | H32: =((F32*D32)/(G32*E32)) -> 1854.0302 | I32: =D32/E32 -> 1.0048565 | J32: =(F32)-(G32) -> 5.2264342e-26 | K32: 70.265005 | M32: =N32^-1 -> 0.0014824698 | N32: 674.55 | O32: 3.990775e-05 | P32: 0.00032881888 | T32: =0.4598*T8+0.3891*T9+0.1511*T14 -> 2.924746e-10 | X32: 1761445 | Y32: 2024.7769 | AC32: 3 | AD32: 4 | AE32: =AC32+AD32 -> 7 | AF32: =1/3*BR32*BL32*T32 -> 3.6878913e-07 | AH32: 0.46554762 | AW32: 0.28383634 | AX32: =(AI32-AW32)/AI32 -> #DIV/0! | BB32: 1.260927e+09 | BC32: =AW32/BB32 -> 2.2510132e-10 | BH32: =AI32/(1/3*BR32*BL32) -> 0 | BI32: =AI32/BB32 -> 0 | BJ32: =(BI32-BC32)/BC32 -> -1 | BK32: =AW32/BL32 -> 0.00014018154 | BL32: =Y32+Z32*N32 -> 2024.7769 | BN32: =AI32/BK32 -> 0 | BO32: =(BN32-BL32)/BL32 -> -1 | BP32: =AW32/BQ32 -> 0.0038069461 | BQ32: 74.557489 | BR32: =BQ32/O32*0.000001 -> 1.8682459 | BS32: =AI32/(BP32) -> 0 | BT32: =(BS32-BQ32)/BQ32 -> -1 | BU32: rho | BV32: cp
A33: 0.345NaF-0.59KF-0.065MgF2 | C33: 3 | D33: 24.785 | E33: 24.72 | F33: =D33*1.6726219E-27 -> 4.1455934e-26 | G33: =E33*9.1093856E-31 -> 2.2518401e-29 | H33: =((F33*D33)/(G33*E33)) -> 1845.8211 | I33: =D33/E33 -> 1.0026294 | J33: =(F33)-(G33) -> 4.1433415e-26 | K33: 52.812707 | M33: =N33^-1 -> 0.0010416667 | N33: 960 | O33: 2.5195547e-05 | P33: 0.00031944978 | T33: =0.345*T3+0.59*T4+0.065*T11 -> 2.5429e-10 | X33: 2110100.6 | Y33: 1885.1934 | AC33: 3 | AD33: 4 | AE33: =AC33+AD33 -> 7 | AF33: =1/3*BR33*BL33*T33 -> 4.430568e-07 | AH33: 0.71 | AI33: 0.766984 | AJ33: Rudenko, 2024 | AK33: =AI33*AK$1 -> 0.8820316 | AL33: =AI33*AL$1 -> 0.6519364 | AM33: 2.56459e-10 | AN33: 0.49756829 | AO33: =ABS(AI33-AN33)/AI33 -> 0.3512664 | AP33: 0.59758621 | AQ33: =ABS(AI33-AP33)/AI33 -> 0.22086223 | AR33: 0.025852466 | AS33: 0.52021967 | AT33: =ABS(($AI33-AS33)/$AI33) -> 0.32173335 | AU33: 0.52021967 | AV33: =ABS(($AI33-AU33)/$AI33) -> 0.32173335 | AW33: 0.33711022 | AX33: =(AI33-AW33)/AI33 -> 0.56047294 | BB33: 1.7423288e+09 | BC33: =AW33/BB33 -> 1.9348255e-10 | BF33: 2.7673725e-10 | BH33: =AI33/(1/3*BR33*BL33) -> 0.00044020623 | BI33: =AI33/BB33 -> 4.4020623e-10 | BJ33: =(BI33-BC33)/BC33 -> 1.2751728 | BK33: =AW33/BL33 -> 0.00017881997 | BL33: =Y33+Z33*N33 -> 1885.1934 | BN33: =AI33/BK33 -> 4289.1408 | BO33: =(BN33-BL33)/BL33 -> 1.2751728 | BP33: =AW33/BQ33 -> 0.004825615 | BQ33: 69.8585 | BR33: =BQ33/O33*0.000001 -> 2.7726526 | BS33: =AI33/(BP33) -> 158.94016 | BT33: =(BS33-BQ33)/BQ33 -> 1.2751728 | BU33: =2.08*100^3/1000 -> 2080 | BV33: =1.35*1000 -> 1350 | BW33: =BV33*BU33 -> 2808000 | BX33: =BQ33/O33 -> 2772652.6
A34: 0.582LiCl-0.418KCl | C34: 2 | D34: 26.688 | E34: 26.688 | F34: =D34*1.6726219E-27 -> 4.4638933e-26 | G34: =E34*9.1093856E-31 -> 2.4311128e-29 | H34: =((F34*D34)/(G34*E34)) -> 1836.1523 | I34: =D34/E34 -> 1 | J34: =(F34)-(G34) -> 4.4614622e-26 | K34: 55.835751 | L34: =0.087*EXP(20900/(8.3144598*N34))/1000 -> 0.0046437178 | M34: =N34^-1 -> 0.0015822785 | N34: 632 | O34: 3.2950649e-05 | P34: 0.00033829968 | T34: =0.582*T7+0.418*T9 -> 2.82916e-10 | X34: 1676175.3 | Y34: 2084.8843 | AC34: 2 | AD34: 2 | AE34: =AC34+AD34 -> 4 | AF34: =1/3*BR34*BL34*T34 -> 4.0937294e-07 | AH34: 0.58438111 | AW34: 0.33404178 | AX34: =(AI34-AW34)/AI34 -> #DIV/0! | BB34: 1.446977e+09 | BC34: =AW34/BB34 -> 2.3085494e-10 | BH34: =AI34/(1/3*BR34*BL34) -> 0 | BI34: =AI34/BB34 -> 0 | BJ34: =(BI34-BC34)/BC34 -> -1 | BK34: =AW34/BL34 -> 0.00016022077 | BL34: =Y34+Z34*N34 -> 2084.8843 | BN34: =AI34/BK34 -> 0 | BO34: =(BN34-BL34)/BL34 -> -1 | BP34: =AW34/BQ34 -> 0.0048689566 | BQ34: 68.60644 | BR34: =BQ34/O34*0.000001 -> 2.0820968 | BS34: =AI34/(BP34) -> 0 | BT34: =(BS34-BQ34)/BQ34 -> -1 | BW34: =BW33-BR33 -> 2807997.2 | BY34: =L34/(X34/1000*(Y34+Z34*N34)) -> 1.3288146e-09
A35: 0.6LiF-0.4NaF | C35: 2 | D35: 15.2 | E35: 15.2 | F35: =D35*1.6726219E-27 -> 2.5423853e-26 | G35: =E35*9.1093856E-31 -> 1.3846266e-29 | H35: =((F35*D35)/(G35*E35)) -> 1836.1523 | I35: =D35/E35 -> 1 | J35: =(F35)-(G35) -> 2.5410007e-26 | K35: 32.3586 | L35: =0.116*EXP(26800/(8.3144598*N35))/1000 -> 0.0039071252 | M35: =N35^-1 -> 0.0010911075 | N35: 916.5 | O35: 1.5885584e-05 | P35: 0.00027773489 | T35: =0.6*T2+0.4*T3 -> 2.194e-10 | X35: 2014141.4 | Y35: 2298.2284 | AC35: 2 | AD35: 2 | AE35: =AC35+AD35 -> 4 | AF35: =1/3*BR35*BL35*T35 -> 7.0465998e-07 | AG35: =1/3*BR35*BL35*BE35 -> 6.1490801e-07 | AH35: 0.86544945 | AI35: 0.86544945 | AJ35: BYU, 2023 | AK35: =AI35*AK$1 -> 0.99526687 | AL35: =AI35*AL$1 -> 0.73563203 | AM35: 2.28638e-10 | AN35: 0.77860023 | AO35: =ABS(AI35-AN35)/AI35 -> 0.10035158 | AP35: 1.0757818 | AQ35: =ABS(AI35-AP35)/AI35 -> 0.24303254 | AR35: 0.32010611 | AS35: 0.77665761 | AT35: =ABS(($AI35-AS35)/$AI35) -> 0.10259622 | AU35: 0.77665761 | AV35: =ABS(($AI35-AU35)/$AI35) -> 0.10259622 | AW35: 0.56745362 | AX35: =(AI35-AW35)/AI35 -> 0.34432494 | AY35: =AI35/(1/3*BL35*BG35) -> 4955239.7 | AZ35: 1.8525014e-07 | BA35: =AI35/(AZ35)*0.000001 -> 4.6717884 | BB35: 3.2117592e+09 | BC35: =AW35/BB35 -> 1.7668e-10 | BE35: 1.914552e-10 | BF35: 2.1702518e-10 | BG35: 2.2798439e-10 | BH35: =AI35/(1/3*BR35*BL35) -> 0.00026946274 | BI35: =AI35/BB35 -> 2.6946274e-10 | BJ35: =(BI35-BC35)/BC35 -> 0.52514569 | BK35: =AW35/BL35 -> 0.00024690915 | BL35: =Y35+Z35*N35 -> 2298.2284 | BN35: =AI35/BK35 -> 3505.1331 | BO35: =(BN35-BL35)/BL35 -> 0.52514569 | BP35: =AW35/BQ35 -> 0.0085203247 | BQ35: 66.6 | BR35: =BQ35/O35*0.000001 -> 4.1924806 | BS35: =AI35/(BP35) -> 101.5747 | BT35: =(BS35-BQ35)/BQ35 -> 0.52514569 | BY35: =L35/(X35/1000*(Y35+Z35*N35)) -> 8.4406168e-10
A36: 0.63NaCl-0.37UCl3 (ORNL) | C36: 2 | D36: 57.97 | E36: 57.23 | F36: =D36*1.6726219E-27 -> 9.6961892e-26 | G36: =E36*9.1093856E-31 -> 5.2133014e-29 | H36: =((F36*D36)/(G36*E36)) -> 1883.9432 | I36: =D36/E36 -> 1.0129303 | J36: =(F36)-(G36) -> 9.6909759e-26 | K36: 164.24072 | L36: =10^(-1.2675+1704/N36+0/N36^2)/1000 -> 0.0080532167 | M36: =N36^-1 -> 0.0012755102 | N36: 784 | O36: 4.6078431e-05 | P36: 0.00034092676 | T36: =0.63*T8+0.37*T22 -> 2.8818e-10 | X36: 2996639.7 | Y36: 1451.7495 | AC36: 2 | AD36: 4 | AE36: =AC36+AD36 -> 6 | AF36: =1/3*BR36*BL36*T36 -> 3.0071201e-07 | AG36: =1/3*BR36*BL36*BE36 -> 2.8418198e-07 | AH36: 0.23926258 | AI36: 0.23926258 | AJ36: Termini, 2024 | AK36: =AI36*AK$1 -> 0.27515196 | AL36: =AI36*AL$1 -> 0.20337319 | AM36: 2.89258E-10 | AN36: 0.30100333 | AO36: =ABS(AI36-AN36)/AI36 -> 0.258046 | AP36: 0.11479147 | AQ36: =ABS(AI36-AP36)/AI36 -> 0.52022805 | AR36: 0.11435209 | AS36: 0.31391915 | AT36: =ABS(($AI36-AS36)/$AI36) -> 0.3120278 | AU36: 0.31391915 | AV36: =ABS(($AI36-AU36)/$AI36) -> 0.3120278 | AW36: 0.2476864 | AX36: =(AI36-AW36)/AI36 -> -0.035207434 | AY36: =AI36/(1/3*BL36*BG36) -> 1760763.4 | AZ36: 1.5836551e-07 | BA36: =AI36/(AZ36)*0.000001 -> 1.510825 | BB36: 1.0434868e+09 | BC36: =AW36/BB36 -> 2.373642e-10 | BE36: 2.7233885e-10 | BF36: 3.0068514e-10 | BG36: 2.8080404e-10 | BH36: =AI36/(1/3*BR36*BL36) -> 0.00022929144 | BI36: =AI36/BB36 -> 2.2929144e-10 | BJ36: =(BI36-BC36)/BC36 -> -0.034010028 | BK36: =AW36/BL36 -> 0.00017061236 | BL36: =Y36+Z36*N36 -> 1451.7495 | BN36: =AI36/BK36 -> 1402.3754 | BO36: =(BN36-BL36)/BL36 -> -0.034010028 | BP36: =AW36/BQ36 -> 0.002492803 | BQ36: 99.3606 | BR36: =BQ36/O36*0.000001 -> 2.1563364 | BS36: =AI36/(BP36) -> 95.981343 | BT36: =(BS36-BQ36)/BQ36 -> -0.034010028 | BY36: =L36/(X36/1000*(Y36+Z36*N36)) -> 1.8511567e-09
A37: 0.658NaCl-0.342UCl3 (ANL) | C37: 2 | D37: 55.702 | E37: 55.018 | F37: =D37*1.6726219E-27 -> 9.3168385e-26 | G37: =E37*9.1093856E-31 -> 5.0118018e-29 | H37: =((F37*D37)/(G37*E37)) -> 1882.0912 | I37: =D37/E37 -> 1.0124323 | J37: =(F37)-(G37) -> 9.3118267e-26 | K37: 156.23418 | L37: =10^(-1.2179+1557/N37+0/N37^2)/1000 -> 0.0058623182 | M37: =N37^-1 -> 0.0012755102 | N37: 784 | O37: 4.5172249e-05 | P37: 0.00034144514 | T37: =0.658*T8+0.342*T22 -> 2.87788e-10 | X37: 2899543.9 | Y37: 1470.4556 | AC37: 2 | AD37: 4 | AE37: =AC37+AD37 -> 6 | AF37: =1/3*BR37*BL37*T37 -> 3.0324622e-07 | AG37: =1/3*BR37*BL37*BE37 -> 2.8696723e-07 | AH37: 0.27567442 | AI37: 0.27567442 | AJ37: Rose, 2023 | AK37: =AI37*AK$1 -> 0.31702559 | AL37: =AI37*AL$1 -> 0.23432326 | AM37: 2.89258E-10 | AN37: 0.29231888 | AO37: =ABS(AI37-AN37)/AI37 -> 0.060377227 | AP37: 0.11126276 | AQ37: =ABS(AI37-AP37)/AI37 -> 0.59639797 | AR37: 0.10674697 | AS37: 0.33909844 | AT37: =ABS(($AI37-AS37)/$AI37) -> 0.23006856 | AU37: 0.33909844 | AV37: =ABS(($AI37-AU37)/$AI37) -> 0.23006856 | AW37: 0.25155328 | AX37: =(AI37-AW37)/AI37 -> 0.087498657 | AY37: =AI37/(1/3*BL37*BG37) -> 1872363.9 | AZ37: 1.5836551e-07 | BA37: =AI37/(AZ37)*0.000001 -> 1.7407479 | BB37: 1.0537139e+09 | BC37: =AW37/BB37 -> 2.3873015e-10 | BE37: 2.7233885e-10 | BF37: 3.0068514e-10 | BG37: 3.0038315e-10 | BH37: =AI37/(1/3*BR37*BL37) -> 0.0002616217 | BI37: =AI37/BB37 -> 2.616217e-10 | BJ37: =(BI37-BC37)/BC37 -> 0.095888798 | BK37: =AW37/BL37 -> 0.00017107167 | BL37: =Y37+Z37*N37 -> 1470.4556 | BN37: =AI37/BK37 -> 1611.4558 | BO37: =(BN37-BL37)/BL37 -> 0.095888798 | BP37: =AW37/BQ37 -> 0.0025903963 | BQ37: 97.10996 | BR37: =BQ37/O37*0.000001 -> 2.1497703 | BS37: =AI37/(BP37) -> 106.42172 | BT37: =(BS37-BQ37)/BQ37 -> 0.095888798 | BY37: =L37/(X37/1000*(Y37+Z37*N37)) -> 1.3749528e-09
A38: (NaF-KF)-.3UF4 | K38: 128.10887 | L38: =0.0767*EXP(39300/(8.3144598*N38))/1000 -> 0.0090410767 | N38: 991 | O38: 3.0243424e-05 | P38: 0.00023876282 | T38: =0.582*T3+0.388*T4+0.3*T21 -> 3.08518e-10 | X38: 3498633.6 | Y38: =BL38 -> 1348.6175 | AC38: 3 | AD38: 6 | AE38: =AC38+AD38 -> 9 | AF38: =1/3*BR38*BL38*T38 -> 4.6048979e-07 | AH38: 0.49395062 | AW38: 0.25347402 | AX38: =(AI38-AW38)/AI38 -> #DIV/0! | BB38: 1.4925865e+09 | BC38: =AW38/BB38 -> 1.69822e-10 | BH38: =AI38/(1/3*BR38*BL38) -> 0 | BI38: =AI38/BB38 -> 0 | BJ38: =(BI38-BC38)/BC38 -> -1 | BK38: =AW38/BL38 -> 0.000187951 | BL38: 1348.6175 | BN38: =AI38/BK38 -> 0 | BO38: =(BN38-BL38)/BL38 -> -1 | BP38: =AW38/BQ38 -> 0.0025242393 | BQ38: 100.416 | BR38: =BQ38/O38*0.000001 -> 3.3202589 | BS38: =AI38/(BP38) -> 0 | BT38: =(BS38-BQ38)/BQ38 -> -1 | BY38: =L38/(X38/1000*(Y38+Z38*N38)) -> 1.916165e-09
A39: (NaF-KF)-.4UF4 | K39: 154.66796 | L39: =0.0767*EXP(39300/(8.3144598*N39))/1000 -> 0.0081514268 | N39: 1013 | O39: 3.2645143e-05 | P39: 0.00022077563 | T39: =0.576*T3+0.384*T4+0.4*T21 -> 3.28224e-10 | X39: 3957693.6 | Y39: =BL39 -> 1272.126 | AC39: 3 | AD39: 6 | AE39: =AC39+AD39 -> 9 | AF39: =1/3*BR39*BL39*T39 -> 4.729354e-07 | AH39: 0.45693694 | AW39: 0.24265777 | AX39: =(AI39-AW39)/AI39 -> #DIV/0! | BB39: 1.4408922e+09 | BC39: =AW39/BB39 -> 1.68408e-10 | BH39: =AI39/(1/3*BR39*BL39) -> 0 | BI39: =AI39/BB39 -> 0 | BJ39: =(BI39-BC39)/BC39 -> -1 | BK39: =AW39/BL39 -> 0.00019074979 | BL39: 1272.126 | BN39: =AI39/BK39 -> 0 | BO39: =(BN39-BL39)/BL39 -> -1 | BP39: =AW39/BQ39 -> 0.002187525 | BQ39: 110.928 | BR39: =BQ39/O39*0.000001 -> 3.397994 | BS39: =AI39/(BP39) -> 0 | BT39: =(BS39-BQ39)/BQ39 -> -1 | BY39: =L39/(X39/1000*(Y39+Z39*N39)) -> 1.619054e-09
A40: (NaF-KF)-.5UF4 | K40: 181.22705 | L40: =0.0767*EXP(39300/(8.3144598*N40))/1000 -> 0.0078587879 | N40: 1021 | O40: 3.494914e-05 | P40: 0.00020501178 | T40: =0.57*T3+0.38*T4+0.5*T21 -> 3.4793e-10 | X40: 4426131.4 | Y40: =BL40 -> 1215.1718 | AC40: 3 | AD40: 6 | AE40: =AC40+AD40 -> 9 | AF40: =1/3*BR40*BL40*T40 -> 4.8970392e-07 | AH40: 0.43928571 | AW40: 0.23920093 | AX40: =(AI40-AW40)/AI40 -> #DIV/0! | BB40: 1.4074783e+09 | BC40: =AW40/BB40 -> 1.6995e-10 | BH40: =AI40/(1/3*BR40*BL40) -> 0 | BI40: =AI40/BB40 -> 0 | BJ40: =(BI40-BC40)/BC40 -> -1 | BK40: =AW40/BL40 -> 0.00019684536 | BL40: 1215.1718 | BN40: =AI40/BK40 -> 0 | BO40: =(BN40-BL40)/BL40 -> -1 | BP40: =AW40/BQ40 -> 0.0019697047 | BQ40: 121.44 | BR40: =BQ40/O40*0.000001 -> 3.4747636 | BS40: =AI40/(BP40) -> 0 | BT40: =(BS40-BQ40)/BQ40 -> -1 | BY40: =L40/(X40/1000*(Y40+Z40*N40)) -> 1.4611459e-09
A41: H2O | B41: 0.01 | C41: 1 | D41: 10 | E41: 10 | F41: =D41*1.6726219E-27 -> 1.6726219e-26 | G41: =E41*9.1093856E-31 -> 9.1093856e-30 | H41: =((F41*D41)/(G41*E41)) -> 1836.1523 | I41: =D41/E41 -> 1 | J41: =(F41)-(G41) -> 1.671711e-26 | K41: 18.015 | L41: 0.001793 | M41: =N41^-1 -> 0.0036609921 | N41: 273.15 | O41: 1.802e-05 | P41: 5.1e-05 | T41: 3.1e-10 | X41: 999840 | Y41: 1403 | Z41: 0 | AA41: 999840 | AB41: 0 | AF41: =1/3*BR41*BL41*T41 -> 6.0645622e-07 | AH41: 0.561 | AN41: 0.6450587 | AP41: 0.20005524 | AR41: 0.059325936 | AW41: =BB41*T41 -> 0.60645622 | AX41: =(AI41-AW41)/AI41 -> #DIV/0! | AY41: =AI41/(1/3*BL41*BH41) -> #DIV/0! | BA41: =AI41/(1/3*BL41*BH41)*0.000001 -> #DIV/0! | BB41: =1/3*BQ41/O41*Y41 -> 1.9563104e+09 | BC41: =T41 -> 3.1e-10 | BH41: =AI41/(1/3*BR41*BL41) -> 0 | BI41: =AI41/(1/3*BQ41/O41*Y41) -> 0 | BJ41: =(BI41-BC41)/BC41 -> -1 | BK41: =AW41/BL41 -> 0.00043225675 | BL41: =Y41+Z41*N41 -> 1403 | BN41: =AI41/BK41 -> 0 | BO41: =(BN41-BL41)/BL41 -> -1 | BP41: =AW41/BQ41 -> 0.00804532 | BQ41: 75.38 | BR41: =BQ41/O41*0.000001 -> 4.1831299 | BS41: =AI41/(BP41) -> 0 | BT41: =(BS41-BQ41)/BQ41 -> -1 | BY41: =L41/(X41/1000*(Y41+Z41*N41)) -> 1.2781803e-09
A42: 0.5454LiF-0.3636NaF-0.091UF4
AO45: =SUM(AO2:AO44) -> 1.9110396 | AQ45: =SUM(AQ2:AQ44) -> 3.1427632 | AS45: Mix | AT45: =AVERAGE(AT23:AT38) -> 0.18466768 | AV45: =AVERAGE(AV24:AV38) -> 0.18466768
AS46: Un | AT46: =AVERAGE(AT2:AT21) -> #DIV/0! | AV46: =AVERAGE(AV2:AV20) -> #DIV/0!
AS47: All | AT47: =AVERAGE(AT2:AT39) -> #DIV/0! | AV47: =AVERAGE(AV2:AV38) -> #DIV/0! | BB47: 0
AX48: =AVER -> #NAME? | BB48: 250
AF49: Unary Flourides
AF50: Unary Chlorides
AF51: Unary Alkaline Earth Flourides
AF52: Unary Alkaline Earth Chlorides
AF53: Unary Nitrates
G54: LiCl | H54: 5.6672852 | AF54: Fluoride Mixtures
G55: NaCl | H55: 3.6125286 | AF55: Chloride Mixtures
G56: KCl | H56: 2.160308 | AF56: Fluoride Actinide Mixtures
AF57: Chloride Actinide Mixtures
AF58: Water

Sheet MFP-rsum
A1: Compound | B1: S/cm | C1: order | D1: protons | E1: electrons | F1: Mp/molecule | G1: Me/molecule | H1: ratio of Mpe*# | I1: ratio | J1: Dif mass | K1: M_i (g/mol) | L1: Visc (N*s/m^2) | M1: T_i_m (K) inverse | N1: T_i_m (K) | O1: V_i_m (m^3/mol) | P1: alpha_i_m (K^-1) | R1: r_c (m) | S1: r_a (m) | T1: sum_radii | U1: rho_m (g/m^3) | V1: SoS(T)_A (A+B*T) | W1: SoS(T)_B | X1: A (Density (g/cm3): A - BT(K)) | Y1: B (Density (g/cm3): A - BT(K)) | Z1: #_cations | AA1: #_anions | AB1: sum_ions | AC1: λ_meas | AD1: 1/3*Cp*vs*r_sumCorrect | AE1: Error | AF1: 1/3*Cp*vs*1stPk | AG1: 1/3*Cp*vs*AvgPk | AH1: 1/3*Cp*vs*r_sum | AI1: dev_λ | AJ1: c_BC,rsum | AK1: c_BC_λBC | AL1: 1/3*Cp*vs | AM1: r_sum | AN1: 1stPeak | AO1: AvgMFP | AP1: λBC | AQ1: MFP_calc | AR1: MFP_dev | AS1: 1/3*Cp*r_sum | AT1: SoS_Tm | AU1: SoS_metal | AV1: vs_calc | AW1: vs_dev | AX1: 1/3*vs*r_sum | AY1: C_i_p (J/mol/K) | AZ1: Cp(J/m3-K) | BA1: Cp_calc | BB1: Cp_dev | BC1: vs*cp | BD1: 1/3*vs*cp*rsum | BG1: Visc/(Dens*C0)
A2: LiF | B2: 9.95 | C2: 1 | D2: 12 | E2: 12 | F2: =D2*1.6726219E-27 -> 2.0071463e-26 | G2: =E2*9.1093856E-31 -> 1.0931263e-29 | H2: =((F2*D2)/(G2*E2)) -> 1836.1523 | I2: =D2/E2 -> 1 | J2: =(F2)-(G2) -> 2.0060532e-26 | K2: 25.939 | L2: =0.115*EXP(27000/(8.3144598*N2))/1000 -> 0.0020988673 | M2: =N2^-1 -> 0.00089433439 | N2: 1118.15 | O2: 1.42e-05 | P2: 0.000268 | R2: 7.6e-11 | S2: 1.33e-10 | T2: =S2+R2 -> 2.09e-10 | U2: 1810000 | V2: 2547.8 | W2: 0 | X2: 2.3581 | Y2: -0.0004902 | Z2: 1 | AA2: 1 | AB2: =Z2+AA2 -> 2 | AC2: 1.33125 | AD2: =1/3*AZ2*AT2*T2 -> 0.80248523 | AE2: =ABS((AC2-AD2)/AC2) -> 0.39719419 | AF2: =1/3*AZ2*AT2*AN2 -> 0.72246878 | AG2: =1/3*AZ2*AT2*AO2 -> 0.90368251 | AH2: 0.79448872 | AI2: =(AC2-AH2)/AC2 -> 0.40320096 | AJ2: =AC2/(1/3*AT2*T2) -> 7500138 | AK2: =AC2/(1/3*AT2*AP2) -> 4521126.8 | AL2: 3.8013815e+09 | AM2: =AH2/AL2 -> 2.09e-10 | AN2: 1.8816044e-10 | AO2: 2.3535591e-10 | AP2: =AC2/(1/3*AZ2*AT2) -> 3.4671199e-10 | AQ2: =AC2/AL2 -> 3.5020164e-10 | AR2: =(AQ2-AM2)/AM2 -> 0.67560591 | AS2: =AH2/AT2 -> 0.00031183324 | AT2: =V2+W2*N2 -> 2547.8 | AU2: 3500 | AV2: =AC2/AS2 -> 4269.1087 | AW2: =(AV2-AT2)/AT2 -> 0.67560591 | AX2: =AH2/AY2 -> 0.012375214 | AY2: 64.2 | AZ2: =AY2/O2 -> 4521126.8 | BA2: =AC2/(AX2) -> 107.5739 | BB2: =(BA2-AY2)/AY2 -> 0.67560591 | BC2: =AT2*AZ2 -> 1.1518927e+10 | BD2: =1/3*BC2*T2 -> 0.80248523 | BG2: =L2/(U2/1000*(V2+W2*N2)) -> 4.5513588e-10
A3: NaF | B3: 6.9 | C3: 1 | D3: 20 | E3: 20 | F3: =D3*1.6726219E-27 -> 3.3452438e-26 | G3: =E3*9.1093856E-31 -> 1.8218771e-29 | H3: =((F3*D3)/(G3*E3)) -> 1836.1523 | I3: =D3/E3 -> 1 | J3: =(F3)-(G3) -> 3.3434219e-26 | K3: 41.988 | L3: =0.12*EXP(26500/(8.3144598*N3))/1000 -> 0.0014814456 | M3: =N3^-1 -> 0.00078855025 | N3: 1268.15 | O3: 2.16e-05 | P3: 0.000288 | R3: 1.02e-10 | S3: 1.33e-10 | T3: =S3+R3 -> 2.35e-10 | U3: 1950000 | V3: 2085.5 | W3: 0 | X3: 2.755 | Y3: -0.000636 | Z3: 1 | AA3: 1 | AB3: =Z3+AA3 -> 2 | AC3: 0.8279 | AD3: =1/3*AZ3*AT3*T3 -> 0.53093354 | AE3: =ABS((AC3-AD3)/AC3) -> 0.35869846 | AF3: =1/3*AZ3*AT3*AN3 -> 0.49109756 | AG3: =1/3*AZ3*AT3*AO3 -> 0.59812176 | AH3: 0.53220718 | AI3: =(AC3-AH3)/AC3 -> 0.35716007 | AJ3: =AC3/(1/3*AT3*T3) -> 5067818.8 | AK3: =AC3/(1/3*AT3*AP3) -> 3250000 | AL3: 2.2647114e+09 | AM3: =AH3/AL3 -> 2.35e-10 | AN3: 2.1736793e-10 | AO3: 2.6473862e-10 | AP3: =AC3/(1/3*AZ3*AT3) -> 3.6644228e-10 | AQ3: =AC3/AL3 -> 3.6556535e-10 | AR3: =(AQ3-AM3)/AM3 -> 0.55559722 | AS3: =AH3/AT3 -> 0.00025519404 | AT3: =V3+W3*N3 -> 2085.5 | AU3: 2720 | AV3: =AC3/AS3 -> 3244.198 | AW3: =(AV3-AT3)/AT3 -> 0.55559722 | AX3: =AH3/AY3 -> 0.0075812988 | AY3: 70.2 | AZ3: =AY3/O3 -> 3250000 | BA3: =AC3/(AX3) -> 109.20292 | BB3: =(BA3-AY3)/AY3 -> 0.55559722 | BC3: =AT3*AZ3 -> 6777875000 | BD3: =1/3*BC3*T3 -> 0.53093354 | BG3: =L3/(U3/1000*(V3+W3*N3)) -> 3.6428469e-10
A4: KF | B4: 5.1 | C4: 1 | D4: 28 | E4: 28 | F4: =D4*1.6726219E-27 -> 4.6833413e-26 | G4: =E4*9.1093856E-31 -> 2.550628e-29 | H4: =((F4*D4)/(G4*E4)) -> 1836.1523 | I4: =D4/E4 -> 1 | J4: =(F4)-(G4) -> 4.6807907e-26 | K4: 58.097 | L4: =0.107*EXP(23800/(8.3144598*N4))/1000 -> 0.001350063 | M4: =N4^-1 -> 0.00088562193 | N4: 1129.15 | O4: 3.04e-05 | P4: 0.000341 | R4: 1.38e-10 | S4: 1.33e-10 | T4: =S4+R4 -> 2.71e-10 | U4: 1910000 | V4: 1816.4 | W4: 0 | X4: 2.6464 | Y4: -0.0006515 | Z4: 1 | AA4: 1 | AB4: =Z4+AA4 -> 2 | AC4: 0.57 | AD4: =1/3*AZ4*AT4*T4 -> 0.36108718 | AE4: =ABS((AC4-AD4)/AC4) -> 0.36651373 | AF4: =1/3*AZ4*AT4*AN4 -> 0.32961603 | AG4: =1/3*AZ4*AT4*AO4 -> 0.40376311 | AH4: 0.36077309 | AI4: =(AC4-AH4)/AC4 -> 0.36706476 | AJ4: =AC4/(1/3*AT4*T4) -> 3473884.1 | AK4: =AC4/(1/3*AT4*AP4) -> 2200657.9 | AL4: 1.331266e+09 | AM4: =AH4/AL4 -> 2.71e-10 | AN4: 2.4738055e-10 | AO4: 3.0302877e-10 | AP4: =AC4/(1/3*AZ4*AT4) -> 4.2779143e-10 | AQ4: =AC4/AL4 -> 4.2816386e-10 | AR4: =(AQ4-AM4)/AM4 -> 0.57994046 | AS4: =AH4/AT4 -> 0.00019861985 | AT4: =V4+W4*N4 -> 1816.4 | AU4: 2360 | AV4: =AC4/AS4 -> 2869.8038 | AW4: =(AV4-AT4)/AT4 -> 0.57994046 | AX4: =AH4/AY4 -> 0.0053927218 | AY4: 66.9 | AZ4: =AY4/O4 -> 2200657.9 | BA4: =AC4/(AX4) -> 105.69802 | BB4: =(BA4-AY4)/AY4 -> 0.57994046 | BC4: =AT4*AZ4 -> 3.997275e+09 | BD4: =1/3*BC4*T4 -> 0.36108717 | BG4: =L4/(U4/1000*(V4+W4*N4)) -> 3.8914297e-10
A5: RbF | C5: 1 | D5: 46 | E5: 46 | F5: =D5*1.6726219E-27 -> 7.6940607e-26 | G5: =E5*9.1093856E-31 -> 4.1903174e-29 | H5: =((F5*D5)/(G5*E5)) -> 1836.1523 | I5: =D5/E5 -> 1 | J5: =(F5)-(G5) -> 7.6898704e-26 | K5: 104.4662 | L5: =0.115*EXP(27000/(8.3144598*N5))/1000 -> 0.0025481161 | M5: =N5^-1 -> 0.00095406192 | N5: 1048.15 | O5: 3.57e-05 | P5: 0.000349 | R5: 1.52e-10 | S5: 1.33e-10 | T5: =S5+R5 -> 2.85e-10 | U5: =K5/O5 -> 2926224.1 | V5: 1760.4 | W5: 0 | X5: =U5*100^3/1000 -> 2.9262241e+09 | Y5: 0 | AC5: 0.48965 | AD5: =1/3*AZ5*AT5*T5 -> 0.32557538 | AE5: =ABS((AC5-AD5)/AC5) -> 0.33508551 | AF5: =1/3*AZ5*AT5*AN5 -> 0.29579641 | AJ5: =AC5/(1/3*AT5*T5) -> 2927863.3 | AK5: =AC5/(1/3*AT5*AP5) -> 1946778.7 | AN5: 2.5893228e-10 | AP5: =AC5/(1/3*AZ5*AT5) -> 4.2862655e-10 | AQ5: 2.5893228e-10 | AT5: =V5+W5*N5 -> 1760.4 | AX5: =AH5/AY5 -> 0 | AY5: 69.5 | AZ5: =AY5/O5 -> 1946778.7 | BC5: =AT5*AZ5 -> 3.4271092e+09 | BD5: =1/3*BC5*T5 -> 0.32557538 | BG5: =L5/(U5/1000*(V5+W5*N5)) -> 4.9465257e-10
A6: CsF | C6: 1 | D6: 64 | E6: 64 | F6: =D6*1.6726219E-27 -> 1.070478e-25 | G6: =E6*9.1093856E-31 -> 5.8300068e-29 | H6: =((F6*D6)/(G6*E6)) -> 1836.1523 | I6: =D6/E6 -> 1 | J6: =(F6)-(G6) -> 1.069895e-25 | K6: 58.44 | L6: =0.115*EXP(27000/(8.3144598*N6))/1000 -> 0.0034453112 | M6: =N6^-1 -> 0.001046956 | N6: 955.15 | O6: 4.57e-05 | P6: 0.000385 | R6: 1.67e-10 | S6: 1.33e-10 | T6: =S6+R6 -> 3e-10 | U6: 2196977.2 | V6: 2732.9322 | W6: -0.915 | X6: 4.8985 | Y6: -0.000543 | AC6: 0.36715 | AD6: =1/3*AZ6*AT6*T6 -> 0.30142161 | AE6: =ABS((AC6-AD6)/AC6) -> 0.17902325 | AF6: =1/3*AZ6*AT6*AN6 -> 0.28095437 | AJ6: =AC6/(1/3*AT6*T6) -> 1975018.4 | AK6: =AC6/(1/3*AT6*AP6) -> 1621444.2 | AN6: 2.7962928e-10 | AP6: =AC6/(1/3*AZ6*AT6) -> 3.6541839e-10 | AQ6: 2.7962928e-10 | AT6: =V6+W6*N6 -> 1858.97 | AX6: =AH6/AY6 -> 0 | AY6: 74.1 | AZ6: =AY6/O6 -> 1621444.2 | BC6: =AT6*AZ6 -> 3.0142161e+09 | BD6: =1/3*BC6*T6 -> 0.30142161 | BG6: =L6/(U6/1000*(V6+W6*N6)) -> 8.4358824e-10
A7: LiCl | B7: 3.67 | C7: 1 | D7: 20 | E7: 20 | F7: =D7*1.6726219E-27 -> 3.3452438e-26 | G7: =E7*9.1093856E-31 -> 1.8218771e-29 | H7: =((F7*D7)/(G7*E7)) -> 1836.1523 | I7: =D7/E7 -> 1 | J7: =(F7)-(G7) -> 3.3434219e-26 | K7: 42.394 | L7: =0.0726*EXP(22400/(8.3144598*N7))/1000 -> 0.0015609789 | M7: =N7^-1 -> 0.0011388225 | N7: 878.1 | O7: =K7/U7 -> 2.8281521e-05 | P7: 0.000288 | R7: 7.6e-11 | S7: 1.81e-10 | T7: =S7+R7 -> 2.57e-10 | U7: 1499000 | V7: 2787.9043 | W7: -0.849 | X7: 1.8842 | Y7: -0.0004328 | Z7: 1 | AA7: 1 | AB7: =Z7+AA7 -> 2 | AC7: 0.6126 | AD7: =1/3*AZ7*AT7*T7 -> 0.40225026 | AE7: =ABS((AC7-AD7)/AC7) -> 0.34337209 | AF7: =1/3*AZ7*AT7*AN7 -> 0.37226977 | AG7: =1/3*AZ7*AT7*AO7 -> 0.46741266 | AH7: 0.40224439 | AI7: =(AC7-AH7)/AC7 -> 0.34338166 | AJ7: =AC7/(1/3*AT7*T7) -> 3501264 | AK7: =AC7/(1/3*AT7*AP7) -> 2299027.7 | AL7: 1.5651533e+09 | AM7: =AH7/AL7 -> 2.57e-10 | AN7: 2.378453e-10 | AO7: 2.9863264e-10 | AP7: =AC7/(1/3*AZ7*AT7) -> 3.9139366e-10 | AQ7: =AC7/AL7 -> 3.9139937e-10 | AR7: =(AQ7-AM7)/AM7 -> 0.52295473 | AS7: =AH7/AT7 -> 0.00019694717 | AT7: =V7+W7*N7 -> 2042.3974 | AU7: 3500 | AV7: =AC7/AS7 -> 3110.4789 | AW7: =(AV7-AT7)/AT7 -> 0.52295473 | AX7: =AH7/AY7 -> 0.0061864717 | AY7: 65.02 | AZ7: =AY7/O7 -> 2299027.7 | BA7: =AC7/(AX7) -> 99.022517 | BB7: =(BA7-AY7)/AY7 -> 0.52295473 | BC7: =AT7*AZ7 -> 4.6955283e+09 | BD7: =1/3*BC7*T7 -> 0.40225026 | BG7: =L7/(U7/1000*(V7+W7*N7)) -> 5.0986493e-10
A8: NaCl | B8: 3.94 | C8: 1 | D8: 28 | E8: 28 | F8: =D8*1.6726219E-27 -> 4.6833413e-26 | G8: =E8*9.1093856E-31 -> 2.550628e-29 | H8: =((F8*D8)/(G8*E8)) -> 1836.1523 | I8: =D8/E8 -> 1 | J8: =(F8)-(G8) -> 4.6807907e-26 | K8: 58.44 | L8: =0.0893*EXP(22000/(8.3144598*N8))/1000 -> 0.0010321391 | M8: =N8^-1 -> 0.00092494104 | N8: 1081.15 | O8: 3.765e-05 | P8: 0.00035 | R8: 1.02e-10 | S8: 1.81e-10 | T8: =S8+R8 -> 2.83e-10 | U8: 1560000 | V8: 2732.9322 | W8: -0.915 | X8: 2.1393 | Y8: -0.000543 | Z8: 1 | AA8: 1 | AB8: =Z8+AA8 -> 2 | AC8: 0.4665 | AD8: =1/3*AZ8*AT8*T8 -> 0.30415923 | AE8: =ABS((AC8-AD8)/AC8) -> 0.34799736 | AF8: =1/3*AZ8*AT8*AN8 -> 0.28617344 | AG8: =1/3*AZ8*AT8*AO8 -> 0.34614447 | AH8: 0.30612615 | AI8: =(AC8-AH8)/AC8 -> 0.34378102 | AJ8: =AC8/(1/3*AT8*T8) -> 2836087.9 | AK8: =AC8/(1/3*AT8*AP8) -> 1849136.8 | AL8: 1.0817179e+09 | AM8: =AH8/AL8 -> 2.83e-10 | AN8: 2.6626541e-10 | AO8: 3.2206448e-10 | AP8: =AC8/(1/3*AZ8*AT8) -> 4.3404732e-10 | AQ8: =AC8/AL8 -> 4.3125848e-10 | AR8: =(AQ8-AM8)/AM8 -> 0.52388156 | AS8: =AH8/AT8 -> 0.00017556326 | AT8: =V8+W8*N8 -> 1743.68 | AU8: 2720 | AV8: =AC8/AS8 -> 2657.1618 | AW8: =(AV8-AT8)/AT8 -> 0.52388156 | AX8: =AH8/AY8 -> 0.0043971007 | AY8: 69.62 | AZ8: =AY8/O8 -> 1849136.8 | BA8: =AC8/(AX8) -> 106.09263 | BB8: =(BA8-AY8)/AY8 -> 0.52388156 | BC8: =AT8*AZ8 -> 3.2243028e+09 | BD8: =1/3*BC8*T8 -> 0.30415923 | BG8: =L8/(U8/1000*(V8+W8*N8)) -> 3.7944326e-10
A9: KCl | B9: 3.34 | C9: 1 | D9: 36 | E9: 36 | F9: =D9*1.6726219E-27 -> 6.0214388e-26 | G9: =E9*9.1093856E-31 -> 3.2793788e-29 | H9: =((F9*D9)/(G9*E9)) -> 1836.1523 | I9: =D9/E9 -> 1 | J9: =(F9)-(G9) -> 6.0181595e-26 | K9: 74.5513 | L9: =0.0708*EXP(23900/(8.3144598*N9))/1000 -> 0.0011078669 | M9: =N9^-1 -> 0.00095680046 | N9: 1045.15 | O9: 4.884e-05 | P9: 0.000382 | R9: 1.38e-10 | S9: 1.81e-10 | T9: =S9+R9 -> 3.19e-10 | U9: 1530000 | V9: 2514.8257 | W9: -0.878 | X9: 2.1359 | Y9: -0.0005831 | Z9: 1 | AA9: 1 | AB9: =Z9+AA9 -> 2 | AC9: 0.35505 | AD9: =1/3*AZ9*AT9*T9 -> 0.25593315 | AE9: =ABS((AC9-AD9)/AC9) -> 0.27916308 | AF9: =1/3*AZ9*AT9*AN9 -> 0.23977579 | AG9: =1/3*AZ9*AT9*AO9 -> 0.2878106 | AH9: 0.25652334 | AI9: =(AC9-AH9)/AC9 -> 0.2775008 | AJ9: =AC9/(1/3*AT9*T9) -> 2090572 | AK9: =AC9/(1/3*AT9*AP9) -> 1506961.5 | AL9: 8.041484e+08 | AM9: =AH9/AL9 -> 3.19e-10 | AN9: 2.9886116e-10 | AO9: 3.5873267e-10 | AP9: =AC9/(1/3*AZ9*AT9) -> 4.4254115e-10 | AQ9: =AC9/AL9 -> 4.4152298e-10 | AR9: =(AQ9-AM9)/AM9 -> 0.38408459 | AS9: =AH9/AT9 -> 0.00016060976 | AT9: =V9+W9*N9 -> 1597.184 | AU9: 2360 | AV9: =AC9/AS9 -> 2210.6378 | AW9: =(AV9-AT9)/AT9 -> 0.38408459 | AX9: =AH9/AY9 -> 0.0034853715 | AY9: 73.6 | AZ9: =AY9/O9 -> 1506961.5 | BA9: =AC9/(AX9) -> 101.86863 | BB9: =(BA9-AY9)/AY9 -> 0.38408459 | BC9: =AT9*AZ9 -> 2.4068948e+09 | BD9: =1/3*BC9*T9 -> 0.25593315 | BG9: =L9/(U9/1000*(V9+W9*N9)) -> 4.5335792e-10
A10: BeF2 | B10: 0.52 | C10: 1 | D10: 13 | E10: 12 | F10: =D10*1.6726219E-27 -> 2.1744085e-26 | G10: =E10*9.1093856E-31 -> 1.0931263e-29 | H10: =((F10*D10)/(G10*E10)) -> 2154.9287 | I10: =D10/E10 -> 1.0833333 | J10: =(F10)-(G10) -> 2.1733153e-26 | K10: 47.01 | L10: =10^(-8.12+11500/N10+639000/N10^2)/1000 -> 1.5280163 | M10: =N10^-1 -> 0.00093444844 | N10: 1070.15 | O10: 2.4e-05 | P10: 7.42e-06 | R10: 3.4e-11 | S10: 1.33e-10 | T10: =S10+R10 -> 1.67e-10 | U10: 1960000 | V10: 2547.8 | W10: 0 | X10: 1.972 | Y10: -1.45e-05 | Z10: 1 | AA10: 2 | AB10: =Z10+AA10 -> 3 | AC10: 0.79925906 | AD10: =1/3*AZ10*AT10*T10 -> 0.51944334 | AE10: =ABS((AC10-AD10)/AC10) -> 0.35009389 | AH10: 0.51979939 | AI10: =(AC10-AH10)/AC10 -> 0.34964842 | AJ10: =AC10/(1/3*AT10*T10) -> 5635429.4 | AK10: =AC10/(1/3*AT10*AP10) -> 3662500 | AL10: 3.1125712e+09 | AM10: =AH10/AL10 -> 1.67e-10 | AP10: =AC10/(1/3*AZ10*AT10) -> 2.569602e-10 | AQ10: =AC10/AL10 -> 2.5678419e-10 | AR10: =(AQ10-AM10)/AM10 -> 0.53762986 | AS10: =AH10/AT10 -> 0.00020401891 | AT10: =V10+W10*N10 -> 2547.8 | AV10: =AC10/AS10 -> 3917.5733 | AW10: =(AV10-AT10)/AT10 -> 0.53762986 | AX10: =AH10/AY10 -> 0.0059135311 | AY10: 87.9 | AZ10: =AY10/O10 -> 3662500 | BA10: =AC10/(AX10) -> 135.15766 | BB10: =(BA10-AY10)/AY10 -> 0.53762986 | BC10: =AT10*AZ10 -> 9331317500 | BD10: =1/3*BC10*T10 -> 0.51944334
A11: MgF2 | B11: 0.02 | C11: 1 | D11: 21 | E11: 20 | F11: =D11*1.6726219E-27 -> 3.512506e-26 | G11: =E11*9.1093856E-31 -> 1.8218771e-29 | H11: =((F11*D11)/(G11*E11)) -> 2024.3579 | I11: =D11/E11 -> 1.05 | J11: =(F11)-(G11) -> 3.5106841e-26 | K11: 62.3018 | L11: =0.187*EXP(32100/(8.3144598*N11))/1000 -> 0.002315921 | M11: =N11^-1 -> 0.0006518055 | N11: 1534.2 | O11: =K11/U11 -> 2.557462e-05 | P11: 0.000216 | R11: 7.2e-11 | S11: 1.33e-10 | T11: =S11+R11 -> 2.05e-10 | U11: =(X11+N11*Y11)*1000000 -> 2436079.2 | V11: 2175.6 | W11: 0 | X11: 3.24 | Y11: -0.000524 | Z11: 1 | AA11: 2 | AB11: =Z11+AA11 -> 3 | AC11: 0.6506778 | AD11: =1/3*AZ11*AT11*T11 -> 0.55165642 | AE11: =ABS((AC11-AD11)/AC11) -> 0.15218189 | AH11: 0.55165642 | AI11: =(AC11-AH11)/AC11 -> 0.15218189 | AJ11: =AC11/(1/3*AT11*T11) -> 4376776.1 | AK11: =AC11/(1/3*AT11*AP11) -> 3710710.1 | AL11: 2.6910069e+09 | AM11: =AH11/AL11 -> 2.05e-10 | AP11: =AC11/(1/3*AZ11*AT11) -> 2.4179715e-10 | AQ11: =AC11/AL11 -> 2.4179715e-10 | AR11: =(AQ11-AM11)/AM11 -> 0.17949828 | AS11: =AH11/AT11 -> 0.00025356519 | AT11: =V11+W11*N11 -> 2175.6 | AV11: =AC11/AS11 -> 2566.1165 | AW11: =(AV11-AT11)/AT11 -> 0.17949828 | AX11: =AH11/AY11 -> 0.0058130287 | AY11: 94.9 | AZ11: =AY11/O11 -> 3710710.1 | BA11: =AC11/(AX11) -> 111.93439 | BB11: =(BA11-AY11)/AY11 -> 0.17949828 | BC11: =AT11*AZ11 -> 8.0730208e+09 | BD11: =1/3*BC11*T11 -> 0.55165642 | BG11: =L11/(U11/1000*(V11+W11*N11)) -> 4.3697168e-10
A12: CaF2 | B12: 0.12 | C12: 1 | D12: 29 | E12: 28 | F12: =D12*1.6726219E-27 -> 4.8506035e-26 | G12: =E12*9.1093856E-31 -> 2.550628e-29 | H12: =((F12*D12)/(G12*E12)) -> 1969.648 | I12: =D12/E12 -> 1.0357143 | J12: =(F12)-(G12) -> 4.8480529e-26 | K12: 78.0748 | L12: =0.1*EXP(47600/(8.3144598*N12))/1000 -> 0.0029475213 | M12: =N12^-1 -> 0.00059101655 | N12: 1692 | O12: =K12/U12 -> 3.1001402e-05 | P12: 0.000155 | R12: 1e-10 | S12: 1.33e-10 | T12: =S12+R12 -> 2.33e-10 | U12: =(X12+N12*Y12)*1000000 -> 2518428 | V12: 1710.3 | W12: 0 | X12: 3.18 | Y12: -0.000391 | Z12: 1 | AA12: 2 | AB12: =Z12+AA12 -> 3 | AC12: 0.5648032 | AD12: =1/3*AZ12*AT12*T12 -> 0.42810664 | AE12: =ABS((AC12-AD12)/AC12) -> 0.24202511 | AH12: 0.42810664 | AI12: =(AC12-AH12)/AC12 -> 0.24202511 | AJ12: =AC12/(1/3*AT12*T12) -> 4251970 | AK12: =AC12/(1/3*AT12*AP12) -> 3222886.5 | AL12: 1.8373676e+09 | AM12: =AH12/AL12 -> 2.33e-10 | AP12: =AC12/(1/3*AZ12*AT12) -> 3.0739805e-10 | AQ12: =AC12/AL12 -> 3.0739805e-10 | AR12: =(AQ12-AM12)/AM12 -> 0.31930492 | AS12: =AH12/AT12 -> 0.00025031085 | AT12: =V12+W12*N12 -> 1710.3 | AV12: =AC12/AS12 -> 2256.4072 | AW12: =(AV12-AT12)/AT12 -> 0.31930492 | AX12: =AH12/AY12 -> 0.0042847513 | AY12: 99.914 | AZ12: =AY12/O12 -> 3222886.5 | BA12: =AC12/(AX12) -> 131.81703 | BB12: =(BA12-AY12)/AY12 -> 0.31930492 | BC12: =AT12*AZ12 -> 5.5121027e+09 | BD12: =1/3*BC12*T12 -> 0.42810664 | BG12: =L12/(U12/1000*(V12+W12*N12)) -> 6.8431351e-10
A13: SrF2 | C13: 1 | D13: 47 | E13: 46 | F13: =D13*1.6726219E-27 -> 7.8613229e-26 | G13: =E13*9.1093856E-31 -> 4.1903174e-29 | H13: =((F13*D13)/(G13*E13)) -> 1916.8527 | I13: =D13/E13 -> 1.0217391 | J13: =(F13)-(G13) -> 7.8571326e-26 | K13: 125.6168 | L13: =0.0703*EXP(54500/(8.3144598*N13))/1000 -> 0.0030018345 | M13: =N13^-1 -> 0.00057273769 | N13: 1746 | O13: =K13/U13 -> 3.621381e-05 | P13: 0.000213 | R13: 1.18e-10 | S13: 1.33e-10 | T13: =S13+R13 -> 2.51e-10 | U13: =(X13+N13*Y13)*1000000 -> 3468754 | V13: 1398.6 | W13: 0 | X13: 4.78 | Y13: -0.000751 | Z13: 1 | AA13: 2 | AB13: =Z13+AA13 -> 3 | AC13: 0.390415 | AD13: =1/3*AZ13*AT13*T13 -> 0.31989464 | AE13: =ABS((AC13-AD13)/AC13) -> 0.18062923 | AH13: 0.31989464 | AI13: =(AC13-AH13)/AC13 -> 0.18062923 | AJ13: =AC13/(1/3*AT13*T13) -> 3336418.4 | AK13: =AC13/(1/3*AT13*AP13) -> 2733763.7 | AL13: 1.2744806e+09 | AM13: =AH13/AL13 -> 2.51e-10 | AP13: =AC13/(1/3*AZ13*AT13) -> 3.0633263e-10 | AQ13: =AC13/AL13 -> 3.0633263e-10 | AR13: =(AQ13-AM13)/AM13 -> 0.22044872 | AS13: =AH13/AT13 -> 0.00022872489 | AT13: =V13+W13*N13 -> 1398.6 | AV13: =AC13/AS13 -> 1706.9196 | AW13: =(AV13-AT13)/AT13 -> 0.22044872 | AX13: =AH13/AY13 -> 0.003231259 | AY13: 99 | AZ13: =AY13/O13 -> 2733763.7 | BA13: =AC13/(AX13) -> 120.82442 | BB13: =(BA13-AY13)/AY13 -> 0.22044872 | BC13: =AT13*AZ13 -> 3.8234419e+09 | BD13: =1/3*BC13*T13 -> 0.31989464 | BG13: =L13/(U13/1000*(V13+W13*N13)) -> 6.1875642e-10
A14: MgCl2 | B14: 0.8 | C14: 1 | D14: 29 | E14: 28 | F14: =D14*1.6726219E-27 -> 4.8506035e-26 | G14: =E14*9.1093856E-31 -> 2.550628e-29 | H14: =((F14*D14)/(G14*E14)) -> 1969.648 | I14: =D14/E14 -> 1.0357143 | J14: =(F14)-(G14) -> 4.8480529e-26 | K14: 95.211 | L14: =0.18*EXP(20500/(8.3144598*N14))/1000 -> 0.0021885965 | M14: =N14^-1 -> 0.0010131712 | N14: 987 | O14: =K14/U14 -> 5.6510276e-05 | P14: 0.00018 | R14: 7.2e-11 | S14: 1.81e-10 | T14: =S14+R14 -> 2.53e-10 | U14: =(X14+N14*Y14)*1000000 -> 1684844 | V14: 2101 | W14: 0 | X14: 1.9691 | Y14: -0.000288 | Z14: 1 | AA14: 2 | AB14: =Z14+AA14 -> 3 | AC14: 0.4568 | AD14: =1/3*AZ14*AT14*T14 -> 0.28861058 | AE14: =ABS((AC14-AD14)/AC14) -> 0.3681905 | AF14: =1/3*AZ14*AT14*AN14 -> 0.26994066 | AG14: =1/3*AZ14*AT14*AO14 -> 0.33370075 | AH14: 0.28861058 | AI14: =(AC14-AH14)/AC14 -> 0.3681905 | AJ14: =AC14/(1/3*AT14*T14) -> 2578106 | AK14: =AC14/(1/3*AT14*AP14) -> 1628871.9 | AL14: 1.1407533e+09 | AM14: =AH14/AL14 -> 2.53e-10 | AN14: 2.3663369e-10 | AO14: 2.9252667e-10 | AP14: =AC14/(1/3*AZ14*AT14) -> 4.0043716e-10 | AQ14: =AC14/AL14 -> 4.0043716e-10 | AR14: =(AQ14-AM14)/AM14 -> 0.58275557 | AS14: =AH14/AT14 -> 0.0001373682 | AT14: =V14+W14*N14 -> 2101 | AU14: 3400 | AV14: =AC14/AS14 -> 3325.3695 | AW14: =(AV14-AT14)/AT14 -> 0.58275557 | AX14: =AH14/AY14 -> 0.0031354356 | AY14: 92.048 | AZ14: =AY14/O14 -> 1628871.9 | BA14: =AC14/(AX14) -> 145.68948 | BB14: =(BA14-AY14)/AY14 -> 0.58275557 | BC14: =AT14*AZ14 -> 3.4222598e+09 | BD14: =1/3*BC14*T14 -> 0.28861058 | BG14: =L14/(U14/1000*(V14+W14*N14)) -> 6.1827252e-10
A15: CaCl2 | B15: 2.5 | C15: 1 | D15: 37 | E15: 36 | F15: =D15*1.6726219E-27 -> 6.188701e-26 | G15: =E15*9.1093856E-31 -> 3.2793788e-29 | H15: =((F15*D15)/(G15*E15)) -> 1939.5775 | I15: =D15/E15 -> 1.0277778 | J15: =(F15)-(G15) -> 6.1854217e-26 | K15: 110.984 | L15: =10^(-0.545+597/N15+546000/N15^2)/1000 -> 0.0033595447 | M15: =N15^-1 -> 0.0009569378 | N15: 1045 | O15: =K15/U15 -> 5.3154148e-05 | P15: 0.000203 | R15: 1e-10 | S15: 1.81e-10 | T15: =S15+R15 -> 2.81e-10 | U15: =(X15+N15*Y15)*1000000 -> 2087965 | V15: 2065.03 | W15: 0 | X15: 2.53 | Y15: -0.000423 | AC15: 0.44125 | AD15: =1/3*AZ15*AT15*T15 -> 0.3731109 | AE15: =ABS((AC15-AD15)/AC15) -> 0.15442289 | AF15: =1/3*AZ15*AT15*AN15 -> 0.3702431 | AG15: =1/3*AZ15*AT15*AO15 -> 0.400395 | AJ15: =AC15/(1/3*AT15*T15) -> 2281252.1 | AK15: =AC15/(1/3*AT15*AP15) -> 1928974.6 | AN15: 2.7884018e-10 | AO15: 3.015484e-10 | AP15: =AC15/(1/3*AZ15*AT15) -> 3.3231742e-10 | AT15: =V15+W15*N15 -> 2065.03 | AU15: 2200 | AX15: =AH15/AY15 -> 0 | AY15: 102.533 | AZ15: =AY15/O15 -> 1928974.6 | BC15: =AT15*AZ15 -> 3.9833904e+09 | BD15: =1/3*BC15*T15 -> 0.3731109 | BG15: =L15/(U15/1000*(V15+W15*N15)) -> 7.7916752e-10
A16: SrCl2 | C16: 1 | D16: 55 | E16: 54 | F16: =D16*1.6726219E-27 -> 9.1994204e-26 | G16: =E16*9.1093856E-31 -> 4.9190682e-29 | H16: =((F16*D16)/(G16*E16)) -> 1904.7876 | I16: =D16/E16 -> 1.0185185 | J16: =(F16)-(G16) -> 9.1945014e-26 | K16: 158.526 | L16: =10^(-0.439+398/N16+879000/N16^2)/1000 -> 0.0037808819 | M16: =N16^-1 -> 0.00087260035 | N16: 1146 | O16: =K16/U16 -> 5.811897e-05 | P16: 0.000212 | R16: 1.18e-10 | S16: 1.81e-10 | T16: =S16+R16 -> 2.99e-10 | U16: =(X16+N16*Y16)*1000000 -> 2727612 | V16: 1873.13 | W16: 0 | X16: 3.39 | Y16: -0.000578 | Z16: 1 | AA16: 2 | AB16: =Z16+AA16 -> 3 | AC16: 0.37705 | AD16: =1/3*AZ16*AT16*T16 -> 0.33599408 | AE16: =ABS((AC16-AD16)/AC16) -> 0.1088872 | AF16: =1/3*AZ16*AT16*AN16 -> 0.32666099 | AG16: =1/3*AZ16*AT16*AO16 -> 0.36759448 | AH16: 0.33599408 | AI16: =(AC16-AH16)/AC16 -> 0.1088872 | AJ16: =AC16/(1/3*AT16*T16) -> 2019673.2 | AK16: =AC16/(1/3*AT16*AP16) -> 1799756.6 | AL16: 1.123726e+09 | AM16: =AH16/AL16 -> 2.99e-10 | AN16: 2.9069451e-10 | AO16: 3.2712108e-10 | AP16: =AC16/(1/3*AZ16*AT16) -> 3.3553552e-10 | AQ16: =AC16/AL16 -> 3.3553552e-10 | AR16: =(AQ16-AM16)/AM16 -> 0.12219238 | AS16: =AH16/AT16 -> 0.00017937574 | AT16: =V16+W16*N16 -> 1873.13 | AV16: =AC16/AS16 -> 2102.0122 | AW16: =(AV16-AT16)/AT16 -> 0.12219238 | AX16: =AH16/AY16 -> 0.0032121805 | AY16: 104.6 | AZ16: =AY16/O16 -> 1799756.6 | BA16: =AC16/(AX16) -> 117.38132 | BB16: =(BA16-AY16)/AY16 -> 0.12219238 | BC16: =AT16*AZ16 -> 3.3711781e+09 | BD16: =1/3*BC16*T16 -> 0.33599408 | BG16: =L16/(U16/1000*(V16+W16*N16)) -> 7.4001854e-10
A17: NaNO3 | B17: 0.3 | C17: 1 | D17: 26 | E17: 25 | F17: =D17*1.6726219E-27 -> 4.3488169e-26 | G17: =E17*9.1093856E-31 -> 2.2773464e-29 | H17: =((F17*D17)/(G17*E17)) -> 1985.9823 | I17: =D17/E17 -> 1.04 | J17: =(F17)-(G17) -> 4.3465396e-26 | K17: 84.99 | M17: =N17^-1 -> 0.0017148247 | N17: 583.15 | O17: 4.467e-05 | P17: 0.000376 | R17: 1.02e-10 | S17: 2.31e-10 | T17: =S17+R17 -> 3.33e-10 | U17: =(X17+N17*Y17)*1000000 -> 1886915.5 | V17: 2490.4882 | W17: -1.155 | X17: 2.3339 | Y17: -0.0007665 | Z17: 2 | AA17: 3 | AB17: =Z17+AA17 -> 5 | AC17: 0.51225 | AD17: =1/3*AZ17*AT17*T17 -> 0.70252146 | AE17: =ABS((AC17-AD17)/AC17) -> 0.37144258 | AF17: =1/3*AZ17*AT17*AN17 -> 0.43236429 | AH17: 0.6982846 | AI17: =(AC17-AH17)/AC17 -> -0.36317149 | AJ17: =AC17/(1/3*AT17*T17) -> 2539896.5 | AK17: =AC17/(1/3*AT17*AP17) -> 3483322.1 | AL17: 2.0969507e+09 | AM17: =AH17/AL17 -> 3.33e-10 | AN17: 2.0494365e-10 | AP17: =AC17/(1/3*AZ17*AT17) -> 2.4281002e-10 | AQ17: =AC17/AL17 -> 2.4428328e-10 | AR17: =(AQ17-AM17)/AM17 -> -0.26641658 | AS17: =AH17/AT17 -> 0.0003843169 | AT17: =V17+W17*N17 -> 1816.95 | AV17: =AC17/AS17 -> 1332.8844 | AW17: =(AV17-AT17)/AT17 -> -0.26641658 | AX17: =AH17/AY17 -> 0.0044876902 | AY17: 155.6 | AZ17: =AY17/O17 -> 3483322.1 | BA17: =AC17/(AX17) -> 114.14558 | BB17: =(BA17-AY17)/AY17 -> -0.26641658 | BC17: =AT17*AZ17 -> 6.3290222e+09 | BD17: =1/3*BC17*T17 -> 0.70252146
A18: KNO3 | B18: 0.2 | C18: 1 | D18: 34 | E18: 33 | F18: =D18*1.6726219E-27 -> 5.6869145e-26 | G18: =E18*9.1093856E-31 -> 3.0060972e-29 | H18: =((F18*D18)/(G18*E18)) -> 1949.1203 | I18: =D18/E18 -> 1.030303 | J18: =(F18)-(G18) -> 5.6839084e-26 | K18: 101.1 | M18: =N18^-1 -> 0.0016389412 | N18: 610.15 | O18: 5.406e-05 | P18: 0.00039 | R18: 1.38e-10 | S18: 2.31e-10 | T18: =S18+R18 -> 3.69e-10 | U18: =(X18+N18*Y18)*1000000 -> 1870200.6 | V18: 2449.928 | W18: -1.12 | X18: 2.315 | Y18: -0.000729 | Z18: 2 | AA18: 3 | AB18: =Z18+AA18 -> 5 | AC18: 0.4092 | AD18: =1/3*AZ18*AT18*T18 -> 0.56673049 | AE18: =ABS((AC18-AD18)/AC18) -> 0.38497186 | AH18: 0.53083305 | AI18: =(AC18-AH18)/AC18 -> -0.29724596 | AJ18: =AC18/(1/3*AT18*T18) -> 1883224.6 | AK18: =AC18/(1/3*AT18*AP18) -> 2608213.1 | AL18: 1.4385719e+09 | AM18: =AH18/AL18 -> 3.69e-10 | AP18: =AC18/(1/3*AZ18*AT18) -> 2.6643141e-10 | AQ18: =AC18/AL18 -> 2.8444876e-10 | AR18: =(AQ18-AM18)/AM18 -> -0.22913616 | AS18: =AH18/AT18 -> 0.00030048968 | AT18: =V18+W18*N18 -> 1766.56 | AV18: =AC18/AS18 -> 1361.7772 | AW18: =(AV18-AT18)/AT18 -> -0.22913616 | AX18: =AH18/AY18 -> 0.0037647734 | AY18: 141 | AZ18: =AY18/O18 -> 2608213.1 | BA18: =AC18/(AX18) -> 108.6918 | BB18: =(BA18-AY18)/AY18 -> -0.22913616 | BC18: =AT18*AZ18 -> 4.6075649e+09 | BD18: =1/3*BC18*T18 -> 0.56673049
A19: ZrF4 | B19: 0.05 | C19: 1 | D19: 49 | E19: 46 | F19: =D19*1.6726219E-27 -> 8.1958473e-26 | G19: =E19*9.1093856E-31 -> 4.1903174e-29 | H19: =((F19*D19)/(G19*E19)) -> 2083.4601 | I19: =D19/E19 -> 1.0652174 | J19: =(F19)-(G19) -> 8.191657e-26 | K19: 167.21 | M19: =N19^-1 -> 0.00083963056 | N19: 1191 | O19: =K19/U19 -> 4.2928625e-05 | P19: 0.000309 | R19: 7.2e-11 | S19: 1.33e-10 | T19: =S19+R19 -> 2.05e-10 | U19: =(5.36-0.00123*N19)*1000000 -> 3895070 | V19: 1700 | W19: 0 | X19: 5.36 | Y19: -0.00123 | AD19: =1/3*AZ19*AT19*T19 -> 0.33284318 | AJ19: =AC19/(1/3*AT19*T19) -> 0 | AK19: =AC19/(1/3*AT19*AP19) -> #DIV/0! | AP19: =AC19/(1/3*AZ19*AT19) -> 0 | AT19: =V19+W19*N19 -> 1700 | AX19: =AH19/AY19 -> 0 | AY19: 123 | AZ19: =AY19/O19 -> 2865221 | BC19: =AT19*AZ19 -> 4.8708758e+09 | BD19: =1/3*BC19*T19 -> 0.33284318
A20: ThF4 | B20: 0.08 | C20: 1 | D20: 99 | E20: 96 | F20: =D20*1.6726219E-27 -> 1.6558957e-25 | G20: =E20*9.1093856E-31 -> 8.7450102e-29 | H20: =((F20*D20)/(G20*E20)) -> 1952.7049 | I20: =D20/E20 -> 1.03125 | J20: =(F20)-(G20) -> 1.6550212e-25 | K20: 308.0317 | M20: =N20^-1 -> 0.00072254335 | N20: 1384 | O20: =K20/U20 -> 5.0331977e-05 | P20: 0.000121 | R20: 9.4e-11 | S20: 1.33e-10 | T20: =S20+R20 -> 2.27e-10 | U20: 6120000 | V20: 1362 | W20: 0 | X20: 7.34 | Y20: -0.000808 | AD20: =1/3*AZ20*AT20*T20 -> 0.34399094 | AJ20: =AC20/(1/3*AT20*T20) -> 0 | AK20: =AC20/(1/3*AT20*AP20) -> #DIV/0! | AP20: =AC20/(1/3*AZ20*AT20) -> 0 | AT20: =V20+W20*N20 -> 1362 | AX20: =AH20/AY20 -> 0 | AY20: 168 | AZ20: =AY20/O20 -> 3337838.3 | BC20: =AT20*AZ20 -> 4.5461357e+09 | BD20: =1/3*BC20*T20 -> 0.34399094
A21: UF4 | B21: 0.09 | C21: 1 | D21: 101 | E21: 98 | F21: =D21*1.6726219E-27 -> 1.6893481e-25 | G21: =E21*9.1093856E-31 -> 8.9271979e-29 | H21: =((F21*D21)/(G21*E21)) -> 1950.2904 | I21: =D21/E21 -> 1.0306122 | J21: =(F21)-(G21) -> 1.6884554e-25 | K21: 314.0225 | L21: =10^(11.4-35400/N21+27700000/N21^2)/1000 -> 0.003329486 | M21: =N21^-1 -> 0.00076394194 | N21: 1309 | O21: =K21/U21 -> 4.8535162e-05 | P21: 0.000149 | R21: 8.9e-11 | S21: 1.33e-10 | T21: =S21+R21 -> 2.22e-10 | U21: 6470000 | V21: 1062 | W21: 0 | X21: 7.604 | Y21: -0.000791 | AD21: =1/3*AZ21*AT21*T21 -> 0.28174032 | AJ21: =AC21/(1/3*AT21*T21) -> 0 | AK21: =AC21/(1/3*AT21*AP21) -> #DIV/0! | AP21: =AC21/(1/3*AZ21*AT21) -> 0 | AT21: =V21+W21*N21 -> 1062 | AX21: =AH21/AY21 -> 0 | AY21: 174 | AZ21: =AY21/O21 -> 3585029.7 | BC21: =AT21*AZ21 -> 3.8073016e+09 | BD21: =1/3*BC21*T21 -> 0.28174032 | BG21: =L21/(U21/1000*(V21+W21*N21)) -> 4.8456093e-10
A22: UCl3 | C22: 1 | D22: 109 | E22: 107 | F22: =D22*1.6726219E-27 -> 1.8231579e-25 | G22: =E22*9.1093856E-31 -> 9.7470426e-29 | H22: =((F22*D22)/(G22*E22)) -> 1905.435 | I22: =D22/E22 -> 1.0186916 | J22: =(F22)-(G22) -> 1.8221832e-25 | K22: 344.3879 | L22: =0.478*EXP(10900/(8.3144598*N22))/1000 -> 0.0015506403 | M22: =N22^-1 -> 0.00089766607 | N22: 1114 | O22: =K22/U22 -> 7.5193865e-05 | P22: 0.000333 | R22: 1.16e-10 | S22: 1.81e-10 | T22: =S22+R22 -> 2.97e-10 | U22: 4580000 | V22: 1248 | W22: 0 | X22: 6.3747 | Y22: -0.0015222 | AD22: =1/3*AZ22*AT22*T22 -> 0.24646692 | AJ22: =AC22/(1/3*AT22*T22) -> 0 | AK22: =AC22/(1/3*AT22*AP22) -> #DIV/0! | AP22: =AC22/(1/3*AZ22*AT22) -> 0 | AT22: =V22+W22*N22 -> 1248 | AX22: =AH22/AY22 -> 0 | AY22: 150 | AZ22: =AY22/O22 -> 1994843.6 | BC22: =AT22*AZ22 -> 2.4895648e+09 | BD22: =1/3*BC22*T22 -> 0.24646692 | BG22: =L22/(U22/1000*(V22+W22*N22)) -> 2.7128826e-10
A23: 0.68KCl-0.32MgCl2 | C23: 2 | D23: 33.76 | E23: 33.44 | F23: =D23*1.6726219E-27 -> 5.6467715e-26 | G23: =E23*9.1093856E-31 -> 3.0461785e-29 | H23: =((F23*D23)/(G23*E23)) -> 1871.4621 | I23: =D23/E23 -> 1.0095694 | J23: =(F23)-(G23) -> 5.6437254e-26 | K23: 81.162404 | L23: =0.141*EXP(18800/(8.3144598*N23))/1000 -> 0.0036048873 | M23: =N23^-1 -> 0.0014334862 | N23: 697.6 | O23: 4.6549051e-05 | P23: 0.00030722638 | T23: =0.68*T9+0.32*T14 -> 2.9788e-10 | U23: 1741629.2 | V23: 1968.0306 | Z23: 2 | AA23: 3 | AB23: =Z23+AA23 -> 5 | AC23: 0.43524 | AD23: =1/3*AZ23*AT23*T23 -> 0.33375409 | AE23: =ABS((AC23-AD23)/AC23) -> 0.2331723 | AH23: 0.28255486 | AI23: =(AC23-AH23)/AC23 -> 0.35080678 | AJ23: =AC23/(1/3*AT23*T23) -> 2227290.5 | AK23: =AC23/(1/3*AT23*AP23) -> 1707948 | AL23: 1.1204313e+09 | AM23: =AH23/AL23 -> 2.52184e-10 | AP23: =AC23/(1/3*AZ23*AT23) -> 3.8845754e-10 | AQ23: =AC23/AL23 -> 3.8845754e-10 | AR23: =(AQ23-AM23)/AM23 -> 0.54037345 | AS23: =AH23/AT23 -> 0.00014357239 | AT23: =V23+W23*N23 -> 1968.0306 | AV23: =AC23/AS23 -> 3031.5021 | AW23: =(AV23-AT23)/AT23 -> 0.54037345 | AX23: =AH23/AY23 -> 0.0035539989 | AY23: 79.50336 | AZ23: =AY23/O23 -> 1707948 | BA23: =AC23/(AX23) -> 122.46486 | BB23: =(BA23-AY23)/AY23 -> 0.54037345 | BC23: =AT23*AZ23 -> 3.361294e+09 | BD23: =1/3*BC23*T23 -> 0.33375409 | BG23: =L23/(U23/1000*(V23+W23*N23)) -> 1.0517297e-09
A24: 0.66LiF-0.34BeF2 | C24: 2 | D24: 12.34 | E24: 11.34 | F24: =D24*1.6726219E-27 -> 2.0640154e-26 | G24: =E24*9.1093856E-31 -> 1.0330043e-29 | H24: =((F24*D24)/(G24*E24)) -> 2174.2671 | I24: =D24/E24 -> 1.0881834 | J24: =(F24)-(G24) -> 2.0629824e-26 | K24: 33.10314 | L24: =0.116*EXP(31200/(8.3144598*N24))/1000 -> 0.019398692 | M24: =N24^-1 -> 0.0013642565 | N24: 733 | O24: 1.6714174e-05 | P24: 0.00014095269 | T24: =0.66*T2+0.34*T10 -> 1.9472e-10 | U24: 1986063.4 | V24: 2547.6864 | Z24: 2 | AA24: 3 | AB24: =Z24+AA24 -> 5 | AC24: 1.1 | AD24: =1/3*AZ24*AT24*T24 -> 0.71488518 | AE24: =ABS((AC24-AD24)/AC24) -> 0.35010438 | AF24: =1/3*AZ24*AT24*AN24 -> 0.60953584 | AG24: =1/3*AZ24*AT24*AO24 -> 1.2830584 | AH24: 0.62426159 | AI24: =(AC24-AH24)/AC24 -> 0.43248946 | AJ24: =AC24/(1/3*AT24*T24) -> 6652079.2 | AK24: =AC24/(1/3*AT24*AP24) -> 4323157.2 | AL24: 3.6713495e+09 | AM24: =AH24/AL24 -> 1.70036e-10 | AN24: 1.6602501e-10 | AO24: 3.494787e-10 | AP24: =AC24/(1/3*AZ24*AT24) -> 2.9961735e-10 | AQ24: =AC24/AL24 -> 2.9961735e-10 | AR24: =(AQ24-AM24)/AM24 -> 0.76208182 | AS24: =AH24/AT24 -> 0.00024503078 | AT24: =V24+W24*N24 -> 2547.6864 | AV24: =AC24/AS24 -> 4489.2319 | AW24: =(AV24-AT24)/AT24 -> 0.76208182 | AX24: =AH24/AY24 -> 0.0086393422 | AY24: 72.258 | AZ24: =AY24/O24 -> 4323157.2 | BA24: =AC24/(AX24) -> 127.32451 | BB24: =(BA24-AY24)/AY24 -> 0.76208182 | BC24: =AT24*AZ24 -> 1.1014049e+10 | BD24: =1/3*BC24*T24 -> 0.71488518 | BG24: =L24/(U24/1000*(V24+W24*N24)) -> 3.8338347e-09
A25: 0.465LiF-0.115NaF-0.42KF | C25: 3 | D25: 19.64 | E25: 19.64 | F25: =D25*1.6726219E-27 -> 3.2850294e-26 | G25: =E25*9.1093856E-31 -> 1.7890833e-29 | H25: =((F25*D25)/(G25*E25)) -> 1836.1523 | I25: =D25/E25 -> 1 | J25: =(F25)-(G25) -> 3.2832403e-26 | K25: 41.290995 | L25: =10^(0.213+-1200/N25+1350000/N25^2)/1000 -> 0.012003439 | M25: =N25^-1 -> 0.0013605442 | N25: 735 | O25: 1.9405588e-05 | P25: 0.00031252325 | T25: =0.465*T2+0.115*T3+0.42*T4 -> 2.3803e-10 | U25: 2102415.4 | V25: 2012.4687 | Z25: 3 | AA25: 3 | AB25: =Z25+AA25 -> 6 | AC25: 0.78024247 | AD25: =1/3*AZ25*AT25*T25 -> 0.54326859 | AE25: =ABS((AC25-AD25)/AC25) -> 0.30371825 | AF25: =1/3*AZ25*AT25*AN25 -> 0.48209295 | AG25: =1/3*AZ25*AT25*AO25 -> 0.85046707 | AH25: 0.39969772 | AI25: =(AC25-AH25)/AC25 -> 0.48772627 | AJ25: =AC25/(1/3*AT25*T25) -> 4886411.1 | AK25: =AC25/(1/3*AT25*AP25) -> 3402318.9 | AL25: 2.2823534e+09 | AM25: =AH25/AL25 -> 1.7512525e-10 | AN25: 2.1122625e-10 | AO25: 3.7262724e-10 | AP25: =AC25/(1/3*AZ25*AT25) -> 3.4185874e-10 | AQ25: =AC25/AL25 -> 3.4185874e-10 | AR25: =(AQ25-AM25)/AM25 -> 0.95208136 | AS25: =AH25/AT25 -> 0.00019861065 | AT25: =V25+W25*N25 -> 2012.4687 | AV25: =AC25/AS25 -> 3928.5027 | AW25: =(AV25-AT25)/AT25 -> 0.95208136 | AX25: =AH25/AY25 -> 0.0060538246 | AY25: 66.024 | AZ25: =AY25/O25 -> 3402318.9 | BA25: =AC25/(AX25) -> 128.88422 | BB25: =(BA25-AY25)/AY25 -> 0.95208136 | BC25: =AT25*AZ25 -> 6.8470603e+09 | BD25: =1/3*BC25*T25 -> 0.54326859 | BG25: =L25/(U25/1000*(V25+W25*N25)) -> 2.8369915e-09
A26: 0.675LiF-0.2BeF2-0.005ThF4-0.12UF4 | C26: 4 | D26: 23.315 | E26: 22.74 | F26: =D26*1.6726219E-27 -> 3.899718e-26 | G26: =E26*9.1093856E-31 -> 2.0714743e-29 | H26: =((F26*D26)/(G26*E26)) -> 1930.1836 | I26: =D26/E26 -> 1.0252858 | J26: =(F26)-(G26) -> 3.8976465e-26 | K26: 66.133684 | L26: =0.062*EXP(38800/(8.3144598*N26))/1000 -> 0.030468149 | M26: =N26^-1 -> 0.0013280212 | N26: 753 | O26: 1.9202817e-05 | P26: 0.00016787041 | T26: =0.675*T2+0.2*T10+0.005*T20+0.12*T21 -> 2.0225e-10 | U26: 2609440.5 | V26: 1781.4332 | Z26: 4 | AA26: 11 | AB26: =Z26+AA26 -> 15 | AC26: 1.16 | AD26: =1/3*AZ26*AT26*T26 -> 0.51681595 | AE26: =ABS((AC26-AD26)/AC26) -> 0.55446901 | AH26: 0.43510013 | AI26: =(AC26-AH26)/AC26 -> 0.62491368 | AJ26: =AC26/(1/3*AT26*T26) -> 9658755.4 | AK26: =AC26/(1/3*AT26*AP26) -> 4303274.9 | AL26: 2.5553323e+09 | AM26: =AH26/AL26 -> 1.7027145e-10 | AP26: =AC26/(1/3*AZ26*AT26) -> 4.5395271e-10 | AQ26: =AC26/AL26 -> 4.5395271e-10 | AR26: =(AQ26-AM26)/AM26 -> 1.666053 | AS26: =AH26/AT26 -> 0.00024424162 | AT26: =V26+W26*N26 -> 1781.4332 | AV26: =AC26/AS26 -> 4749.3953 | AW26: =(AV26-AT26)/AT26 -> 1.666053 | AX26: =AH26/AY26 -> 0.005265325 | AY26: 82.635 | AZ26: =AY26/O26 -> 4303274.9 | BA26: =AC26/(AX26) -> 220.30929 | BB26: =(BA26-AY26)/AY26 -> 1.666053 | BC26: =AT26*AZ26 -> 7.6659968e+09 | BD26: =1/3*BC26*T26 -> 0.51681595 | BG26: =L26/(U26/1000*(V26+W26*N26)) -> 6.5543424e-09
A27: 0.712LiF-0.23BeF2-0.05ZrF4-0.008UF4 | C27: 4 | D27: 14.792 | E27: 14.388 | F27: =D27*1.6726219E-27 -> 2.4741423e-26 | G27: =E27*9.1093856E-31 -> 1.3106584e-29 | H27: =((F27*D27)/(G27*E27)) -> 1940.7144 | I27: =D27/E27 -> 1.028079 | J27: =(F27)-(G27) -> 2.4728317e-26 | K27: 40.153548 | M27: =N27^-1 -> 0.0014084507 | N27: 710 | O27: 1.6919881e-05 | P27: 0.00018512202 | T27: =0.712*T2+0.23*T10+0.05*T19+0.008*T21 -> 1.99244e-10 | U27: 2163027.6 | V27: 2319.1206 | Z27: 4 | AA27: 11 | AB27: =Z27+AA27 -> 15 | AC27: 1.24 | AD27: =1/3*AZ27*AT27*T27 -> 0.6688004 | AE27: =ABS((AC27-AD27)/AC27) -> 0.46064484 | AH27: 0.58242618 | AI27: =(AC27-AH27)/AC27 -> 0.53030146 | AJ27: =AC27/(1/3*AT27*T27) -> 8050713 | AK27: =AC27/(1/3*AT27*AP27) -> 4342193.6 | AL27: 3.3566903e+09 | AM27: =AH27/AL27 -> 1.7351204e-10 | AP27: =AC27/(1/3*AZ27*AT27) -> 3.694115e-10 | AQ27: =AC27/AL27 -> 3.694115e-10 | AR27: =(AQ27-AM27)/AM27 -> 1.1290252 | AS27: =AH27/AT27 -> 0.00025114096 | AT27: =V27+W27*N27 -> 2319.1206 | AV27: =AC27/AS27 -> 4937.4662 | AW27: =(AV27-AT27)/AT27 -> 1.1290252 | AX27: =AH27/AY27 -> 0.0079274662 | AY27: 73.4694 | AZ27: =AY27/O27 -> 4342193.6 | BA27: =AC27/(AX27) -> 156.4182 | BB27: =(BA27-AY27)/AY27 -> 1.1290252 | BC27: =AT27*AZ27 -> 1.0070071e+10 | BD27: =1/3*BC27*T27 -> 0.6688004
A28: 0.73LiF-0.27BeF2 | C28: 2 | D28: 12.27 | E28: 11.73 | F28: =D28*1.6726219E-27 -> 2.0523071e-26 | G28: =E28*9.1093856E-31 -> 1.0685309e-29 | H28: =((F28*D28)/(G28*E28)) -> 2009.1011 | I28: =D28/E28 -> 1.0460358 | J28: =(F28)-(G28) -> 2.0512385e-26 | K28: 31.62817 | L28: =0.118*EXP(30100/(8.3144598*N28))/1000 -> 0.01658596 | M28: =N28^-1 -> 0.0013661202 | N28: 732 | O28: 1.5942466e-05 | P28: 0.00016222659 | T28: =0.73*T2+0.27*T10 -> 1.9766e-10 | U28: 1989043.9 | V28: 2547.6876 | Z28: 2 | AA28: 3 | AB28: =Z28+AA28 -> 5 | AC28: 0.98602842 | AD28: =1/3*AZ28*AT28*T28 -> 0.74333871 | AE28: =ABS((AC28-AD28)/AC28) -> 0.24612852 | AH28: 0.66180311 | AI28: =(AC28-AH28)/AC28 -> 0.32881944 | AJ28: =AC28/(1/3*AT28*T28) -> 5874159.5 | AK28: =AC28/(1/3*AT28*AP28) -> 4428361.3 | AL28: 3.7606936e+09 | AM28: =AH28/AL28 -> 1.75979e-10 | AP28: =AC28/(1/3*AZ28*AT28) -> 2.6219323e-10 | AQ28: =AC28/AL28 -> 2.6219323e-10 | AR28: =(AQ28-AM28)/AM28 -> 0.48991205 | AS28: =AH28/AT28 -> 0.0002597662 | AT28: =V28+W28*N28 -> 2547.6876 | AV28: =AC28/AS28 -> 3795.8304 | AW28: =(AV28-AT28)/AT28 -> 0.48991205 | AX28: =AH28/AY28 -> 0.0093741145 | AY28: 70.599 | AZ28: =AY28/O28 -> 4428361.3 | BA28: =AC28/(AX28) -> 105.1863 | BB28: =(BA28-AY28)/AY28 -> 0.48991205 | BC28: =AT28*AZ28 -> 1.1282081e+10 | BD28: =1/3*BC28*T28 -> 0.74333871 | BG28: =L28/(U28/1000*(V28+W28*N28)) -> 3.2730306e-09
A29: 0.725LiF-0.265BeF2-0.01UF4 | C29: 3 | D29: 13.155 | E29: 12.86 | F29: =D29*1.6726219E-27 -> 2.2003341e-26 | G29: =E29*9.1093856E-31 -> 1.171467e-29 | H29: =((F29*D29)/(G29*E29)) -> 1921.3587 | I29: =D29/E29 -> 1.0229393 | J29: =(F29)-(G29) -> 2.1991626e-26 | K29: 34.40365 | L29: =0.123*EXP(29800/(8.3144598*N29))/1000 -> 0.01645722 | M29: =N29^-1 -> 0.0013661202 | N29: 732 | O29: 1.6204764e-05 | P29: 0.00016258314 | T29: =0.725*T2+0.265*T10+0.01*T21 -> 1.98e-10 | U29: 2039490.5 | V29: 2441.8706 | Z29: 3 | AA29: 7 | AB29: =Z29+AA29 -> 10 | AC29: 0.89056772 | AD29: =1/3*AZ29*AT29*T29 -> 0.71187944 | AE29: =ABS((AC29-AD29)/AC29) -> 0.20064535 | AH29: 0.63042336 | AI29: =(AC29-AH29)/AC29 -> 0.2921107 | AJ29: =AC29/(1/3*AT29*T29) -> 5525866.3 | AK29: =AC29/(1/3*AT29*AP29) -> 4417126.9 | AL29: 3.5953507e+09 | AM29: =AH29/AL29 -> 1.7534405e-10 | AP29: =AC29/(1/3*AZ29*AT29) -> 2.4769982e-10 | AQ29: =AC29/AL29 -> 2.4769982e-10 | AR29: =(AQ29-AM29)/AM29 -> 0.41265025 | AS29: =AH29/AT29 -> 0.00025817231 | AT29: =V29+W29*N29 -> 2441.8706 | AV29: =AC29/AS29 -> 3449.5091 | AW29: =(AV29-AT29)/AT29 -> 0.41265025 | AX29: =AH29/AY29 -> 0.0088074402 | AY29: 71.5785 | AZ29: =AY29/O29 -> 4417126.9 | BA29: =AC29/(AX29) -> 101.11539 | BB29: =(BA29-AY29)/AY29 -> 0.41265025 | BC29: =AT29*AZ29 -> 1.0786052e+10 | BD29: =1/3*BC29*T29 -> 0.71187944 | BG29: =L29/(U29/1000*(V29+W29*N29)) -> 3.3045487e-09
A30: 0.72LiF-0.26BeF2-0.02UF4 | C30: 3 | D30: 14.04 | E30: 13.72 | F30: =D30*1.6726219E-27 -> 2.3483611e-26 | G30: =E30*9.1093856E-31 -> 1.2498077e-29 | H30: =((F30*D30)/(G30*E30)) -> 1922.8025 | I30: =D30/E30 -> 1.0233236 | J30: =(F30)-(G30) -> 2.3471113e-26 | K30: 37.17913 | L30: =0.123*EXP(29800/(8.3144598*N30))/1000 -> 0.01645722 | M30: =N30^-1 -> 0.0013661202 | N30: 732 | O30: 1.6467062e-05 | P30: 0.00016292833 | T30: =0.72*T2+0.26*T10+0.02*T21 -> 1.9834e-10 | U30: 2089937.1 | V30: 2348.752 | Z30: 3 | AA30: 7 | AB30: =Z30+AA30 -> 10 | AC30: 0.80397278 | AD30: =1/3*AZ30*AT30*T30 -> 0.68421942 | AE30: =ABS((AC30-AD30)/AC30) -> 0.14895201 | AH30: 0.60277958 | AI30: =(AC30-AH30)/AC30 -> 0.25024878 | AJ30: =AC30/(1/3*AT30*T30) -> 5177440.6 | AK30: =AC30/(1/3*AT30*AP30) -> 4406250.4 | AL30: 3.4497298e+09 | AM30: =AH30/AL30 -> 1.747324e-10 | AP30: =AC30/(1/3*AZ30*AT30) -> 2.3305384e-10 | AQ30: =AC30/AL30 -> 2.3305384e-10 | AR30: =(AQ30-AM30)/AM30 -> 0.33377575 | AS30: =AH30/AT30 -> 0.00025663824 | AT30: =V30+W30*N30 -> 2348.752 | AV30: =AC30/AS30 -> 3132.7085 | AW30: =(AV30-AT30)/AT30 -> 0.33377575 | AX30: =AH30/AY30 -> 0.008307555 | AY30: 72.558 | AZ30: =AY30/O30 -> 4406250.4 | BA30: =AC30/(AX30) -> 96.776101 | BB30: =(BA30-AY30)/AY30 -> 0.33377575 | BC30: =AT30*AZ30 -> 1.034919e+10 | BD30: =1/3*BC30*T30 -> 0.68421942 | BG30: =L30/(U30/1000*(V30+W30*N30)) -> 3.3526337e-09
A31: 0.32KCl-0.68MgCl2 | C31: 2 | D31: 31.24 | E31: 30.56 | F31: =D31*1.6726219E-27 -> 5.2252708e-26 | G31: =E31*9.1093856E-31 -> 2.7838282e-29 | H31: =((F31*D31)/(G31*E31)) -> 1918.775 | I31: =D31/E31 -> 1.0222513 | J31: =(F31)-(G31) -> 5.222487e-26 | K31: 88.599896 | M31: =N31^-1 -> 0.001433589 | N31: 697.55 | O31: 5.0411903e-05 | P31: 0.00023528262 | T31: =0.32*T9+0.68*T14 -> 2.7412e-10 | U31: 1755710.6 | V31: 2039.5015 | Z31: 2 | AA31: 3 | AB31: =Z31+AA31 -> 5 | AC31: 0.45966667 | AD31: =1/3*AZ31*AT31*T31 -> 0.31844809 | AE31: =ABS((AC31-AD31)/AC31) -> 0.30721952 | AH31: 0.26536257 | AI31: =(AC31-AH31)/AC31 -> 0.42270652 | AJ31: =AC31/(1/3*AT31*T31) -> 2466604.5 | AK31: =AC31/(1/3*AT31*AP31) -> 1708815.5 | AL31: 1.1617105e+09 | AM31: =AH31/AL31 -> 2.28424e-10 | AP31: =AC31/(1/3*AZ31*AT31) -> 3.9568089e-10 | AQ31: =AC31/AL31 -> 3.9568089e-10 | AR31: =(AQ31-AM31)/AM31 -> 0.73222119 | AS31: =AH31/AT31 -> 0.00013011149 | AT31: =V31+W31*N31 -> 2039.5015 | AV31: =AC31/AS31 -> 3532.8677 | AW31: =(AV31-AT31)/AT31 -> 0.73222119 | AX31: =AH31/AY31 -> 0.0030804304 | AY31: 86.14464 | AZ31: =AY31/O31 -> 1708815.5 | BA31: =AC31/(AX31) -> 149.22157 | BB31: =(BA31-AY31)/AY31 -> 0.73222119 | BC31: =AT31*AZ31 -> 3.4851316e+09 | BD31: =1/3*BC31*T31 -> 0.31844809
A32: 0.4598NaCl-0.3891KCl-0.1511MgCl2 | C32: 3 | D32: 31.2639 | E32: 31.1128 | F32: =D32*1.6726219E-27 -> 5.2292684e-26 | G32: =E32*9.1093856E-31 -> 2.8341849e-29 | H32: =((F32*D32)/(G32*E32)) -> 1854.0302 | I32: =D32/E32 -> 1.0048565 | J32: =(F32)-(G32) -> 5.2264342e-26 | K32: 70.265005 | M32: =N32^-1 -> 0.0014824698 | N32: 674.55 | O32: 3.990775e-05 | P32: 0.00032881888 | T32: =0.4598*T8+0.3891*T9+0.1511*T14 -> 2.924746e-10 | U32: 1761445 | V32: 2024.7769 | Z32: 3 | AA32: 4 | AB32: =Z32+AA32 -> 7 | AC32: 0.46554762 | AD32: =1/3*AZ32*AT32*T32 -> 0.36878913 | AE32: =ABS((AC32-AD32)/AC32) -> 0.207838 | AH32: 0.28383634 | AI32: =(AC32-AH32)/AC32 -> 0.39031728 | AJ32: =AC32/(1/3*AT32*T32) -> 2358413.9 | AK32: =AC32/(1/3*AT32*AP32) -> 1868245.9 | AL32: 1.260927e+09 | AM32: =AH32/AL32 -> 2.2510132e-10 | AP32: =AC32/(1/3*AZ32*AT32) -> 3.6921059e-10 | AQ32: =AC32/AL32 -> 3.6921059e-10 | AR32: =(AQ32-AM32)/AM32 -> 0.64019737 | AS32: =AH32/AT32 -> 0.00014018154 | AT32: =V32+W32*N32 -> 2024.7769 | AV32: =AC32/AS32 -> 3321.0338 | AW32: =(AV32-AT32)/AT32 -> 0.64019737 | AX32: =AH32/AY32 -> 0.0038069461 | AY32: 74.557489 | AZ32: =AY32/O32 -> 1868245.9 | BA32: =AC32/(AX32) -> 122.289 | BB32: =(BA32-AY32)/AY32 -> 0.64019737 | BC32: =AT32*AZ32 -> 3.7827811e+09 | BD32: =1/3*BC32*T32 -> 0.36878913
A33: 0.345NaF-0.59KF-0.065MgF2 | C33: 3 | D33: 24.785 | E33: 24.72 | F33: =D33*1.6726219E-27 -> 4.1455934e-26 | G33: =E33*9.1093856E-31 -> 2.2518401e-29 | H33: =((F33*D33)/(G33*E33)) -> 1845.8211 | I33: =D33/E33 -> 1.0026294 | J33: =(F33)-(G33) -> 4.1433415e-26 | K33: 52.812707 | M33: =N33^-1 -> 0.0010416667 | N33: 960 | O33: 2.5195547e-05 | P33: 0.00031944978 | T33: =0.345*T3+0.59*T4+0.065*T11 -> 2.5429e-10 | U33: 2110100.6 | V33: 1885.1934 | Z33: 3 | AA33: 4 | AB33: =Z33+AA33 -> 7 | AC33: 0.82855604 | AD33: =1/3*AZ33*AT33*T33 -> 0.4430568 | AE33: =ABS((AC33-AD33)/AC33) -> 0.46526635 | AH33: 0.33711022 | AI33: =(AC33-AH33)/AC33 -> 0.59313528 | AJ33: =AC33/(1/3*AT33*T33) -> 5185109.6 | AK33: =AC33/(1/3*AT33*AP33) -> 2772652.6 | AL33: 1.7423288e+09 | AM33: =AH33/AL33 -> 1.9348255e-10 | AP33: =AC33/(1/3*AZ33*AT33) -> 4.7554516e-10 | AQ33: =AC33/AL33 -> 4.7554516e-10 | AR33: =(AQ33-AM33)/AM33 -> 1.4578194 | AS33: =AH33/AT33 -> 0.00017881997 | AT33: =V33+W33*N33 -> 1885.1934 | AV33: =AC33/AS33 -> 4633.4649 | AW33: =(AV33-AT33)/AT33 -> 1.4578194 | AX33: =AH33/AY33 -> 0.004825615 | AY33: 69.8585 | AZ33: =AY33/O33 -> 2772652.6 | BA33: =AC33/(AX33) -> 171.69957 | BB33: =(BA33-AY33)/AY33 -> 1.4578194 | BC33: =AT33*AZ33 -> 5.2269865e+09 | BD33: =1/3*BC33*T33 -> 0.4430568
A34: 0.582LiCl-0.418KCl | C34: 2 | D34: 26.688 | E34: 26.688 | F34: =D34*1.6726219E-27 -> 4.4638933e-26 | G34: =E34*9.1093856E-31 -> 2.4311128e-29 | H34: =((F34*D34)/(G34*E34)) -> 1836.1523 | I34: =D34/E34 -> 1 | J34: =(F34)-(G34) -> 4.4614622e-26 | K34: 55.835751 | L34: =0.087*EXP(20900/(8.3144598*N34))/1000 -> 0.0046437178 | M34: =N34^-1 -> 0.0015822785 | N34: 632 | O34: 3.2950649e-05 | P34: 0.00033829968 | T34: =0.582*T7+0.418*T9 -> 2.82916e-10 | U34: 1676175.3 | V34: 2084.8843 | Z34: 2 | AA34: 2 | AB34: =Z34+AA34 -> 4 | AC34: 0.58438111 | AD34: =1/3*AZ34*AT34*T34 -> 0.40937294 | AE34: =ABS((AC34-AD34)/AC34) -> 0.29947609 | AH34: 0.33404178 | AI34: =(AC34-AH34)/AC34 -> 0.42838368 | AJ34: =AC34/(1/3*AT34*T34) -> 2972199.4 | AK34: =AC34/(1/3*AT34*AP34) -> 2082096.8 | AL34: 1.446977e+09 | AM34: =AH34/AL34 -> 2.3085494e-10 | AP34: =AC34/(1/3*AZ34*AT34) -> 4.0386344e-10 | AQ34: =AC34/AL34 -> 4.0386344e-10 | AR34: =(AQ34-AM34)/AM34 -> 0.74942521 | AS34: =AH34/AT34 -> 0.00016022077 | AT34: =V34+W34*N34 -> 2084.8843 | AV34: =AC34/AS34 -> 3647.3492 | AW34: =(AV34-AT34)/AT34 -> 0.74942521 | AX34: =AH34/AY34 -> 0.0048689566 | AY34: 68.60644 | AZ34: =AY34/O34 -> 2082096.8 | BA34: =AC34/(AX34) -> 120.02184 | BB34: =(BA34-AY34)/AY34 -> 0.74942521 | BC34: =AT34*AZ34 -> 4.340931e+09 | BD34: =1/3*BC34*T34 -> 0.40937294 | BG34: =L34/(U34/1000*(V34+W34*N34)) -> 1.3288146e-09
A35: 0.6LiF-0.4NaF | C35: 2 | D35: 15.2 | E35: 15.2 | F35: =D35*1.6726219E-27 -> 2.5423853e-26 | G35: =E35*9.1093856E-31 -> 1.3846266e-29 | H35: =((F35*D35)/(G35*E35)) -> 1836.1523 | I35: =D35/E35 -> 1 | J35: =(F35)-(G35) -> 2.5410007e-26 | K35: 32.3586 | L35: =0.116*EXP(26800/(8.3144598*N35))/1000 -> 0.0039071252 | M35: =N35^-1 -> 0.0010911075 | N35: 916.5 | O35: 1.5885584e-05 | P35: 0.00027773489 | T35: =0.6*T2+0.4*T3 -> 2.194e-10 | U35: 2014141.4 | V35: 2298.2284 | Z35: 2 | AA35: 2 | AB35: =Z35+AA35 -> 4 | AC35: 0.86544945 | AD35: =1/3*AZ35*AT35*T35 -> 0.70465998 | AE35: =ABS((AC35-AD35)/AC35) -> 0.18578725 | AF35: =1/3*AZ35*AT35*AN35 -> 0.61490801 | AG35: =1/3*AZ35*AT35*AO35 -> 0.73223098 | AH35: 0.56745362 | AI35: =(AC35-AH35)/AC35 -> 0.34432494 | AJ35: =AC35/(1/3*AT35*T35) -> 5149121.7 | AK35: =AC35/(1/3*AT35*AP35) -> 4192480.6 | AL35: 3.2117592e+09 | AM35: =AH35/AL35 -> 1.7668e-10 | AN35: 1.914552e-10 | AO35: 2.2798439e-10 | AP35: =AC35/(1/3*AZ35*AT35) -> 2.6946274e-10 | AQ35: =AC35/AL35 -> 2.6946274e-10 | AR35: =(AQ35-AM35)/AM35 -> 0.52514569 | AS35: =AH35/AT35 -> 0.00024690915 | AT35: =V35+W35*N35 -> 2298.2284 | AV35: =AC35/AS35 -> 3505.1331 | AW35: =(AV35-AT35)/AT35 -> 0.52514569 | AX35: =AH35/AY35 -> 0.0085203247 | AY35: 66.6 | AZ35: =AY35/O35 -> 4192480.6 | BA35: =AC35/(AX35) -> 101.5747 | BB35: =(BA35-AY35)/AY35 -> 0.52514569 | BC35: =AT35*AZ35 -> 9.6352777e+09 | BD35: =1/3*BC35*T35 -> 0.70465998 | BG35: =L35/(U35/1000*(V35+W35*N35)) -> 8.4406168e-10
A36: 0.63NaCl-0.37UCl3 (ORNL) | C36: 2 | D36: 57.97 | E36: 57.23 | F36: =D36*1.6726219E-27 -> 9.6961892e-26 | G36: =E36*9.1093856E-31 -> 5.2133014e-29 | H36: =((F36*D36)/(G36*E36)) -> 1883.9432 | I36: =D36/E36 -> 1.0129303 | J36: =(F36)-(G36) -> 9.6909759e-26 | K36: 164.24072 | L36: =10^(-1.2675+1704/N36+0/N36^2)/1000 -> 0.0080532167 | M36: =N36^-1 -> 0.0012755102 | N36: 784 | O36: 4.6078431e-05 | P36: 0.00034092676 | T36: =0.63*T8+0.37*T22 -> 2.8818e-10 | U36: 2996639.7 | V36: 1451.7495 | Z36: 2 | AA36: 4 | AB36: =Z36+AA36 -> 6 | AC36: 0.23926258 | AD36: =1/3*AZ36*AT36*T36 -> 0.30071201 | AE36: =ABS((AC36-AD36)/AC36) -> 0.25682845 | AF36: =1/3*AZ36*AT36*AN36 -> 0.28418198 | AG36: =1/3*AZ36*AT36*AO36 -> 0.2930153 | AH36: 0.2476864 | AI36: =(AC36-AH36)/AC36 -> -0.035207434 | AJ36: =AC36/(1/3*AT36*T36) -> 1715696.7 | AK36: =AC36/(1/3*AT36*AP36) -> 2156336.4 | AL36: 1.0434868e+09 | AM36: =AH36/AL36 -> 2.373642e-10 | AN36: 2.7233885e-10 | AO36: 2.8080404e-10 | AP36: =AC36/(1/3*AZ36*AT36) -> 2.2929144e-10 | AQ36: =AC36/AL36 -> 2.2929144e-10 | AR36: =(AQ36-AM36)/AM36 -> -0.034010028 | AS36: =AH36/AT36 -> 0.00017061236 | AT36: =V36+W36*N36 -> 1451.7495 | AV36: =AC36/AS36 -> 1402.3754 | AW36: =(AV36-AT36)/AT36 -> -0.034010028 | AX36: =AH36/AY36 -> 0.002492803 | AY36: 99.3606 | AZ36: =AY36/O36 -> 2156336.4 | BA36: =AC36/(AX36) -> 95.981343 | BB36: =(BA36-AY36)/AY36 -> -0.034010028 | BC36: =AT36*AZ36 -> 3.1304603e+09 | BD36: =1/3*BC36*T36 -> 0.30071201 | BG36: =L36/(U36/1000*(V36+W36*N36)) -> 1.8511567e-09
A37: 0.658NaCl-0.342UCl3 (ANL) | C37: 2 | D37: 55.702 | E37: 55.018 | F37: =D37*1.6726219E-27 -> 9.3168385e-26 | G37: =E37*9.1093856E-31 -> 5.0118018e-29 | H37: =((F37*D37)/(G37*E37)) -> 1882.0912 | I37: =D37/E37 -> 1.0124323 | J37: =(F37)-(G37) -> 9.3118267e-26 | K37: 156.23418 | L37: =10^(-1.2179+1557/N37+0/N37^2)/1000 -> 0.0058623182 | M37: =N37^-1 -> 0.0012755102 | N37: 784 | O37: 4.5172249e-05 | P37: 0.00034144514 | T37: =0.658*T8+0.342*T22 -> 2.87788e-10 | U37: 2899543.9 | V37: 1470.4556 | Z37: 2 | AA37: 4 | AB37: =Z37+AA37 -> 6 | AC37: 0.27567442 | AD37: =1/3*AZ37*AT37*T37 -> 0.30324622 | AE37: =ABS((AC37-AD37)/AC37) -> 0.10001579 | AF37: =1/3*AZ37*AT37*AN37 -> 0.28696723 | AG37: =1/3*AZ37*AT37*AO37 -> 0.3165179 | AH37: 0.25155328 | AI37: =(AC37-AH37)/AC37 -> 0.087498657 | AJ37: =AC37/(1/3*AT37*T37) -> 1954308.6 | AK37: =AC37/(1/3*AT37*AP37) -> 2149770.3 | AL37: 1.0537139e+09 | AM37: =AH37/AL37 -> 2.3873015e-10 | AN37: 2.7233885e-10 | AO37: 3.0038315e-10 | AP37: =AC37/(1/3*AZ37*AT37) -> 2.616217e-10 | AQ37: =AC37/AL37 -> 2.616217e-10 | AR37: =(AQ37-AM37)/AM37 -> 0.095888798 | AS37: =AH37/AT37 -> 0.00017107167 | AT37: =V37+W37*N37 -> 1470.4556 | AV37: =AC37/AS37 -> 1611.4558 | AW37: =(AV37-AT37)/AT37 -> 0.095888798 | AX37: =AH37/AY37 -> 0.0025903963 | AY37: 97.10996 | AZ37: =AY37/O37 -> 2149770.3 | BA37: =AC37/(AX37) -> 106.42172 | BB37: =(BA37-AY37)/AY37 -> 0.095888798 | BC37: =AT37*AZ37 -> 3.1611417e+09 | BD37: =1/3*BC37*T37 -> 0.30324622 | BG37: =L37/(U37/1000*(V37+W37*N37)) -> 1.3749528e-09
A38: (NaF-KF)-.3UF4 | K38: 128.10887 | L38: =0.0767*EXP(39300/(8.3144598*N38))/1000 -> 0.0090410767 | N38: 991 | O38: 3.0243424e-05 | P38: 0.00023876282 | T38: =0.582*T3+0.388*T4+0.3*T21 -> 3.08518e-10 | U38: 3498633.6 | V38: =AT38 -> 1348.6175 | Z38: 3 | AA38: 6 | AB38: =Z38+AA38 -> 9 | AC38: 0.49395062 | AD38: =1/3*AZ38*AT38*T38 -> 0.46048979 | AE38: =ABS((AC38-AD38)/AC38) -> 0.067741246 | AH38: 0.25347402 | AI38: =(AC38-AH38)/AC38 -> 0.48684341 | AJ38: =AC38/(1/3*AT38*T38) -> 3561520.8 | AK38: =AC38/(1/3*AT38*AP38) -> 3320258.9 | AL38: 1.4925865e+09 | AM38: =AH38/AL38 -> 1.69822e-10 | AP38: =AC38/(1/3*AZ38*AT38) -> 3.3093602e-10 | AQ38: =AC38/AL38 -> 3.3093602e-10 | AR38: =(AQ38-AM38)/AM38 -> 0.94872289 | AS38: =AH38/AT38 -> 0.000187951 | AT38: 1348.6175 | AV38: =AC38/AS38 -> 2628.0818 | AW38: =(AV38-AT38)/AT38 -> 0.94872289 | AX38: =AH38/AY38 -> 0.0025242393 | AY38: 100.416 | AZ38: =AY38/O38 -> 3320258.9 | BA38: =AC38/(AX38) -> 195.68296 | BB38: =(BA38-AY38)/AY38 -> 0.94872289 | BC38: =AT38*AZ38 -> 4.4777594e+09 | BD38: =1/3*BC38*T38 -> 0.46048979 | BG38: =L38/(U38/1000*(V38+W38*N38)) -> 1.916165e-09
A39: (NaF-KF)-.4UF4 | K39: 154.66796 | L39: =0.0767*EXP(39300/(8.3144598*N39))/1000 -> 0.0081514268 | N39: 1013 | O39: 3.2645143e-05 | P39: 0.00022077563 | T39: =0.576*T3+0.384*T4+0.4*T21 -> 3.28224e-10 | U39: 3957693.6 | V39: =AT39 -> 1272.126 | Z39: 3 | AA39: 6 | AB39: =Z39+AA39 -> 9 | AC39: 0.45693694 | AD39: =1/3*AZ39*AT39*T39 -> 0.4729354 | AE39: =ABS((AC39-AD39)/AC39) -> 0.03501241 | AH39: 0.24265777 | AI39: =(AC39-AH39)/AC39 -> 0.46894691 | AJ39: =AC39/(1/3*AT39*T39) -> 3283046.6 | AK39: =AC39/(1/3*AT39*AP39) -> 3397994 | AL39: 1.4408922e+09 | AM39: =AH39/AL39 -> 1.68408e-10 | AP39: =AC39/(1/3*AZ39*AT39) -> 3.1712084e-10 | AQ39: =AC39/AL39 -> 3.1712084e-10 | AR39: =(AQ39-AM39)/AM39 -> 0.8830509 | AS39: =AH39/AT39 -> 0.00019074979 | AT39: 1272.126 | AV39: =AC39/AS39 -> 2395.478 | AW39: =(AV39-AT39)/AT39 -> 0.8830509 | AX39: =AH39/AY39 -> 0.002187525 | AY39: 110.928 | AZ39: =AY39/O39 -> 3397994 | BA39: =AC39/(AX39) -> 208.88307 | BB39: =(BA39-AY39)/AY39 -> 0.8830509 | BC39: =AT39*AZ39 -> 4.3226766e+09 | BD39: =1/3*BC39*T39 -> 0.4729354 | BG39: =L39/(U39/1000*(V39+W39*N39)) -> 1.619054e-09
A40: (NaF-KF)-.5UF4 | K40: 181.22705 | L40: =0.0767*EXP(39300/(8.3144598*N40))/1000 -> 0.0078587879 | N40: 1021 | O40: 3.494914e-05 | P40: 0.00020501178 | T40: =0.57*T3+0.38*T4+0.5*T21 -> 3.4793e-10 | U40: 4426131.4 | V40: =AT40 -> 1215.1718 | Z40: 3 | AA40: 6 | AB40: =Z40+AA40 -> 9 | AC40: 0.43928571 | AD40: =1/3*AZ40*AT40*T40 -> 0.48970392 | AE40: =ABS((AC40-AD40)/AC40) -> 0.11477315 | AH40: 0.23920093 | AI40: =(AC40-AH40)/AC40 -> 0.45547755 | AJ40: =AC40/(1/3*AT40*T40) -> 3117014.1 | AK40: =AC40/(1/3*AT40*AP40) -> 3474763.6 | AL40: 1.4074783e+09 | AM40: =AH40/AL40 -> 1.6995e-10 | AP40: =AC40/(1/3*AZ40*AT40) -> 3.1210834e-10 | AQ40: =AC40/AL40 -> 3.1210834e-10 | AR40: =(AQ40-AM40)/AM40 -> 0.83647156 | AS40: =AH40/AT40 -> 0.00019684536 | AT40: 1215.1718 | AV40: =AC40/AS40 -> 2231.6285 | AW40: =(AV40-AT40)/AT40 -> 0.83647156 | AX40: =AH40/AY40 -> 0.0019697047 | AY40: 121.44 | AZ40: =AY40/O40 -> 3474763.6 | BA40: =AC40/(AX40) -> 223.02111 | BB40: =(BA40-AY40)/AY40 -> 0.83647156 | BC40: =AT40*AZ40 -> 4.2224349e+09 | BD40: =1/3*BC40*T40 -> 0.48970392 | BG40: =L40/(U40/1000*(V40+W40*N40)) -> 1.4611459e-09
A41: H2O | B41: 0.01 | C41: 1 | D41: 10 | E41: 10 | F41: =D41*1.6726219E-27 -> 1.6726219e-26 | G41: =E41*9.1093856E-31 -> 9.1093856e-30 | H41: =((F41*D41)/(G41*E41)) -> 1836.1523 | I41: =D41/E41 -> 1 | J41: =(F41)-(G41) -> 1.671711e-26 | K41: 18.015 | L41: 0.001793 | M41: =N41^-1 -> 0.0036609921 | N41: 273.15 | O41: 1.802e-05 | P41: 5.1e-05 | T41: 3.1e-10 | U41: 999840 | V41: 1403 | W41: 0 | X41: 999840 | Y41: 0 | AC41: 0.561 | AD41: =1/3*AZ41*AT41*T41 -> 0.60645622 | AE41: =ABS((AC41-AD41)/AC41) -> 0.081027135 | AH41: =AL41*T41 -> 0.60645622 | AI41: =(AC41-AH41)/AC41 -> -0.081027135 | AJ41: =AC41/(1/3*AT41*T41) -> 3869588.2 | AK41: =AC41/(1/3*AT41*AP41) -> 4183129.9 | AL41: =1/3*AY41/O41*V41 -> 1.9563104e+09 | AM41: =T41 -> 3.1e-10 | AP41: =AC41/(1/3*AZ41*AT41) -> 2.8676431e-10 | AQ41: =AC41/(1/3*AY41/O41*V41) -> 2.8676431e-10 | AR41: =(AQ41-AM41)/AM41 -> -0.07495384 | AS41: =AH41/AT41 -> 0.00043225675 | AT41: =V41+W41*N41 -> 1403 | AV41: =AC41/AS41 -> 1297.8398 | AW41: =(AV41-AT41)/AT41 -> -0.07495384 | AX41: =AH41/AY41 -> 0.00804532 | AY41: 75.38 | AZ41: =AY41/O41 -> 4183129.9 | BA41: =AC41/(AX41) -> 69.72998 | BB41: =(BA41-AY41)/AY41 -> -0.07495384 | BC41: =AT41*AZ41 -> 5.8689312e+09 | BD41: =1/3*BC41*T41 -> 0.60645622 | BG41: =L41/(U41/1000*(V41+W41*N41)) -> 1.2781803e-09
AE42: =AVERAGE(AE2:AE41) -> 0.26496425
AE43: =MAX(AE2:AE41) -> 0.55446901
AE44: =MIN(AE2:AE41) -> 0.03501241 | AM44: 0
AM45: 250
AD46: Unary Flourides
AD47: Unary Chlorides
AD48: Unary Alkaline Earth Flourides
AD49: Unary Alkaline Earth Chlorides
AD50: Unary Nitrates
G51: LiCl | H51: 5.6672852 | AD51: Fluoride Mixtures
G52: NaCl | H52: 3.6125286 | AD52: Chloride Mixtures
G53: KCl | H53: 2.160308 | AD53: Fluoride Actinide Mixtures
AD54: Chloride Actinide Mixtures
AD55: Water

Sheet MFP-PDF_Avg_Original
A1: Compound | B1: S/cm | C1: order | D1: protons | E1: electrons | F1: Mp/molecule | G1: Me/molecule | H1: ratio of Mpe*# | I1: ratio | J1: Dif mass | K1: M_i (g/mol) | L1: Visc (N*s/m^2) | M1: T_i_m (K) inverse | N1: T_i_m (K) | O1: V_i_m (m^3/mol) | P1: alpha_i_m (K^-1) | R1: r_c (m) | S1: r_a (m) | U1: sum_radii | V1: rho_m (g/m^3) | Y1: SoS(T)_A (A+B*T) | Z1: SoS(T)_B | AA1: A (Density (g/cm3): A - BT(K)) | AB1: B (Density (g/cm3): A - BT(K)) | AC1: #_cations | AD1: #_anions | AE1: sum_ions | AF1: λ_meas | AG1: 1/3*Cp*vs*r_sum | AH1: 1/3*Cp*vs*r_sum | AJ1: 1/3*Cp*vs*r_sum | AK1: 1/3*Cp*vs | AL1: PDF-max | AM1: PDF-avg | AN1: PDF-first | AO1: r_sum | AP1: MFP_calc | AQ1: MFP_dev | AR1: 1/3*Cp*r_sum | AS1: 1/3*Cp*r_sum | AT1: 1/3*Cp*r_sum | AU1: SoS_Tm | AV1: vs_calc | AY1: vs_calc | AZ1: vs_calc | BA1: 1/3*vs*r_sum | BB1: 1/3*vs*r_sum | BE1: 1/3*vs*r_sum | BF1: C_i_p (J/mol/K) | BI1: Cp_calc | BJ1: Cp_calc | BK1: Cp_calc | BL1: Visc/(Dens*C0)
A2: Compound | B2: S/cm | C2: order | D2: protons | E2: electrons | F2: Mp/molecule | G2: Me/molecule | H2: ratio of Mpe*# | I2: ratio | J2: Dif mass | K2: M_i (g/mol) | L2: Visc (N*s/m^2) | M2: T_i_m (K) inverse | N2: T_i_m (K) | O2: V_i_m (m^3/mol) | P2: alpha_i_m (K^-1) | R2: r_c (m) | S2: r_a (m) | T2: CN | U2: sum_radii | V2: rho_m (g/m^3) | W2: Approx. Time between coor sphere | Y2: SoS(T)_A (A+B*T) | Z2: SoS(T)_B | AA2: A (Density (g/cm3): A - BT(K)) | AB2: B (Density (g/cm3): A - BT(K)) | AC2: #_cations | AD2: #_anions | AE2: sum_ions | AF2: λ_meas | AG2: 1/3*Cp*vs*r_sum | AH2: 1/3*Cp*vs*r_sum | AJ2: 1/3*Cp*vs*r_sum | AK2: 1/3*Cp*vs | AL2: PDF-max | AM2: PDF-avg | AN2: PDF-first | AO2: r_sum | AP2: MFP_calc | AQ2: MFP_dev | AR2: 1/3*Cp*r_sum | AU2: SoS_Tm | AV2: vs_calc | BA2: 1/3*vs*r_sum | BF2: C_i_p (J/mol/K) | BK2: Cp_calc | BL2: Visc/(Dens*C0)
A3: LiF | B3: 9.95 | C3: 1 | D3: 12 | E3: 12 | F3: =D3*1.6726219E-27 -> 2.0071463e-26 | G3: =E3*9.1093856E-31 -> 1.0931263e-29 | H3: =((F3*D3)/(G3*E3)) -> 1836.1523 | I3: =D3/E3 -> 1 | J3: =(F3)-(G3) -> 2.0060532e-26 | K3: 25.939 | L3: =0.115*EXP(27000/(8.3144598*N3))/1000 -> 0.0020988673 | M3: =N3^-1 -> 0.00089433439 | N3: 1118.15 | O3: 1.42e-05 | P3: 0.000268 | R3: 7.6e-11 | S3: 1.33e-10 | T3: =PI()/ASIN(R3/(R3+S3)) - 2 -> 6.4413172 | U3: =S3+R3 -> 2.09e-10 | V3: 1810000 | W3: =AP3/X3 -> 1.4792128e-13 | X3: =Y3+Z3*N3 -> 2547.8 | Y3: 2547.8 | Z3: 0 | AA3: 2.3581 | AB3: -0.0004902 | AC3: 1 | AD3: 1 | AE3: =AC3+AD3 -> 2 | AF3: 1.4326412 | AK3: 3.8013815e+09 | AP3: =AF3/AK3 -> 3.7687383e-10 | AQ3: =(AP3-AO3)/AO3 -> #DIV/0! | AR3: =AJ3/AU3 -> 0 | AU3: =Y3+Z3*N3 -> 2547.8 | AV3: =AF3/AR3 -> #DIV/0! | BA3: =AJ3/BF3 -> 0 | BF3: 64.2 | BK3: =AF3/(BA3) -> #DIV/0! | BL3: =L3/(V3/1000*(Y3+Z3*N3)) -> 4.5513588e-10
A4: NaF | B4: 6.9 | C4: 1 | D4: 20 | E4: 20 | F4: =D4*1.6726219E-27 -> 3.3452438e-26 | G4: =E4*9.1093856E-31 -> 1.8218771e-29 | H4: =((F4*D4)/(G4*E4)) -> 1836.1523 | I4: =D4/E4 -> 1 | J4: =(F4)-(G4) -> 3.3434219e-26 | K4: 41.988 | L4: =0.12*EXP(26500/(8.3144598*N4))/1000 -> 0.0014814456 | M4: =N4^-1 -> 0.00078855025 | N4: 1268.15 | O4: 2.16e-05 | P4: 0.000288 | R4: 1.02e-10 | S4: 1.33e-10 | T4: =PI()/ASIN(R4/(R4+S4)) - 2 -> 4.9972516 | U4: =S4+R4 -> 2.35e-10 | V4: 1950000 | W4: =AP4/X4 -> 1.9160477e-13 | X4: =Y4+Z4*N4 -> 2085.5 | Y4: 2085.5 | Z4: 0 | AA4: 2.755 | AB4: -0.000636 | AC4: 1 | AD4: 1 | AE4: =AC4+AD4 -> 2 | AF4: 0.90496 | AK4: 2.2647114e+09 | AP4: =AF4/AK4 -> 3.9959176e-10 | AQ4: =(AP4-AO4)/AO4 -> #DIV/0! | AR4: =AJ4/AU4 -> 0 | AU4: =Y4+Z4*N4 -> 2085.5 | AV4: =AF4/AR4 -> #DIV/0! | BA4: =AJ4/BF4 -> 0 | BF4: 70.2 | BK4: =AF4/(BA4) -> #DIV/0! | BL4: =L4/(V4/1000*(Y4+Z4*N4)) -> 3.6428469e-10
A5: KF | B5: 5.1 | C5: 1 | D5: 28 | E5: 28 | F5: =D5*1.6726219E-27 -> 4.6833413e-26 | G5: =E5*9.1093856E-31 -> 2.550628e-29 | H5: =((F5*D5)/(G5*E5)) -> 1836.1523 | I5: =D5/E5 -> 1 | J5: =(F5)-(G5) -> 4.6807907e-26 | K5: 58.097 | L5: =0.107*EXP(23800/(8.3144598*N5))/1000 -> 0.001350063 | M5: =N5^-1 -> 0.00088562193 | N5: 1129.15 | O5: 3.04e-05 | P5: 0.000341 | R5: 1.38e-10 | S5: 1.33e-10 | T5: =PI()/ASIN(R5/(R5+S5)) - 2 -> 3.8800034 | U5: =S5+R5 -> 2.71e-10 | V5: 1910000 | W5: =AP5/X5 -> 2.3475972e-13 | X5: =Y5+Z5*N5 -> 1816.4 | Y5: 1816.4 | Z5: 0 | AA5: 2.6464 | AB5: -0.0006515 | AC5: 1 | AD5: 1 | AE5: =AC5+AD5 -> 2 | AF5: 0.5676752 | AK5: 1.331266e+09 | AP5: =AF5/AK5 -> 4.2641756e-10 | AQ5: =(AP5-AO5)/AO5 -> #DIV/0! | AR5: =AJ5/AU5 -> 0 | AU5: =Y5+Z5*N5 -> 1816.4 | AV5: =AF5/AR5 -> #DIV/0! | BA5: =AJ5/BF5 -> 0 | BF5: 66.9 | BK5: =AF5/(BA5) -> #DIV/0! | BL5: =L5/(V5/1000*(Y5+Z5*N5)) -> 3.8914297e-10
A6: RbF | C6: 1 | D6: 46 | E6: 46 | F6: =D6*1.6726219E-27 -> 7.6940607e-26 | G6: =E6*9.1093856E-31 -> 4.1903174e-29 | H6: =((F6*D6)/(G6*E6)) -> 1836.1523 | I6: =D6/E6 -> 1 | J6: =(F6)-(G6) -> 7.6898704e-26 | K6: 104.4662 | L6: =0.115*EXP(27000/(8.3144598*N6))/1000 -> 0.0025481161 | M6: =N6^-1 -> 0.00095406192 | N6: 1048.15 | O6: 3.57e-05 | P6: 0.000349 | R6: 1.52e-10 | S6: 1.33e-10 | T6: =PI()/ASIN(R6/(R6+S6)) - 2 -> 3.5846938 | U6: =S6+R6 -> 2.85e-10 | V6: =K6/O6 -> 2926224.1 | W6: =AP6/X6 -> 0 | X6: =Y6+Z6*N6 -> 1760.4 | Y6: 1760.4 | Z6: 0 | AA6: =V6*100^3/1000 -> 2.9262241e+09 | AB6: 0 | AU6: =Y6+Z6*N6 -> 1760.4 | BA6: =AJ6/BF6 -> 0 | BF6: 69.5 | BL6: =L6/(V6/1000*(Y6+Z6*N6)) -> 4.9465257e-10
A7: CsF | C7: 1 | D7: 64 | E7: 64 | F7: =D7*1.6726219E-27 -> 1.070478e-25 | G7: =E7*9.1093856E-31 -> 5.8300068e-29 | H7: =((F7*D7)/(G7*E7)) -> 1836.1523 | I7: =D7/E7 -> 1 | J7: =(F7)-(G7) -> 1.069895e-25 | K7: 58.44 | L7: =0.115*EXP(27000/(8.3144598*N7))/1000 -> 0.0034453112 | M7: =N7^-1 -> 0.001046956 | N7: 955.15 | O7: 4.57e-05 | P7: 0.000385 | R7: 1.67e-10 | S7: 1.33e-10 | T7: =PI()/ASIN(R7/(R7+S7)) - 2 -> 3.3214153 | U7: =S7+R7 -> 3e-10 | V7: 2196977.2 | W7: =AP7/X7 -> 0 | X7: =Y7+Z7*N7 -> 1858.97 | Y7: 2732.9322 | Z7: -0.915 | AA7: 4.8985 | AB7: -0.000543 | AU7: =Y7+Z7*N7 -> 1858.97 | BA7: =AJ7/BF7 -> 0 | BF7: 74.1 | BL7: =L7/(V7/1000*(Y7+Z7*N7)) -> 8.4358824e-10
A8: LiCl | B8: 3.67 | C8: 1 | D8: 20 | E8: 20 | F8: =D8*1.6726219E-27 -> 3.3452438e-26 | G8: =E8*9.1093856E-31 -> 1.8218771e-29 | H8: =((F8*D8)/(G8*E8)) -> 1836.1523 | I8: =D8/E8 -> 1 | J8: =(F8)-(G8) -> 3.3434219e-26 | K8: 42.394 | L8: =0.0726*EXP(22400/(8.3144598*N8))/1000 -> 0.0015609789 | M8: =N8^-1 -> 0.0011388225 | N8: 878.1 | O8: =K8/V8 -> 2.8281521e-05 | P8: 0.000288 | R8: 7.6e-11 | S8: 1.81e-10 | T8: =PI()/ASIN(R8/(R8+S8)) - 2 -> 8.4646859 | U8: =S8+R8 -> 2.57e-10 | V8: 1499000 | W8: =AP8/X8 -> 1.9580719e-13 | X8: =Y8+Z8*N8 -> 2042.3974 | Y8: 2787.9043 | Z8: -0.849 | AA8: 1.8842 | AB8: -0.0004328 | AC8: 1 | AD8: 1 | AE8: =AC8+AD8 -> 2 | AF8: 0.62593 | AK8: 1.5651533e+09 | AP8: =AF8/AK8 -> 3.999161e-10 | AQ8: =(AP8-AO8)/AO8 -> #DIV/0! | AR8: =AJ8/AU8 -> 0 | AU8: =Y8+Z8*N8 -> 2042.3974 | AV8: =AF8/AR8 -> #DIV/0! | BA8: =AJ8/BF8 -> 0 | BF8: 65.02 | BK8: =AF8/(BA8) -> #DIV/0! | BL8: =L8/(V8/1000*(Y8+Z8*N8)) -> 5.0986493e-10
A9: NaCl | B9: 3.94 | C9: 1 | D9: 28 | E9: 28 | F9: =D9*1.6726219E-27 -> 4.6833413e-26 | G9: =E9*9.1093856E-31 -> 2.550628e-29 | H9: =((F9*D9)/(G9*E9)) -> 1836.1523 | I9: =D9/E9 -> 1 | J9: =(F9)-(G9) -> 4.6807907e-26 | K9: 58.44 | L9: =0.0893*EXP(22000/(8.3144598*N9))/1000 -> 0.0010321391 | M9: =N9^-1 -> 0.00092494104 | N9: 1081.15 | O9: 3.765e-05 | P9: 0.00035 | R9: 1.02e-10 | S9: 1.81e-10 | T9: =PI()/ASIN(R9/(R9+S9)) - 2 -> 6.5202102 | U9: =S9+R9 -> 2.83e-10 | V9: 1560000 | W9: =AP9/X9 -> 2.5292242e-13 | X9: =Y9+Z9*N9 -> 1743.68 | Y9: 2732.9322 | Z9: -0.915 | AA9: 2.1393 | AB9: -0.000543 | AC9: 1 | AD9: 1 | AE9: =AC9+AD9 -> 2 | AF9: 0.47705462 | AG9: 0.54204679 | AH9: 0.45362362 | AJ9: 0.35512728 | AK9: 1.0817179e+09 | AL9: 4.0269416e-10 | AM9: 3.3700334e-10 | AN9: 2.6382903e-10 | AO9: 7.075e-11 | AP9: =AF9/AK9 -> 4.4101576e-10 | AQ9: =(AP9-AO9)/AO9 -> 5.2334383 | AR9: =AJ9/AU9 -> 0.0002036654 | AU9: =Y9+Z9*N9 -> 1743.68 | AV9: =AF9/AR9 -> 2342.345 | BA9: =AJ9/BF9 -> 0.0051009376 | BF9: 69.62 | BK9: =AF9/(BA9) -> 93.522927 | BL9: =L9/(V9/1000*(Y9+Z9*N9)) -> 3.7944326e-10
A10: KCl | B10: 3.34 | C10: 1 | D10: 36 | E10: 36 | F10: =D10*1.6726219E-27 -> 6.0214388e-26 | G10: =E10*9.1093856E-31 -> 3.2793788e-29 | H10: =((F10*D10)/(G10*E10)) -> 1836.1523 | I10: =D10/E10 -> 1 | J10: =(F10)-(G10) -> 6.0181595e-26 | K10: 74.5513 | L10: =0.0708*EXP(23900/(8.3144598*N10))/1000 -> 0.0011078669 | M10: =N10^-1 -> 0.00095680046 | N10: 1045.15 | O10: 4.884e-05 | P10: 0.000382 | R10: 1.38e-10 | S10: 1.81e-10 | T10: =PI()/ASIN(R10/(R10+S10)) - 2 -> 5.0222539 | U10: =S10+R10 -> 3.19e-10 | V10: 1530000 | W10: =AP10/X10 -> 3.0266987e-13 | X10: =Y10+Z10*N10 -> 1597.184 | Y10: 2514.8257 | Z10: -0.878 | AA10: 2.1359 | AB10: -0.0005831 | AC10: 1 | AD10: 1 | AE10: =AC10+AD10 -> 2 | AF10: 0.388741 | AK10: 8.041484e+08 | AP10: =AF10/AK10 -> 4.8341948e-10 | AQ10: =(AP10-AO10)/AO10 -> #DIV/0! | AR10: =AJ10/AU10 -> 0 | AU10: =Y10+Z10*N10 -> 1597.184 | AV10: =AF10/AR10 -> #DIV/0! | BA10: =AJ10/BF10 -> 0 | BF10: 73.6 | BK10: =AF10/(BA10) -> #DIV/0! | BL10: =L10/(V10/1000*(Y10+Z10*N10)) -> 4.5335792e-10
A11: BeF2 | B11: 0.52 | C11: 1 | D11: 13 | E11: 12 | F11: =D11*1.6726219E-27 -> 2.1744085e-26 | G11: =E11*9.1093856E-31 -> 1.0931263e-29 | H11: =((F11*D11)/(G11*E11)) -> 2154.9287 | I11: =D11/E11 -> 1.0833333 | J11: =(F11)-(G11) -> 2.1733153e-26 | K11: 47.01 | L11: =10^(-8.12+11500/N11+639000/N11^2)/1000 -> 1.5280163 | M11: =N11^-1 -> 0.00093444844 | N11: 1070.15 | O11: 2.4e-05 | P11: 7.42e-06 | R11: 3.4e-11 | S11: 1.33e-10 | T11: =PI()/ASIN(R11/(R11+S11)) - 2 -> 13.322884 | U11: =S11+R11 -> 1.67e-10 | V11: 1960000 | W11: =AP11/X11 -> 1.0078663e-13 | X11: =Y11+Z11*N11 -> 2547.8 | Y11: 2547.8 | Z11: 0 | AA11: 1.972 | AB11: -1.45e-05 | AC11: 1 | AD11: 2 | AE11: =AC11+AD11 -> 3 | AF11: 0.79925906 | AK11: 3.1125712e+09 | AP11: =AF11/AK11 -> 2.5678419e-10 | AQ11: =(AP11-AO11)/AO11 -> #DIV/0! | AR11: =AJ11/AU11 -> 0 | AU11: =Y11+Z11*N11 -> 2547.8 | AV11: =AF11/AR11 -> #DIV/0! | BA11: =AJ11/BF11 -> 0 | BF11: 87.9 | BK11: =AF11/(BA11) -> #DIV/0!
A12: MgF2 | B12: 0.02 | C12: 1 | D12: 21 | E12: 20 | F12: =D12*1.6726219E-27 -> 3.512506e-26 | G12: =E12*9.1093856E-31 -> 1.8218771e-29 | H12: =((F12*D12)/(G12*E12)) -> 2024.3579 | I12: =D12/E12 -> 1.05 | J12: =(F12)-(G12) -> 3.5106841e-26 | K12: 62.3018 | L12: =0.187*EXP(32100/(8.3144598*N12))/1000 -> 0.002315921 | M12: =N12^-1 -> 0.0006518055 | N12: 1534.2 | O12: =K12/V12 -> 2.557462e-05 | P12: 0.000216 | R12: 7.2e-11 | S12: 1.33e-10 | T12: =PI()/ASIN(R12/(R12+S12)) - 2 -> 6.7540446 | U12: =S12+R12 -> 2.05e-10 | V12: =(AA12+N12*AB12)*1000000 -> 2436079.2 | W12: =AP12/X12 -> 1.1114044e-13 | X12: =Y12+Z12*N12 -> 2175.6 | Y12: 2175.6 | Z12: 0 | AA12: 3.24 | AB12: -0.000524 | AC12: 1 | AD12: 2 | AE12: =AC12+AD12 -> 3 | AF12: 0.6506778 | AK12: 2.6910069e+09 | AP12: =AF12/AK12 -> 2.4179715e-10 | AQ12: =(AP12-AO12)/AO12 -> #DIV/0! | AR12: =AJ12/AU12 -> 0 | AU12: =Y12+Z12*N12 -> 2175.6 | AV12: =AF12/AR12 -> #DIV/0! | BA12: =AJ12/BF12 -> 0 | BF12: 94.9 | BK12: =AF12/(BA12) -> #DIV/0! | BL12: =L12/(V12/1000*(Y12+Z12*N12)) -> 4.3697168e-10
A13: CaF2 | B13: 0.12 | C13: 1 | D13: 29 | E13: 28 | F13: =D13*1.6726219E-27 -> 4.8506035e-26 | G13: =E13*9.1093856E-31 -> 2.550628e-29 | H13: =((F13*D13)/(G13*E13)) -> 1969.648 | I13: =D13/E13 -> 1.0357143 | J13: =(F13)-(G13) -> 4.8480529e-26 | K13: 78.0748 | L13: =0.1*EXP(47600/(8.3144598*N13))/1000 -> 0.0029475213 | M13: =N13^-1 -> 0.00059101655 | N13: 1692 | O13: =K13/V13 -> 3.1001402e-05 | P13: 0.000155 | R13: 1e-10 | S13: 1.33e-10 | T13: =PI()/ASIN(R13/(R13+S13)) - 2 -> 5.0822029 | U13: =S13+R13 -> 2.33e-10 | V13: =(AA13+N13*AB13)*1000000 -> 2518428 | W13: =AP13/X13 -> 1.7973341e-13 | X13: =Y13+Z13*N13 -> 1710.3 | Y13: 1710.3 | Z13: 0 | AA13: 3.18 | AB13: -0.000391 | AC13: 1 | AD13: 2 | AE13: =AC13+AD13 -> 3 | AF13: 0.5648032 | AK13: 1.8373676e+09 | AP13: =AF13/AK13 -> 3.0739805e-10 | AQ13: =(AP13-AO13)/AO13 -> #DIV/0! | AR13: =AJ13/AU13 -> 0 | AU13: =Y13+Z13*N13 -> 1710.3 | AV13: =AF13/AR13 -> #DIV/0! | BA13: =AJ13/BF13 -> 0 | BF13: 99.914 | BK13: =AF13/(BA13) -> #DIV/0! | BL13: =L13/(V13/1000*(Y13+Z13*N13)) -> 6.8431351e-10
A14: SrF2 | C14: 1 | D14: 47 | E14: 46 | F14: =D14*1.6726219E-27 -> 7.8613229e-26 | G14: =E14*9.1093856E-31 -> 4.1903174e-29 | H14: =((F14*D14)/(G14*E14)) -> 1916.8527 | I14: =D14/E14 -> 1.0217391 | J14: =(F14)-(G14) -> 7.8571326e-26 | K14: 125.6168 | L14: =0.0703*EXP(54500/(8.3144598*N14))/1000 -> 0.0030018345 | M14: =N14^-1 -> 0.00057273769 | N14: 1746 | O14: =K14/V14 -> 3.621381e-05 | P14: 0.000213 | R14: 1.18e-10 | S14: 1.33e-10 | T14: =PI()/ASIN(R14/(R14+S14)) - 2 -> 4.4189304 | U14: =S14+R14 -> 2.51e-10 | V14: =(AA14+N14*AB14)*1000000 -> 3468754 | W14: =AP14/X14 -> 2.1902805e-13 | X14: =Y14+Z14*N14 -> 1398.6 | Y14: 1398.6 | Z14: 0 | AA14: 4.78 | AB14: -0.000751 | AC14: 1 | AD14: 2 | AE14: =AC14+AD14 -> 3 | AF14: 0.390415 | AK14: 1.2744806e+09 | AP14: =AF14/AK14 -> 3.0633263e-10 | AQ14: =(AP14-AO14)/AO14 -> #DIV/0! | AR14: =AJ14/AU14 -> 0 | AU14: =Y14+Z14*N14 -> 1398.6 | AV14: =AF14/AR14 -> #DIV/0! | BA14: =AJ14/BF14 -> 0 | BF14: 99 | BK14: =AF14/(BA14) -> #DIV/0! | BL14: =L14/(V14/1000*(Y14+Z14*N14)) -> 6.1875642e-10
A15: MgCl2 | B15: 0.8 | C15: 1 | D15: 29 | E15: 28 | F15: =D15*1.6726219E-27 -> 4.8506035e-26 | G15: =E15*9.1093856E-31 -> 2.550628e-29 | H15: =((F15*D15)/(G15*E15)) -> 1969.648 | I15: =D15/E15 -> 1.0357143 | J15: =(F15)-(G15) -> 4.8480529e-26 | K15: 95.211 | L15: =0.18*EXP(20500/(8.3144598*N15))/1000 -> 0.0021885965 | M15: =N15^-1 -> 0.0010131712 | N15: 987 | O15: =K15/V15 -> 5.6510276e-05 | P15: 0.00018 | R15: 7.2e-11 | S15: 1.81e-10 | T15: =PI()/ASIN(R15/(R15+S15)) - 2 -> 8.8866298 | U15: =S15+R15 -> 2.53e-10 | V15: =(AA15+N15*AB15)*1000000 -> 1684844 | W15: =AP15/X15 -> 8.5224714e-14 | X15: =Y15+Z15*N15 -> 2101 | Y15: 2101 | Z15: 0 | AA15: 1.9691 | AB15: -0.000288 | AC15: 1 | AD15: 2 | AE15: =AC15+AD15 -> 3 | AF15: 0.20426 | AK15: 1.1407533e+09 | AP15: =AF15/AK15 -> 1.7905712e-10 | AQ15: =(AP15-AO15)/AO15 -> #DIV/0! | AR15: =AJ15/AU15 -> 0 | AU15: =Y15+Z15*N15 -> 2101 | AV15: =AF15/AR15 -> #DIV/0! | BA15: =AJ15/BF15 -> 0 | BF15: 92.048 | BK15: =AF15/(BA15) -> #DIV/0! | BL15: =L15/(V15/1000*(Y15+Z15*N15)) -> 6.1827252e-10
A16: CaCl2 | B16: 2.5 | C16: 1 | D16: 37 | E16: 36 | F16: =D16*1.6726219E-27 -> 6.188701e-26 | G16: =E16*9.1093856E-31 -> 3.2793788e-29 | H16: =((F16*D16)/(G16*E16)) -> 1939.5775 | I16: =D16/E16 -> 1.0277778 | J16: =(F16)-(G16) -> 6.1854217e-26 | K16: 110.984 | L16: =10^(-0.545+597/N16+546000/N16^2)/1000 -> 0.0033595447 | M16: =N16^-1 -> 0.0009569378 | N16: 1045 | O16: =K16/V16 -> 5.3154148e-05 | P16: 0.000203 | R16: 1e-10 | S16: 1.81e-10 | T16: =PI()/ASIN(R16/(R16+S16)) - 2 -> 6.6343815 | U16: =S16+R16 -> 2.81e-10 | V16: =(AA16+N16*AB16)*1000000 -> 2087965 | W16: =AP16/X16 -> 0 | X16: =Y16+Z16*N16 -> 2065.03 | Y16: 2065.03 | Z16: 0 | AA16: 2.53 | AB16: -0.000423 | AU16: =Y16+Z16*N16 -> 2065.03 | BA16: =AJ16/BF16 -> 0 | BF16: 102.533 | BL16: =L16/(V16/1000*(Y16+Z16*N16)) -> 7.7916752e-10
A17: SrCl2 | C17: 1 | D17: 55 | E17: 54 | F17: =D17*1.6726219E-27 -> 9.1994204e-26 | G17: =E17*9.1093856E-31 -> 4.9190682e-29 | H17: =((F17*D17)/(G17*E17)) -> 1904.7876 | I17: =D17/E17 -> 1.0185185 | J17: =(F17)-(G17) -> 9.1945014e-26 | K17: 158.526 | L17: =10^(-0.439+398/N17+879000/N17^2)/1000 -> 0.0037808819 | M17: =N17^-1 -> 0.00087260035 | N17: 1146 | O17: =K17/V17 -> 5.811897e-05 | P17: 0.000212 | R17: 1.18e-10 | S17: 1.81e-10 | T17: =PI()/ASIN(R17/(R17+S17)) - 2 -> 5.7439092 | U17: =S17+R17 -> 2.99e-10 | V17: =(AA17+N17*AB17)*1000000 -> 2727612 | W17: =AP17/X17 -> 1.808992e-13 | X17: =Y17+Z17*N17 -> 1873.13 | Y17: 1873.13 | Z17: 0 | AA17: 3.39 | AB17: -0.000578 | AC17: 1 | AD17: 2 | AE17: =AC17+AD17 -> 3 | AF17: 0.380772 | AK17: 1.123726e+09 | AP17: =AF17/AK17 -> 3.3884772e-10 | AQ17: =(AP17-AO17)/AO17 -> #DIV/0! | AR17: =AJ17/AU17 -> 0 | AU17: =Y17+Z17*N17 -> 1873.13 | AV17: =AF17/AR17 -> #DIV/0! | BA17: =AJ17/BF17 -> 0 | BF17: 104.6 | BK17: =AF17/(BA17) -> #DIV/0! | BL17: =L17/(V17/1000*(Y17+Z17*N17)) -> 7.4001854e-10
A18: NaNO3 | B18: 0.3 | C18: 1 | D18: 26 | E18: 25 | F18: =D18*1.6726219E-27 -> 4.3488169e-26 | G18: =E18*9.1093856E-31 -> 2.2773464e-29 | H18: =((F18*D18)/(G18*E18)) -> 1985.9823 | I18: =D18/E18 -> 1.04 | J18: =(F18)-(G18) -> 4.3465396e-26 | K18: 84.99 | M18: =N18^-1 -> 0.0017148247 | N18: 583.15 | O18: 4.467e-05 | P18: 0.000376 | R18: 1.02e-10 | S18: 2.31e-10 | T18: =PI()/ASIN(R18/(R18+S18)) - 2 -> 8.0915122 | U18: =S18+R18 -> 3.33e-10 | V18: =(AA18+N18*AB18)*1000000 -> 1886915.5 | W18: =AP18/X18 -> 1.564113e-13 | X18: =Y18+Z18*N18 -> 1816.95 | Y18: 2490.4882 | Z18: -1.155 | AA18: 2.3339 | AB18: -0.0007665 | AC18: 2 | AD18: 3 | AE18: =AC18+AD18 -> 5 | AF18: 0.5959356 | AK18: 2.0969507e+09 | AP18: =AF18/AK18 -> 2.8419151e-10 | AQ18: =(AP18-AO18)/AO18 -> #DIV/0! | AR18: =AJ18/AU18 -> 0 | AU18: =Y18+Z18*N18 -> 1816.95 | AV18: =AF18/AR18 -> #DIV/0! | BA18: =AJ18/BF18 -> 0 | BF18: 155.6 | BK18: =AF18/(BA18) -> #DIV/0!
A19: KNO3 | B19: 0.2 | C19: 1 | D19: 34 | E19: 33 | F19: =D19*1.6726219E-27 -> 5.6869145e-26 | G19: =E19*9.1093856E-31 -> 3.0060972e-29 | H19: =((F19*D19)/(G19*E19)) -> 1949.1203 | I19: =D19/E19 -> 1.030303 | J19: =(F19)-(G19) -> 5.6839084e-26 | K19: 101.1 | M19: =N19^-1 -> 0.0016389412 | N19: 610.15 | O19: 5.406e-05 | P19: 0.00039 | R19: 1.38e-10 | S19: 2.31e-10 | T19: =PI()/ASIN(R19/(R19+S19)) - 2 -> 6.1961556 | U19: =S19+R19 -> 3.69e-10 | V19: =(AA19+N19*AB19)*1000000 -> 1870200.6 | W19: =AP19/X19 -> 5.7448015e-14 | X19: =Y19+Z19*N19 -> 1766.56 | Y19: 2449.928 | Z19: -1.12 | AA19: 2.315 | AB19: -0.000729 | AC19: 2 | AD19: 3 | AE19: =AC19+AD19 -> 5 | AF19: 0.145994 | AK19: 1.4385719e+09 | AP19: =AF19/AK19 -> 1.0148537e-10 | AQ19: =(AP19-AO19)/AO19 -> #DIV/0! | AR19: =AJ19/AU19 -> 0 | AU19: =Y19+Z19*N19 -> 1766.56 | AV19: =AF19/AR19 -> #DIV/0! | BA19: =AJ19/BF19 -> 0 | BF19: 141 | BK19: =AF19/(BA19) -> #DIV/0!
A20: ZrF4 | B20: 0.05 | C20: 1 | D20: 49 | E20: 46 | F20: =D20*1.6726219E-27 -> 8.1958473e-26 | G20: =E20*9.1093856E-31 -> 4.1903174e-29 | H20: =((F20*D20)/(G20*E20)) -> 2083.4601 | I20: =D20/E20 -> 1.0652174 | J20: =(F20)-(G20) -> 8.191657e-26 | K20: 167.21 | M20: =N20^-1 -> 0.00083963056 | N20: 1191 | O20: =K20/V20 -> 4.2928625e-05 | P20: 0.000309 | R20: 7.2e-11 | S20: 1.33e-10 | T20: =PI()/ASIN(R20/(R20+S20)) - 2 -> 6.7540446 | U20: =S20+R20 -> 2.05e-10 | V20: =(5.36-0.00123*N20)*1000000 -> 3895070 | W20: =AP20/X20 -> 0 | X20: =Y20+Z20*N20 -> 1700 | Y20: 1700 | Z20: 0 | AA20: 5.36 | AB20: -0.00123 | AU20: =Y20+Z20*N20 -> 1700 | BA20: =AJ20/BF20 -> 0 | BF20: 123
A21: ThF4 | B21: 0.08 | C21: 1 | D21: 99 | E21: 96 | F21: =D21*1.6726219E-27 -> 1.6558957e-25 | G21: =E21*9.1093856E-31 -> 8.7450102e-29 | H21: =((F21*D21)/(G21*E21)) -> 1952.7049 | I21: =D21/E21 -> 1.03125 | J21: =(F21)-(G21) -> 1.6550212e-25 | K21: 308.0317 | M21: =N21^-1 -> 0.00072254335 | N21: 1384 | O21: =K21/V21 -> 5.0331977e-05 | P21: 0.000121 | R21: 9.4e-11 | S21: 1.33e-10 | T21: =PI()/ASIN(R21/(R21+S21)) - 2 -> 5.358214 | U21: =S21+R21 -> 2.27e-10 | V21: 6120000 | W21: =AP21/X21 -> 0 | X21: =Y21+Z21*N21 -> 1362 | Y21: 1362 | Z21: 0 | AA21: 7.34 | AB21: -0.000808 | AU21: =Y21+Z21*N21 -> 1362 | BA21: =AJ21/BF21 -> 0 | BF21: 168
A22: UF4 | B22: 0.09 | C22: 1 | D22: 101 | E22: 98 | F22: =D22*1.6726219E-27 -> 1.6893481e-25 | G22: =E22*9.1093856E-31 -> 8.9271979e-29 | H22: =((F22*D22)/(G22*E22)) -> 1950.2904 | I22: =D22/E22 -> 1.0306122 | J22: =(F22)-(G22) -> 1.6884554e-25 | K22: 314.0225 | L22: =10^(11.4-35400/N22+27700000/N22^2)/1000 -> 0.003329486 | M22: =N22^-1 -> 0.00076394194 | N22: 1309 | O22: =K22/V22 -> 4.8535162e-05 | P22: 0.000149 | R22: 8.9e-11 | S22: 1.33e-10 | T22: =PI()/ASIN(R22/(R22+S22)) - 2 -> 5.6159818 | U22: =S22+R22 -> 2.22e-10 | V22: 6470000 | W22: =AP22/X22 -> 0 | X22: =Y22+Z22*N22 -> 1062 | Y22: 1062 | Z22: 0 | AA22: 7.604 | AB22: -0.000791 | AU22: =Y22+Z22*N22 -> 1062 | BA22: =AJ22/BF22 -> 0 | BF22: 174 | BL22: =L22/(V22/1000*(Y22+Z22*N22)) -> 4.8456093e-10
A23: UCl3 | C23: 1 | D23: 109 | E23: 107 | F23: =D23*1.6726219E-27 -> 1.8231579e-25 | G23: =E23*9.1093856E-31 -> 9.7470426e-29 | H23: =((F23*D23)/(G23*E23)) -> 1905.435 | I23: =D23/E23 -> 1.0186916 | J23: =(F23)-(G23) -> 1.8221832e-25 | K23: 344.3879 | L23: =0.478*EXP(10900/(8.3144598*N23))/1000 -> 0.0015506403 | M23: =N23^-1 -> 0.00089766607 | N23: 1114 | O23: =K23/V23 -> 7.5193865e-05 | P23: 0.000333 | R23: 1.16e-10 | S23: 1.81e-10 | T23: =PI()/ASIN(R23/(R23+S23)) - 2 -> 5.8294503 | U23: =S23+R23 -> 2.97e-10 | V23: 4580000 | W23: =AP23/X23 -> 0 | X23: =Y23+Z23*N23 -> 1248 | Y23: 1248 | Z23: 0 | AA23: 6.3747 | AB23: -0.0015222 | AU23: =Y23+Z23*N23 -> 1248 | BA23: =AJ23/BF23 -> 0 | BF23: 150 | BL23: =L23/(V23/1000*(Y23+Z23*N23)) -> 2.7128826e-10
A24: 0.68KCl-0.32MgCl2 | C24: 2 | D24: 33.76 | E24: 33.44 | F24: =D24*1.6726219E-27 -> 5.6467715e-26 | G24: =E24*9.1093856E-31 -> 3.0461785e-29 | H24: =((F24*D24)/(G24*E24)) -> 1871.4621 | I24: =D24/E24 -> 1.0095694 | J24: =(F24)-(G24) -> 5.6437254e-26 | K24: 81.162404 | L24: =0.141*EXP(18800/(8.3144598*N24))/1000 -> 0.0036048873 | M24: =N24^-1 -> 0.0014334862 | N24: 697.6 | O24: 4.6549051e-05 | P24: 0.00030722638 | V24: 1741629.2 | W24: =AP24/X24 -> 1.9738389e-13 | X24: =Y24+Z24*N24 -> 1968.0306 | Y24: 1968.0306 | AC24: 2 | AD24: 3 | AE24: =AC24+AD24 -> 5 | AF24: 0.43524 | AK24: 1.1204313e+09 | AP24: =AF24/AK24 -> 3.8845754e-10 | AQ24: =(AP24-AO24)/AO24 -> #DIV/0! | AR24: =AJ24/AU24 -> 0 | AU24: =Y24+Z24*N24 -> 1968.0306 | AV24: =AF24/AR24 -> #DIV/0! | BA24: =AJ24/BF24 -> 0 | BF24: 79.50336 | BK24: =AF24/(BA24) -> #DIV/0! | BL24: =L24/(V24/1000*(Y24+Z24*N24)) -> 1.0517297e-09
A25: 0.66LiF-0.34BeF2 | C25: 2 | D25: 12.34 | E25: 11.34 | F25: =D25*1.6726219E-27 -> 2.0640154e-26 | G25: =E25*9.1093856E-31 -> 1.0330043e-29 | H25: =((F25*D25)/(G25*E25)) -> 2174.2671 | I25: =D25/E25 -> 1.0881834 | J25: =(F25)-(G25) -> 2.0629824e-26 | K25: 33.10314 | L25: =0.116*EXP(31200/(8.3144598*N25))/1000 -> 0.019398692 | M25: =N25^-1 -> 0.0013642565 | N25: 733 | O25: 1.6714174e-05 | P25: 0.00014095269 | V25: 1986063.4 | W25: =AP25/X25 -> 1.0541872e-13 | X25: =Y25+Z25*N25 -> 2547.6864 | Y25: 2547.6864 | AC25: 2 | AD25: 3 | AE25: =AC25+AD25 -> 5 | AF25: 0.98602842 | AG25: 0.9492601 | AH25: 1.2334265 | AJ25: 0.9492601 | AK25: 3.6713495e+09 | AL25: 1.5469394e-10 | AM25: 2.0100245e-10 | AN25: 1.5469394e-10 | AO25: 4.2509e-11 | AP25: =AF25/AK25 -> 2.6857384e-10 | AQ25: =(AP25-AO25)/AO25 -> 5.3180464 | AR25: =AJ25/AU25 -> 0.00037259692 | AU25: =Y25+Z25*N25 -> 2547.6864 | AV25: =AF25/AR25 -> 2646.3676 | BA25: =AJ25/BF25 -> 0.013137093 | BF25: 72.258 | BK25: =AF25/(BA25) -> 75.056817 | BL25: =L25/(V25/1000*(Y25+Z25*N25)) -> 3.8338347e-09
A26: 0.465LiF-0.115NaF-0.42KF | C26: 3 | D26: 19.64 | E26: 19.64 | F26: =D26*1.6726219E-27 -> 3.2850294e-26 | G26: =E26*9.1093856E-31 -> 1.7890833e-29 | H26: =((F26*D26)/(G26*E26)) -> 1836.1523 | I26: =D26/E26 -> 1 | J26: =(F26)-(G26) -> 3.2832403e-26 | K26: 41.290995 | L26: =10^(0.213+-1200/N26+1350000/N26^2)/1000 -> 0.012003439 | M26: =N26^-1 -> 0.0013605442 | N26: 735 | O26: 1.9405588e-05 | P26: 0.00031252325 | V26: 2102415.4 | W26: =AP26/X26 -> 1.7119631e-13 | X26: =Y26+Z26*N26 -> 2012.4687 | Y26: 2012.4687 | AC26: 3 | AD26: 3 | AE26: =AC26+AD26 -> 6 | AF26: 0.78633288 | AG26: 1.0050631 | AH26: 0.95850088 | AJ26: 0.60317663 | AK26: 2.2823534e+09 | AL26: 3.0950738e-10 | AM26: 2.9516863e-10 | AN26: 1.8574717e-10 | AO26: 4.3781313e-11 | AP26: =AF26/AK26 -> 3.4452722e-10 | AQ26: =(AP26-AO26)/AO26 -> 6.8692756 | AR26: =AJ26/AU26 -> 0.00029971976 | AU26: =Y26+Z26*N26 -> 2012.4687 | AV26: =AF26/AR26 -> 2623.5604 | BA26: =AJ26/BF26 -> 0.0091357178 | BF26: 66.024 | BK26: =AF26/(BA26) -> 86.072369 | BL26: =L26/(V26/1000*(Y26+Z26*N26)) -> 2.8369915e-09
A27: 0.675LiF-0.2BeF2-0.005ThF4-0.12UF4 | C27: 4 | D27: 23.315 | E27: 22.74 | F27: =D27*1.6726219E-27 -> 3.899718e-26 | G27: =E27*9.1093856E-31 -> 2.0714743e-29 | H27: =((F27*D27)/(G27*E27)) -> 1930.1836 | I27: =D27/E27 -> 1.0252858 | J27: =(F27)-(G27) -> 3.8976465e-26 | K27: 66.133684 | L27: =0.062*EXP(38800/(8.3144598*N27))/1000 -> 0.030468149 | M27: =N27^-1 -> 0.0013280212 | N27: 753 | O27: 1.9202817e-05 | P27: 0.00016787041 | V27: 2609440.5 | W27: =AP27/X27 -> 2.5482443e-13 | X27: =Y27+Z27*N27 -> 1781.4332 | Y27: 1781.4332 | AC27: 4 | AD27: 11 | AE27: =AC27+AD27 -> 15 | AF27: 1.16 | AK27: 2.5553323e+09 | AP27: =AF27/AK27 -> 4.5395271e-10 | AQ27: =(AP27-AO27)/AO27 -> #DIV/0! | AR27: =AJ27/AU27 -> 0 | AU27: =Y27+Z27*N27 -> 1781.4332 | AV27: =AF27/AR27 -> #DIV/0! | BA27: =AJ27/BF27 -> 0 | BF27: 82.635 | BK27: =AF27/(BA27) -> #DIV/0! | BL27: =L27/(V27/1000*(Y27+Z27*N27)) -> 6.5543424e-09
A28: 0.712LiF-0.23BeF2-0.05ZrF4-0.008UF4 | C28: 4 | D28: 14.792 | E28: 14.388 | F28: =D28*1.6726219E-27 -> 2.4741423e-26 | G28: =E28*9.1093856E-31 -> 1.3106584e-29 | H28: =((F28*D28)/(G28*E28)) -> 1940.7144 | I28: =D28/E28 -> 1.028079 | J28: =(F28)-(G28) -> 2.4728317e-26 | K28: 40.153548 | M28: =N28^-1 -> 0.0014084507 | N28: 710 | O28: 1.6919881e-05 | P28: 0.00018512202 | V28: 2163027.6 | W28: =AP28/X28 -> 1.5928947e-13 | X28: =Y28+Z28*N28 -> 2319.1206 | Y28: 2319.1206 | AC28: 4 | AD28: 11 | AE28: =AC28+AD28 -> 15 | AF28: 1.24 | AK28: 3.3566903e+09 | AP28: =AF28/AK28 -> 3.694115e-10 | AQ28: =(AP28-AO28)/AO28 -> #DIV/0! | AR28: =AJ28/AU28 -> 0 | AU28: =Y28+Z28*N28 -> 2319.1206 | AV28: =AF28/AR28 -> #DIV/0! | BA28: =AJ28/BF28 -> 0 | BF28: 73.4694 | BK28: =AF28/(BA28) -> #DIV/0!
A29: 0.73LiF-0.27BeF2 | C29: 2 | D29: 12.27 | E29: 11.73 | F29: =D29*1.6726219E-27 -> 2.0523071e-26 | G29: =E29*9.1093856E-31 -> 1.0685309e-29 | H29: =((F29*D29)/(G29*E29)) -> 2009.1011 | I29: =D29/E29 -> 1.0460358 | J29: =(F29)-(G29) -> 2.0512385e-26 | K29: 31.62817 | L29: =0.118*EXP(30100/(8.3144598*N29))/1000 -> 0.01658596 | M29: =N29^-1 -> 0.0013661202 | N29: 732 | O29: 1.5942466e-05 | P29: 0.00016222659 | V29: 1989043.9 | W29: =AP29/X29 -> 1.029142e-13 | X29: =Y29+Z29*N29 -> 2547.6876 | Y29: 2547.6876 | AC29: 2 | AD29: 3 | AE29: =AC29+AD29 -> 5 | AF29: 0.98602842 | AK29: 3.7606936e+09 | AP29: =AF29/AK29 -> 2.6219323e-10 | AQ29: =(AP29-AO29)/AO29 -> #DIV/0! | AR29: =AJ29/AU29 -> 0 | AU29: =Y29+Z29*N29 -> 2547.6876 | AV29: =AF29/AR29 -> #DIV/0! | BA29: =AJ29/BF29 -> 0 | BF29: 70.599 | BK29: =AF29/(BA29) -> #DIV/0! | BL29: =L29/(V29/1000*(Y29+Z29*N29)) -> 3.2730306e-09
A30: 0.725LiF-0.265BeF2-0.01UF4 | C30: 3 | D30: 13.155 | E30: 12.86 | F30: =D30*1.6726219E-27 -> 2.2003341e-26 | G30: =E30*9.1093856E-31 -> 1.171467e-29 | H30: =((F30*D30)/(G30*E30)) -> 1921.3587 | I30: =D30/E30 -> 1.0229393 | J30: =(F30)-(G30) -> 2.1991626e-26 | K30: 34.40365 | L30: =0.123*EXP(29800/(8.3144598*N30))/1000 -> 0.01645722 | M30: =N30^-1 -> 0.0013661202 | N30: 732 | O30: 1.6204764e-05 | P30: 0.00016258314 | V30: 2039490.5 | W30: =AP30/X30 -> 1.0143855e-13 | X30: =Y30+Z30*N30 -> 2441.8706 | Y30: 2441.8706 | AC30: 3 | AD30: 7 | AE30: =AC30+AD30 -> 10 | AF30: 0.89056772 | AK30: 3.5953507e+09 | AP30: =AF30/AK30 -> 2.4769982e-10 | AQ30: =(AP30-AO30)/AO30 -> #DIV/0! | AR30: =AJ30/AU30 -> 0 | AU30: =Y30+Z30*N30 -> 2441.8706 | AV30: =AF30/AR30 -> #DIV/0! | BA30: =AJ30/BF30 -> 0 | BF30: 71.5785 | BK30: =AF30/(BA30) -> #DIV/0! | BL30: =L30/(V30/1000*(Y30+Z30*N30)) -> 3.3045487e-09
A31: 0.72LiF-0.26BeF2-0.02UF4 | C31: 3 | D31: 14.04 | E31: 13.72 | F31: =D31*1.6726219E-27 -> 2.3483611e-26 | G31: =E31*9.1093856E-31 -> 1.2498077e-29 | H31: =((F31*D31)/(G31*E31)) -> 1922.8025 | I31: =D31/E31 -> 1.0233236 | J31: =(F31)-(G31) -> 2.3471113e-26 | K31: 37.17913 | L31: =0.123*EXP(29800/(8.3144598*N31))/1000 -> 0.01645722 | M31: =N31^-1 -> 0.0013661202 | N31: 732 | O31: 1.6467062e-05 | P31: 0.00016292833 | V31: 2089937.1 | W31: =AP31/X31 -> 9.922454e-14 | X31: =Y31+Z31*N31 -> 2348.752 | Y31: 2348.752 | AC31: 3 | AD31: 7 | AE31: =AC31+AD31 -> 10 | AF31: 0.80397278 | AK31: 3.4497298e+09 | AP31: =AF31/AK31 -> 2.3305384e-10 | AQ31: =(AP31-AO31)/AO31 -> #DIV/0! | AR31: =AJ31/AU31 -> 0 | AU31: =Y31+Z31*N31 -> 2348.752 | AV31: =AF31/AR31 -> #DIV/0! | BA31: =AJ31/BF31 -> 0 | BF31: 72.558 | BK31: =AF31/(BA31) -> #DIV/0! | BL31: =L31/(V31/1000*(Y31+Z31*N31)) -> 3.3526337e-09
A32: 0.32KCl-0.68MgCl2 | C32: 2 | D32: 31.24 | E32: 30.56 | F32: =D32*1.6726219E-27 -> 5.2252708e-26 | G32: =E32*9.1093856E-31 -> 2.7838282e-29 | H32: =((F32*D32)/(G32*E32)) -> 1918.775 | I32: =D32/E32 -> 1.0222513 | J32: =(F32)-(G32) -> 5.222487e-26 | K32: 88.599896 | M32: =N32^-1 -> 0.001433589 | N32: 697.55 | O32: 5.0411903e-05 | P32: 0.00023528262 | V32: 1755710.6 | W32: =AP32/X32 -> 1.9400863e-13 | X32: =Y32+Z32*N32 -> 2039.5015 | Y32: 2039.5015 | AC32: 2 | AD32: 3 | AE32: =AC32+AD32 -> 5 | AF32: 0.45966667 | AK32: 1.1617105e+09 | AP32: =AF32/AK32 -> 3.9568089e-10 | AQ32: =(AP32-AO32)/AO32 -> #DIV/0! | AR32: =AJ32/AU32 -> 0 | AU32: =Y32+Z32*N32 -> 2039.5015 | AV32: =AF32/AR32 -> #DIV/0! | BA32: =AJ32/BF32 -> 0 | BF32: 86.14464 | BK32: =AF32/(BA32) -> #DIV/0!
A33: 0.4598NaCl-0.3891KCl-0.1511MgCl2 | C33: 3 | D33: 31.2639 | E33: 31.1128 | F33: =D33*1.6726219E-27 -> 5.2292684e-26 | G33: =E33*9.1093856E-31 -> 2.8341849e-29 | H33: =((F33*D33)/(G33*E33)) -> 1854.0302 | I33: =D33/E33 -> 1.0048565 | J33: =(F33)-(G33) -> 5.2264342e-26 | K33: 70.265005 | M33: =N33^-1 -> 0.0014824698 | N33: 674.55 | O33: 3.990775e-05 | P33: 0.00032881888 | V33: 1761445 | W33: =AP33/X33 -> 1.8234631e-13 | X33: =Y33+Z33*N33 -> 2024.7769 | Y33: 2024.7769 | AC33: 3 | AD33: 4 | AE33: =AC33+AD33 -> 7 | AF33: 0.46554762 | AK33: 1.260927e+09 | AP33: =AF33/AK33 -> 3.6921059e-10 | AQ33: =(AP33-AO33)/AO33 -> #DIV/0! | AR33: =AJ33/AU33 -> 0 | AU33: =Y33+Z33*N33 -> 2024.7769 | AV33: =AF33/AR33 -> #DIV/0! | BA33: =AJ33/BF33 -> 0 | BF33: 74.557489 | BK33: =AF33/(BA33) -> #DIV/0!
A34: 0.345NaF-0.59KF-0.065MgF2 | C34: 3 | D34: 24.785 | E34: 24.72 | F34: =D34*1.6726219E-27 -> 4.1455934e-26 | G34: =E34*9.1093856E-31 -> 2.2518401e-29 | H34: =((F34*D34)/(G34*E34)) -> 1845.8211 | I34: =D34/E34 -> 1.0026294 | J34: =(F34)-(G34) -> 4.1433415e-26 | K34: 52.812707 | M34: =N34^-1 -> 0.0010416667 | N34: 960 | O34: 2.5195547e-05 | P34: 0.00031944978 | V34: 2110100.6 | W34: =AP34/X34 -> 2.5225271e-13 | X34: =Y34+Z34*N34 -> 1885.1934 | Y34: 1885.1934 | AC34: 3 | AD34: 4 | AE34: =AC34+AD34 -> 7 | AF34: 0.82855604 | AK34: 1.7423288e+09 | AP34: =AF34/AK34 -> 4.7554516e-10 | AQ34: =(AP34-AO34)/AO34 -> #DIV/0! | AR34: =AJ34/AU34 -> 0 | AU34: =Y34+Z34*N34 -> 1885.1934 | AV34: =AF34/AR34 -> #DIV/0! | BA34: =AJ34/BF34 -> 0 | BF34: 69.8585 | BK34: =AF34/(BA34) -> #DIV/0!
A35: 0.582LiCl-0.418KCl | C35: 2 | D35: 26.688 | E35: 26.688 | F35: =D35*1.6726219E-27 -> 4.4638933e-26 | G35: =E35*9.1093856E-31 -> 2.4311128e-29 | H35: =((F35*D35)/(G35*E35)) -> 1836.1523 | I35: =D35/E35 -> 1 | J35: =(F35)-(G35) -> 4.4614622e-26 | K35: 55.835751 | L35: =0.087*EXP(20900/(8.3144598*N35))/1000 -> 0.0046437178 | M35: =N35^-1 -> 0.0015822785 | N35: 632 | O35: 3.2950649e-05 | P35: 0.00033829968 | V35: 1676175.3 | W35: =AP35/X35 -> 1.9371024e-13 | X35: =Y35+Z35*N35 -> 2084.8843 | Y35: 2084.8843 | AC35: 2 | AD35: 2 | AE35: =AC35+AD35 -> 4 | AF35: 0.58438111 | AK35: 1.446977e+09 | AP35: =AF35/AK35 -> 4.0386344e-10 | AQ35: =(AP35-AO35)/AO35 -> #DIV/0! | AR35: =AJ35/AU35 -> 0 | AU35: =Y35+Z35*N35 -> 2084.8843 | AV35: =AF35/AR35 -> #DIV/0! | BA35: =AJ35/BF35 -> 0 | BF35: 68.60644 | BK35: =AF35/(BA35) -> #DIV/0! | BL35: =L35/(V35/1000*(Y35+Z35*N35)) -> 1.3288146e-09
A36: 0.6LiF-0.4NaF | C36: 2 | D36: 15.2 | E36: 15.2 | F36: =D36*1.6726219E-27 -> 2.5423853e-26 | G36: =E36*9.1093856E-31 -> 1.3846266e-29 | H36: =((F36*D36)/(G36*E36)) -> 1836.1523 | I36: =D36/E36 -> 1 | J36: =(F36)-(G36) -> 2.5410007e-26 | K36: 32.3586 | L36: =0.116*EXP(26800/(8.3144598*N36))/1000 -> 0.0039071252 | M36: =N36^-1 -> 0.0010911075 | N36: 916.5 | O36: 1.5885584e-05 | P36: 0.00027773489 | V36: 2014141.4 | W36: =AP36/X36 -> 1.1724803e-13 | X36: =Y36+Z36*N36 -> 2298.2284 | Y36: 2298.2284 | AC36: 2 | AD36: 2 | AE36: =AC36+AD36 -> 4 | AF36: 0.86544945 | AG36: 0.75516834 | AH36: 0.94087679 | AJ36: 0.75516834 | AK36: 3.2117592e+09 | AL36: 1.8261413e-10 | AM36: 2.2752197e-10 | AN36: 1.8261413e-10 | AO36: 4.417e-11 | AP36: =AF36/AK36 -> 2.6946274e-10 | AQ36: =(AP36-AO36)/AO36 -> 5.1005828 | AR36: =AJ36/AU36 -> 0.00032858717 | AU36: =Y36+Z36*N36 -> 2298.2284 | AV36: =AF36/AR36 -> 2633.8504 | BA36: =AJ36/BF36 -> 0.011338864 | BF36: 66.6 | BK36: =AF36/(BA36) -> 76.325939 | BL36: =L36/(V36/1000*(Y36+Z36*N36)) -> 8.4406168e-10
A37: 0.63NaCl-0.37UCl3 (ORNL) | C37: 2 | D37: 57.97 | E37: 57.23 | F37: =D37*1.6726219E-27 -> 9.6961892e-26 | G37: =E37*9.1093856E-31 -> 5.2133014e-29 | H37: =((F37*D37)/(G37*E37)) -> 1883.9432 | I37: =D37/E37 -> 1.0129303 | J37: =(F37)-(G37) -> 9.6909759e-26 | K37: 164.24072 | L37: =10^(-1.2675+1704/N37+0/N37^2)/1000 -> 0.0080532167 | M37: =N37^-1 -> 0.0012755102 | N37: 784 | O37: 4.6078431e-05 | P37: 0.00034092676 | V37: 2996639.7 | W37: =AP37/X37 -> 1.5794147e-13 | X37: =Y37+Z37*N37 -> 1451.7495 | Y37: 1451.7495 | AC37: 2 | AD37: 4 | AE37: =AC37+AD37 -> 6 | AF37: 0.23926258 | AG37: 0.34729589 | AH37: 0.30898231 | AJ37: 0.27030115 | AK37: 1.0434868e+09 | AL37: 3.5638656e-10 | AM37: 3.170701e-10 | AN37: 2.7737644e-10 | AO37: 5.934105e-11 | AP37: =AF37/AK37 -> 2.2929144e-10 | AQ37: =(AP37-AO37)/AO37 -> 2.8639599 | AR37: =AJ37/AU37 -> 0.00018618995 | AU37: =Y37+Z37*N37 -> 1451.7495 | AV37: =AF37/AR37 -> 1285.0456 | BA37: =AJ37/BF37 -> 0.0027204058 | BF37: 99.3606 | BK37: =AF37/(BA37) -> 87.951061 | BL37: =L37/(V37/1000*(Y37+Z37*N37)) -> 1.8511567e-09
A38: 0.658NaCl-0.342UCl3 (ANL) | C38: 2 | D38: 55.702 | E38: 55.018 | F38: =D38*1.6726219E-27 -> 9.3168385e-26 | G38: =E38*9.1093856E-31 -> 5.0118018e-29 | H38: =((F38*D38)/(G38*E38)) -> 1882.0912 | I38: =D38/E38 -> 1.0124323 | J38: =(F38)-(G38) -> 9.3118267e-26 | K38: 156.23418 | L38: =10^(-1.2179+1557/N38+0/N38^2)/1000 -> 0.0058623182 | M38: =N38^-1 -> 0.0012755102 | N38: 784 | O38: 4.5172249e-05 | P38: 0.00034144514 | V38: 2899543.9 | W38: =AP38/X38 -> 1.7791881e-13 | X38: =Y38+Z38*N38 -> 1470.4556 | Y38: 1470.4556 | AC38: 2 | AD38: 4 | AE38: =AC38+AD38 -> 6 | AF38: 0.27567442 | AG38: 0.36148346 | AH38: 0.32160471 | AJ38: 0.28134337 | AK38: 1.0537139e+09 | AL38: 3.5638656e-10 | AM38: 3.170701e-10 | AN38: 2.7737644e-10 | AO38: 5.9682538e-11 | AP38: =AF38/AK38 -> 2.616217e-10 | AQ38: =(AP38-AO38)/AO38 -> 3.3835552 | AR38: =AJ38/AU38 -> 0.00019133076 | AU38: =Y38+Z38*N38 -> 1470.4556 | AV38: =AF38/AR38 -> 1440.8265 | BA38: =AJ38/BF38 -> 0.0028971629 | BF38: 97.10996 | BK38: =AF38/(BA38) -> 95.153235 | BL38: =L38/(V38/1000*(Y38+Z38*N38)) -> 1.3749528e-09
A39: (NaF-KF)-.3UF4 | K39: 128.10887 | L39: =0.0767*EXP(39300/(8.3144598*N39))/1000 -> 0.0090410767 | N39: 991 | O39: 3.0243424e-05 | P39: 0.00023876282 | V39: 3498633.6 | W39: =AP39/X39 -> 2.4538909e-13 | X39: =Y39+Z39*N39 -> 1348.6175 | Y39: =AU39 -> 1348.6175 | AC39: 3 | AD39: 6 | AE39: =AC39+AD39 -> 9 | AF39: 0.49395062 | AK39: 1.4925865e+09 | AP39: =AF39/AK39 -> 3.3093602e-10 | AQ39: =(AP39-AO39)/AO39 -> #DIV/0! | AR39: =AJ39/AU39 -> 0 | AU39: 1348.6175 | AV39: =AF39/AR39 -> #DIV/0! | BA39: =AJ39/BF39 -> 0 | BF39: 100.416 | BK39: =AF39/(BA39) -> #DIV/0! | BL39: =L39/(V39/1000*(Y39+Z39*N39)) -> 1.916165e-09
A40: (NaF-KF)-.4UF4 | K40: 154.66796 | L40: =0.0767*EXP(39300/(8.3144598*N40))/1000 -> 0.0081514268 | N40: 1013 | O40: 3.2645143e-05 | P40: 0.00022077563 | V40: 3957693.6 | W40: =AP40/X40 -> 2.4928414e-13 | X40: =Y40+Z40*N40 -> 1272.126 | Y40: =AU40 -> 1272.126 | AC40: 3 | AD40: 6 | AE40: =AC40+AD40 -> 9 | AF40: 0.45693694 | AK40: 1.4408922e+09 | AP40: =AF40/AK40 -> 3.1712084e-10 | AQ40: =(AP40-AO40)/AO40 -> #DIV/0! | AR40: =AJ40/AU40 -> 0 | AU40: 1272.126 | AV40: =AF40/AR40 -> #DIV/0! | BA40: =AJ40/BF40 -> 0 | BF40: 110.928 | BK40: =AF40/(BA40) -> #DIV/0! | BL40: =L40/(V40/1000*(Y40+Z40*N40)) -> 1.619054e-09
A41: (NaF-KF)-.5UF4 | K41: 181.22705 | L41: =0.0767*EXP(39300/(8.3144598*N41))/1000 -> 0.0078587879 | N41: 1021 | O41: 3.494914e-05 | P41: 0.00020501178 | V41: 4426131.4 | W41: =AP41/X41 -> 2.5684297e-13 | X41: =Y41+Z41*N41 -> 1215.1718 | Y41: =AU41 -> 1215.1718 | AC41: 3 | AD41: 6 | AE41: =AC41+AD41 -> 9 | AF41: 0.43928571 | AK41: 1.4074783e+09 | AP41: =AF41/AK41 -> 3.1210834e-10 | AQ41: =(AP41-AO41)/AO41 -> #DIV/0! | AR41: =AJ41/AU41 -> 0 | AU41: 1215.1718 | AV41: =AF41/AR41 -> #DIV/0! | BA41: =AJ41/BF41 -> 0 | BF41: 121.44 | BK41: =AF41/(BA41) -> #DIV/0! | BL41: =L41/(V41/1000*(Y41+Z41*N41)) -> 1.4611459e-09
A42: H2O | B42: 0.01 | C42: 1 | D42: 10 | E42: 10 | F42: =D42*1.6726219E-27 -> 1.6726219e-26 | G42: =E42*9.1093856E-31 -> 9.1093856e-30 | H42: =((F42*D42)/(G42*E42)) -> 1836.1523 | I42: =D42/E42 -> 1 | J42: =(F42)-(G42) -> 1.671711e-26 | K42: 18.015 | L42: 0.001793 | M42: =N42^-1 -> 0.0036609921 | N42: 273.15 | O42: 1.802e-05 | P42: 5.1e-05 | U42: 3.1e-10 | V42: 999840 | W42: =AP42/X42 -> 2.0439366e-13 | X42: =Y42+Z42*N42 -> 1403 | Y42: 1403 | Z42: 0 | AA42: 999840 | AB42: 0 | AF42: 0.561 | AG42: =$AK$42*AL42 -> 0.5339358 | AH42: =$AK$42*AM42 -> 0.55623382 | AJ42: =$AK$42*AN42 -> 0.5339358 | AK42: =1/3*BF42/O42*Y42 -> 1.9563104e+09 | AL42: 2.7293e-10 | AM42: 2.84328e-10 | AN42: 2.7293e-10 | AO42: =U42 -> 3.1e-10 | AP42: =AF42/(1/3*BF42/O42*Y42) -> 2.8676431e-10 | AQ42: =(AP42-AO42)/AO42 -> -0.07495384 | AR42: =AJ42/AU42 -> 0.00038056721 | AU42: =Y42+Z42*N42 -> 1403 | AV42: =AF42/AR42 -> 1474.1154 | BA42: =AJ42/BF42 -> 0.0070832555 | BF42: 75.38 | BK42: =AF42/(BA42) -> 79.200871 | BL42: =L42/(V42/1000*(Y42+Z42*N42)) -> 1.2781803e-09
AO45: 0
AO46: 250
G52: LiCl | H52: 5.6672852
G53: NaCl | H53: 3.6125286
G54: KCl | H54: 2.160308

Sheet MFP-PDF_All (3)
AE1: Max | AF1: Avg_vs_metal | AG1: Avg | AH1: First | AP1: Max | AQ1: Avg | AR1: First | AV1: Max | AW1: Avg | AX1: First | AY1: Max | AZ1: Avg_vs_metal | BA1: Avg | BB1: Avg | BC1: First | BE1: volumetric | BF1: Max | BG1: Avg_vs_metal | BH1: Avg | BI1: First
A2: Compound | B2: S/cm | C2: order | D2: protons | E2: electrons | F2: Mp/molecule | G2: Me/molecule | H2: ratio of Mpe*# | I2: ratio | J2: Dif mass | K2: M_i (g/mol) | L2: Visc (N*s/m^2) | M2: T_i_m (K) inverse | N2: T_i_m (K) | O2: V_i_m (m^3/mol) | P2: alpha_i_m (K^-1) | R2: r_c (m) | S2: r_a (m) | T2: sum_radii | U2: rho_m (g/m^3) | V2: SoS(T)_A (A+B*T) | W2: SoS(T)_B | X2: A (Density (g/cm3): A - BT(K)) | Y2: B (Density (g/cm3): A - BT(K)) | Z2: #_cations | AA2: #_anions | AB2: sum_ions | AC2: λ_meas | AD2: Ref | AE2: 1/3*Cp*vs*MFP | AF2: 1/3*Cp*vs_metal*MFP | AG2: 1/3*Cp*vs*MFP | AH2: 1/3*Cp*vs*MFP | AI2: 1/3*Cp*vs | AJ2: MFP_PDF-max | AK2: MFP_PDF-avg | AL2: MFP_PDF-first | AM2: r_sum | AN2: MFP_calc | AO2: MFP_dev | AP2: 1/3*Cp*MFP | AQ2: 1/3*Cp*MFP | AR2: 1/3*Cp*MFP | AS2: SoS_Tm | AT2: SoS_avg | AU2: SoS_metal | AV2: vs_calc | AW2: vs_calc | AX2: vs_calc | AY2: 1/3*vs*MFP | AZ2: 1/3*vs_metal*MFP | BA2: 1/3*vs*MFP | BB2: 1/3*vs_metal*MFP | BC2: 1/3*vs*MFP | BD2: C_i_p (J/mol/K) | BE2: C_i_p (J/m3/K) | BF2: Cp_calc | BG2: Cp_calc | BH2: Cp_calc | BI2: Cp_calc | BJ2: Visc/(Dens*C0)
A3: LiCl | B3: 3.67 | C3: 1 | D3: 20 | E3: 20 | F3: 3.3452438e-26 | G3: 1.8218771e-29 | H3: 1836.1523 | I3: 1 | J3: 3.3434219e-26 | K3: 42.394 | L3: 0.0015609789 | M3: 0.0011388225 | N3: 878.1 | O3: 2.8281521e-05 | P3: 0.000288 | R3: 7.6e-11 | S3: 1.81e-10 | T3: 2.57e-10 | U3: 1499000 | V3: 2787.9043 | W3: -0.849 | X3: 1.8842 | Y3: -0.0004328 | Z3: 1 | AA3: 1 | AB3: 2 | AC3: 0.62171538 | AE3: 0.57774324 | AF3: =AG3/AS3*AT3 -> 0.8032223 | AG3: 0.48162169 | AH3: 0.38117045 | AI3: 1.5968256e+09 | AJ3: 3.6055082e-10 | AK3: 3.0056447e-10 | AL3: 2.3787611e-10 | AM3: 6.425e-11 | AN3: =AC3/AI3 -> 3.8934457e-10 | AO3: =(AN3-AM3)/AM3 -> 5.0598376 | AP3: 0.00027686535 | AQ3: 0.00023080211 | AR3: 0.00018266399 | AS3: =V3+W3*N3 -> 2042.3974 | AT3: =AVERAGE(AU3,AS3) -> 3406.1987 | AU3: 4770 | AV3: =$AC3/AP3 -> 2245.5514 | AW3: =$AC3/AQ3 -> 2693.7163 | AX3: =$AC3/AR3 -> 3403.6012 | AY3: 2.5042621e-07 | AZ3: =1/3*AT3*AK3 -> 3.4126078e-07 | BA3: 2.0876175e-07 | BB3: 0 | BC3: 1.6522057e-07 | BD3: 65.02 | BE3: =BD3/O3 -> 2299027.7 | BF3: =$AC3/(AY3) -> 2482629.1 | BG3: =$AC3/(AZ3) -> 1821819 | BH3: =$AC3/(BA3) -> 2978109.6 | BI3: =$AC3/(BC3) -> 3762941.7 | BJ3: 5.0986493e-10
A4: NaCl | B4: 3.94 | C4: 1 | D4: 28 | E4: 28 | F4: =D4*1.6726219E-27 -> 4.6833413e-26 | G4: =E4*9.1093856E-31 -> 2.550628e-29 | H4: =((F4*D4)/(G4*E4)) -> 1836.1523 | I4: =D4/E4 -> 1 | J4: =(F4)-(G4) -> 4.6807907e-26 | K4: 58.44 | L4: =0.0893*EXP(22000/(8.3144598*N4))/1000 -> 0.0010321391 | M4: =N4^-1 -> 0.00092494104 | N4: 1081.15 | O4: 3.765e-05 | P4: 0.00035 | R4: 1.02e-10 | S4: 1.81e-10 | T4: =S4+R4 -> 2.83e-10 | U4: 1560000 | V4: 2732.9322 | W4: -0.915 | X4: 2.1393 | Y4: -0.000543 | Z4: 1 | AA4: 1 | AB4: =Z4+AA4 -> 2 | AC4: 0.47705462 | AE4: 0.54204679 | AF4: =AG4/AS4*AT4 -> 0.42448864 | AG4: 0.36608849 | AH4: 0.35512728 | AI4: 1.096066e+09 | AJ4: 4.0269416e-10 | AK4: 3.3400224e-10 | AL4: 2.6382903e-10 | AM4: 7.075e-11 | AN4: =AC4/AI4 -> 4.3524261e-10 | AO4: =(AN4-AM4)/AM4 -> 5.1518389 | AP4: 0.00024885749 | AQ4: 0.00020640716 | AR4: 0.00016304143 | AS4: =V4+W4*N4 -> 1743.68 | AT4: =AVERAGE(AU4,AS4) -> 2021.84 | AU4: 2300 | AV4: =$AC4/AP4 -> 1916.9791 | AW4: =$AC4/AQ4 -> 2311.2309 | AX4: =$AC4/AR4 -> 2925.9718 | AY4: 2.3869482e-07 | AZ4: =1/3*AT4*AK4 -> 2.2509969e-07 | BA4: 1.9797805e-07 | BB4: 4.516846e-06 | BC4: 1.5638325e-07 | BD4: 69.62 | BE4: =BD4/O4 -> 1849136.8 | BF4: =$AC4/(AY4) -> 1998596.5 | BG4: =$AC4/(AZ4) -> 2119303.7 | BH4: =$AC4/(BA4) -> 2409633.9 | BI4: =$AC4/(BC4) -> 3050548 | BJ4: =L4/(U4/1000*(V4+W4*N4)) -> 3.7944326e-10
A5: KCl | B5: 3.34 | C5: 1 | D5: 36 | E5: 36 | F5: 6.0214388e-26 | G5: 3.2793788e-29 | H5: 1836.1523 | I5: 1 | J5: 6.0181595e-26 | K5: 74.5513 | L5: 0.0011078669 | M5: 0.00095680046 | N5: 1045.15 | O5: 4.884e-05 | P5: 0.000382 | R5: 1.38e-10 | S5: 1.81e-10 | T5: 3.19e-10 | U5: 1530000 | V5: 2514.8257 | W5: -0.878 | X5: 2.1359 | Y5: -0.0005831 | Z5: 1 | AA5: 1 | AB5: 2 | AC5: 0.36559719 | AE5: 0.24535289 | AF5: =AG5/AS5*AT5 -> 0.3371709 | AG5: 0.29693778 | AH5: 0.24535289 | AI5: 8.2090391e+08 | AJ5: 2.9896383e-10 | AK5: 3.6182029e-10 | AL5: 2.9896383e-10 | AM5: 7.975e-11 | AN5: =AC5/AI5 -> 4.453593e-10 | AO5: =(AN5-AM5)/AM5 -> 4.5844427 | AP5: 0.00015031952 | AQ5: 0.00018192386 | AR5: 0.00015031952 | AS5: =V5+W5*N5 -> 1597.184 | AT5: =AVERAGE(AU5,AS5) -> 1813.592 | AU5: 2030 | AV5: =$AC5/AP5 -> 2432.1338 | AW5: =$AC5/AQ5 -> 2009.6166 | AX5: =$AC5/AR5 -> 2432.1338 | AY5: 1.628579e-07 | AZ5: =1/3*AT5*AK5 -> 2.1873146e-07 | BA5: 1.970984e-07 | BB5: 0 | BC5: 1.628579e-07 | BD5: 73.6 | BE5: =BD5/O5 -> 1506961.5 | BF5: =$AC5/(AY5) -> 2244884.7 | BG5: =$AC5/(AZ5) -> 1671443.1 | BH5: =$AC5/(BA5) -> 1854896.9 | BI5: =$AC5/(BC5) -> 2244884.7 | BJ5: 4.5335792e-10
A6: LiF | B6: 9.95 | C6: 1 | D6: 12 | E6: 12 | F6: 2.0071463e-26 | G6: 1.0931263e-29 | H6: 1836.1523 | I6: 1 | J6: 2.0060532e-26 | K6: 25.939 | L6: 0.0020988673 | M6: 0.00089433439 | N6: 1118.15 | O6: 1.42e-05 | P6: 0.000268 | R6: 7.6e-11 | S6: 1.33e-10 | T6: 2.09e-10 | U6: 1810000 | V6: 2547.8 | W6: 0 | X6: 2.3581 | Y6: -0.0004902 | Z6: 1 | AA6: 1 | AB6: 2 | AC6: 1.2682351 | AE6: 1.0834006 | AF6: =AG6/AS6*AT6 -> 1.3001784 | AG6: 0.90535258 | AH6: 0.71631983 | AI6: 3.8370576e+09 | AJ6: 2.8231085e-10 | AK6: 2.3591537e-10 | AL6: 1.8665751e-10 | AM6: 5.225e-11 | AN6: =AC6/AI6 -> 3.3052281e-10 | AO6: =(AN6-AM6)/AM6 -> 5.3257955 | AP6: 0.00042121486 | AQ6: 0.00035199165 | AR6: 0.00027849768 | AS6: =V6+W6*N6 -> 2547.8 | AT6: =AVERAGE(AU6,AS6) -> 3658.9 | AU6: 4770 | AV6: =$AC6/AP6 -> 3010.8982 | AW6: =$AC6/AQ6 -> 3603.026 | AX6: =$AC6/AR6 -> 4553.8442 | AY6: 2.395958e-07 | AZ6: =1/3*AT6*AK6 -> 2.8773025e-07 | BA6: 2.0022019e-07 | BB6: 0 | BC6: 1.5841529e-07 | BD6: 64.2 | BE6: =BD6/O6 -> 4521126.8 | BF6: =$AC6/(AY6) -> 5293227.5 | BG6: =$AC6/(AZ6) -> 4407722.4 | BH6: =$AC6/(BA6) -> 6334201.7 | BI6: =$AC6/(BC6) -> 8005761.7 | BJ6: 4.5513588e-10
A7: NaF | B7: 6.9 | C7: 1 | D7: 20 | E7: 20 | F7: =D7*1.6726219E-27 -> 3.3452438e-26 | G7: =E7*9.1093856E-31 -> 1.8218771e-29 | H7: =((F7*D7)/(G7*E7)) -> 1836.1523 | I7: =D7/E7 -> 1 | J7: =(F7)-(G7) -> 3.3434219e-26 | K7: 41.988 | L7: =0.12*EXP(26500/(8.3144598*N7))/1000 -> 0.0014814456 | M7: =N7^-1 -> 0.00078855025 | N7: 1268.15 | O7: 2.16e-05 | P7: 0.000288 | R7: 1.02e-10 | S7: 1.33e-10 | T7: =S7+R7 -> 2.35e-10 | U7: 1950000 | V7: 2085.5 | W7: 0 | X7: 2.755 | Y7: -0.000636 | Z7: 1 | AA7: 1 | AB7: =Z7+AA7 -> 2 | AC7: 0.905478 | AD7: Gheribi 2014 | AE7: 0.49160675 | AG7: 0.61286743 | AH7: 0.49160675 | AI7: 2.2606416e+09 | AJ7: 2.1746337e-10 | AK7: 2.7110331e-10 | AL7: 2.1746337e-10 | AM7: 5.875e-11 | AN7: =AC7/AI7 -> 4.0054027e-10 | AO7: =(AN7-AM7)/AM7 -> 5.8177067 | AP7: 0.00023629305 | AQ7: 0.00029457756 | AR7: 0.00023629305 | AS7: =V7+W7*N7 -> 2085.5 | AT7: =AVERAGE(AU7,AS7) -> 2642.75 | AU7: 3200 | AV7: =$AC7/AP7 -> 3832.0128 | AW7: =$AC7/AQ7 -> 3073.8187 | AX7: =$AC7/AR7 -> 3832.0128 | AY7: 1.5081056e-07 | BA7: 1.8800979e-07 | BC7: 1.5081056e-07 | BD7: 70.2 | BE7: =BD7/O7 -> 3250000 | BF7: =$AC7/(AY7) -> 6004075.6 | BH7: =$AC7/(BA7) -> 4816121.6 | BI7: =$AC7/(BC7) -> 6004075.6 | BJ7: =L7/(U7/1000*(V7+W7*N7)) -> 3.6428469e-10
A8: KF | B8: 5.1 | C8: 1 | D8: 28 | E8: 28 | F8: 4.6833413e-26 | G8: 2.550628e-29 | H8: 1836.1523 | I8: 1 | J8: 4.6807907e-26 | K8: 58.097 | L8: 0.001350063 | M8: 0.00088562193 | N8: 1129.15 | O8: 3.04e-05 | P8: 0.000341 | R8: 1.38e-10 | S8: 1.33e-10 | T8: 2.71e-10 | U8: 1910000 | V8: 1816.4 | W8: 0 | X8: 2.6464 | Y8: -0.0006515 | Z8: 1 | AA8: 1 | AB8: 2 | AC8: 0.5676879 | AD8: Gheribi 2014 | AE8: 0.33271136 | AG8: 0.42353288 | AH8: 0.33271136 | AI8: 1.343586e+09 | AJ8: 2.4762938e-10 | AK8: 3.1522574e-10 | AL8: 2.4762938e-10 | AM8: 6.775e-11 | AN8: =AC8/AI8 -> 4.2251699e-10 | AO8: =(AN8-AM8)/AM8 -> 5.2364132 | AP8: 0.00018149428 | AQ8: 0.00023103748 | AR8: 0.00018149428 | AS8: 1816.4 | AT8: =AVERAGE(AU8,AS8) -> 1923.2 | AU8: 2030 | AV8: =$AC8/AP8 -> 3127.8556 | AW8: =$AC8/AQ8 -> 2457.1247 | AX8: =$AC8/AR8 -> 3127.8556 | AY8: 1.5131627e-07 | BA8: 1.9262166e-07 | BC8: 1.5131627e-07 | BD8: 66.9 | BE8: =BD8/O8 -> 2200657.9 | BF8: =$AC8/(AY8) -> 3751664.7 | BH8: =$AC8/(BA8) -> 2947165.4 | BI8: =$AC8/(BC8) -> 3751664.7 | BJ8: 3.8914297e-10
A9: RbF | C9: 1 | D9: 46 | E9: 46 | F9: 7.6940607e-26 | G9: 4.1903174e-29 | H9: 1836.1523 | I9: 1 | J9: 7.6898704e-26 | K9: 104.4662 | L9: 0.0025481161 | M9: 0.00095406192 | N9: 1048.15 | O9: 3.57e-05 | P9: 0.000349 | R9: 1.52e-10 | S9: 1.33e-10 | T9: 2.85e-10 | U9: 2926224.1 | V9: 1760.4 | W9: 0 | X9: 2.9262241e+09 | Y9: 0 | AS9: 1760.4 | BD9: 69.5 | BJ9: 4.9465257e-10
A10: CsF | C10: 1 | D10: 64 | E10: 64 | F10: 1.070478e-25 | G10: 5.8300068e-29 | H10: 1836.1523 | I10: 1 | J10: 1.069895e-25 | K10: 58.44 | L10: 0.0034453112 | M10: 0.001046956 | N10: 955.15 | O10: 4.57e-05 | P10: 0.000385 | R10: 1.67e-10 | S10: 1.33e-10 | T10: 3e-10 | U10: 2196977.2 | V10: 2732.9322 | W10: -0.915 | X10: 4.8985 | Y10: -0.000543 | AS10: 1858.97 | BD10: 74.1 | BJ10: 8.4358824e-10
A11: MgCl2 | B11: 0.8 | C11: 1 | D11: 29 | E11: 28 | F11: 4.8506035e-26 | G11: 2.550628e-29 | H11: 1969.648 | I11: 1.0357143 | J11: 4.8480529e-26 | K11: 95.211 | L11: 0.0021885965 | M11: 0.0010131712 | N11: 987 | O11: 5.6510276e-05 | P11: 0.00018 | R11: 7.2e-11 | S11: 1.81e-10 | T11: 2.53e-10 | U11: 1684844 | V11: 2101 | W11: 0 | X11: 1.9691 | Y11: -0.000288 | Z11: 1 | AA11: 2 | AB11: 3 | AC11: 0.462 | AD11: Yang, 2023 | AE11: 0.4108509 | AG11: 0.35221854 | AH11: 0.27030896 | AI11: 1.1407533e+09 | AJ11: 3.6015755e-10 | AK11: 3.0875962e-10 | AL11: 2.3695655e-10 | AM11: 6.325e-11 | AN11: =AC11/AI11 -> 4.0499555e-10 | AO11: =(AN11-AM11)/AM11 -> 5.4030917 | AP11: 0.00019555017 | AQ11: 0.00016764329 | AR11: 0.00012865729 | AS11: 2101 | AV11: =$AC11/AP11 -> 2362.5651 | AW11: =$AC11/AQ11 -> 2755.8515 | AX11: =$AC11/AR11 -> 3590.9354 | AY11: 2.5223033e-07 | BA11: 2.1623465e-07 | BC11: 1.6594857e-07 | BD11: 92.048 | BE11: =BD11/O11 -> 1628871.9 | BF11: =$AC11/(AY11) -> 1831659.2 | BH11: =$AC11/(BA11) -> 2136567.8 | BI11: =$AC11/(BC11) -> 2783995.1 | BJ11: 6.1827252e-10
A12: CaCl2 | B12: 2.5 | C12: 1 | D12: 37 | E12: 36 | F12: 6.188701e-26 | G12: 3.2793788e-29 | H12: 1939.5775 | I12: 1.0277778 | J12: 6.1854217e-26 | K12: 110.984 | L12: 0.0033595447 | M12: 0.0009569378 | N12: 1045 | O12: 5.3154148e-05 | P12: 0.000203 | R12: 1e-10 | S12: 1.81e-10 | T12: 2.81e-10 | U12: 2087965 | V12: 2065.03 | W12: 0 | X12: 2.53 | Y12: -0.000423 | AC12: 0.447825 | AD12: Gheribi 2014 | AE12: 0.49485612 | AG12: 0.44097489 | AH12: 0.36918244 | AI12: 1.3277968e+09 | AJ12: 3.7268965e-10 | AK12: 3.3211023e-10 | AL12: 2.7804137e-10 | AM12: 7.025e-11 | AN12: =AC12/AI12 -> 3.3726923e-10 | AO12: =(AN12-AM12)/AM12 -> 3.8009854 | AP12: 0.00023963629 | AQ12: 0.00021354406 | AR12: 0.00017877825 | AS12: 2065.03 | AV12: =$AC12/AP12 -> 1868.7696 | AW12: =$AC12/AQ12 -> 2097.1082 | AX12: =$AC12/AR12 -> 2504.9189 | AY12: 2.5653843e-07 | BA12: 2.2860586e-07 | BC12: 1.9138792e-07 | BD12: 102.533 | BE12: =BD12/O12 -> 1928974.6 | BF12: =$AC12/(AY12) -> 1745644.9 | BH12: =$AC12/(BA12) -> 1958939.3 | BI12: =$AC12/(BC12) -> 2339881.2 | BJ12: 7.7916752e-10
A13: SrCl2 | C13: 1 | D13: 55 | E13: 54 | F13: 9.1994204e-26 | G13: 4.9190682e-29 | H13: 1904.7876 | I13: 1.0185185 | J13: 9.1945014e-26 | K13: 158.526 | L13: 0.0037808819 | M13: 0.00087260035 | N13: 1146 | O13: 5.811897e-05 | P13: 0.000212 | R13: 1.18e-10 | S13: 1.81e-10 | T13: 2.99e-10 | U13: 2727612 | V13: 1873.13 | W13: 0 | X13: 3.39 | Y13: -0.000578 | Z13: 1 | AA13: 2 | AB13: 3 | AC13: 0.380772 | AD13: Gheribi 2014 | AE13: 0.39508285 | AG13: 0.48314181 | AH13: 0.39508285 | AI13: 1.123726e+09 | AJ13: 3.5158289e-10 | AK13: 4.2994626e-10 | AL13: 3.5158289e-10 | AM13: 7.475e-11 | AN13: =AC13/AI13 -> 3.3884772e-10 | AO13: =(AN13-AM13)/AM13 -> 3.5330798 | AP13: 0.00021092121 | AQ13: 0.00025793287 | AR13: 0.00021092121 | AS13: 1873.13 | AV13: =$AC13/AP13 -> 1805.2807 | AW13: =$AC13/AQ13 -> 1476.2445 | AX13: =$AC13/AR13 -> 1805.2807 | AY13: 2.1952016e-07 | BA13: 2.6844841e-07 | BC13: 2.1952016e-07 | BD13: 104.6 | BE13: =BD13/O13 -> 1799756.6 | BF13: =$AC13/(AY13) -> 1734565.1 | BH13: =$AC13/(BA13) -> 1418417.8 | BI13: =$AC13/(BC13) -> 1734565.1 | BJ13: 7.4001854e-10
A14: NaNO3 | B14: 0.3 | C14: 1 | D14: 26 | E14: 25 | F14: 4.3488169e-26 | G14: 2.2773464e-29 | H14: 1985.9823 | I14: 1.04 | J14: 4.3465396e-26 | K14: 84.99 | M14: 0.0017148247 | N14: 583.15 | O14: 4.467e-05 | P14: 0.000376 | R14: 1.02e-10 | S14: 2.31e-10 | T14: 3.33e-10 | U14: 1886915.5 | V14: 2490.4882 | W14: -1.155 | X14: 2.3339 | Y14: -0.0007665 | Z14: 2 | AA14: 3 | AB14: 5 | AC14: 0.5959356 | AS14: 1816.95 | BD14: 155.6
A15: KNO3 | B15: 0.2 | C15: 1 | D15: 34 | E15: 33 | F15: 5.6869145e-26 | G15: 3.0060972e-29 | H15: 1949.1203 | I15: 1.030303 | J15: 5.6839084e-26 | K15: 101.1 | M15: 0.0016389412 | N15: 610.15 | O15: 5.406e-05 | P15: 0.00039 | R15: 1.38e-10 | S15: 2.31e-10 | T15: 3.69e-10 | U15: 1870200.6 | V15: 2449.928 | W15: -1.12 | X15: 2.315 | Y15: -0.000729 | Z15: 2 | AA15: 3 | AB15: 5 | AC15: 0.145994 | AS15: 1766.56 | BD15: 141
A16: 0.66LiF-0.34BeF2 | C16: 2 | D16: 12.34 | E16: 11.34 | F16: =D16*1.6726219E-27 -> 2.0640154e-26 | G16: =E16*9.1093856E-31 -> 1.0330043e-29 | H16: =((F16*D16)/(G16*E16)) -> 2174.2671 | I16: =D16/E16 -> 1.0881834 | J16: =(F16)-(G16) -> 2.0629824e-26 | K16: 33.10314 | L16: =0.116*EXP(31200/(8.3144598*N16))/1000 -> 0.019398692 | M16: =N16^-1 -> 0.0013642565 | N16: 733 | O16: 1.6714174e-05 | P16: 0.00014095269 | U16: 1986063.4 | V16: 2547.6864 | Z16: 2 | AA16: 3 | AB16: =Z16+AA16 -> 5 | AC16: 0.98602842 | AE16: 0.9492601 | AF16: 1.264117 | AG16: 1.264117 | AH16: 0.9492601 | AI16: 6.1363755e+09 | AJ16: 1.5469394e-10 | AK16: 2.0600384e-10 | AL16: 1.5469394e-10 | AM16: 4.2509e-11 | AN16: =AC16/AI16 -> 1.606858e-10 | AO16: =(AN16-AM16)/AM16 -> 2.7800419 | AP16: 0.00027398876 | AQ16: 0.00036486716 | AR16: 0.00027398876 | AS16: =V16+W16*N16 -> 2547.6864 | AV16: =$AC16/AP16 -> 3598.7915 | AW16: =$AC16/AQ16 -> 2702.4313 | AX16: =$AC16/AR16 -> 3598.7915 | AY16: 1.9910997e-07 | AZ16: 2.6515209e-07 | BA16: 2.6515209e-07 | BB16: 0 | BC16: 1.9910997e-07 | BD16: 72.258 | BE16: =BD16/O16 -> 4323157.2 | BF16: =$AC16/(AY16) -> 4952180 | BH16: =$AC16/(BA16) -> 3718727.8 | BI16: =$AC16/(BC16) -> 4952180 | BJ16: =L16/(U16/1000*(V16+W16*N16)) -> 3.8338347e-09
A17: 0.465LiF-0.115NaF-0.42KF | C17: 3 | D17: 19.64 | E17: 19.64 | F17: =D17*1.6726219E-27 -> 3.2850294e-26 | G17: =E17*9.1093856E-31 -> 1.7890833e-29 | H17: =((F17*D17)/(G17*E17)) -> 1836.1523 | I17: =D17/E17 -> 1 | J17: =(F17)-(G17) -> 3.2832403e-26 | K17: 41.290995 | L17: =10^(0.213+-1200/N17+1350000/N17^2)/1000 -> 0.012003439 | M17: =N17^-1 -> 0.0013605442 | N17: 735 | O17: 1.9405588e-05 | P17: 0.00031252325 | U17: 2102415.4 | V17: 2012.4687 | Z17: 3 | AA17: 3 | AB17: =Z17+AA17 -> 6 | AC17: 0.78633288 | AE17: 1.0050631 | AF17: 0.84284466 | AG17: 0.84284466 | AH17: 0.60317663 | AI17: 3.2472993e+09 | AJ17: 3.0950738e-10 | AK17: 2.595525e-10 | AL17: 1.8574717e-10 | AM17: 4.3781313e-11 | AN17: =AC17/AI17 -> 2.421498e-10 | AO17: =(AN17-AM17)/AM17 -> 4.5308941 | AP17: 0.00042602763 | AQ17: 0.00035726624 | AR17: 0.00025567541 | AS17: =V17+W17*N17 -> 2012.4687 | AV17: =$AC17/AP17 -> 1845.7321 | AW17: =$AC17/AQ17 -> 2200.9717 | AX17: =$AC17/AR17 -> 3075.5124 | AY17: 2.5082216e-07 | AZ17: 2.1033915e-07 | BA17: 2.1033915e-07 | BB17: 0 | BC17: 1.5052793e-07 | BD17: 66.024 | BE17: =BD17/O17 -> 3402318.9 | BF17: =$AC17/(AY17) -> 3135021.6 | BH17: =$AC17/(BA17) -> 3738404.8 | BI17: =$AC17/(BC17) -> 5223833.8 | BJ17: =L17/(U17/1000*(V17+W17*N17)) -> 2.8369915e-09
A18: 0.6LiF-0.4NaF | C18: 2 | D18: 15.2 | E18: 15.2 | F18: =D18*1.6726219E-27 -> 2.5423853e-26 | G18: =E18*9.1093856E-31 -> 1.3846266e-29 | H18: =((F18*D18)/(G18*E18)) -> 1836.1523 | I18: =D18/E18 -> 1 | J18: =(F18)-(G18) -> 2.5410007e-26 | K18: 32.3586 | L18: =0.116*EXP(26800/(8.3144598*N18))/1000 -> 0.0039071252 | M18: =N18^-1 -> 0.0010911075 | N18: 916.5 | O18: 1.5885584e-05 | P18: 0.00027773489 | U18: 2014141.4 | V18: 2298.2284 | Z18: 2 | AA18: 2 | AB18: =Z18+AA18 -> 4 | AC18: 0.86544945 | AE18: 0.75516834 | AF18: 0.93676902 | AG18: 0.93676902 | AH18: 0.75516834 | AI18: 3.6393113e+09 | AJ18: 1.8261413e-10 | AK18: 2.4173582e-10 | AL18: 1.8261413e-10 | AM18: 4.417e-11 | AN18: =AC18/AI18 -> 2.3780583e-10 | AO18: =(AN18-AM18)/AM18 -> 4.3838766 | AP18: 0.00025520206 | AQ18: 0.00033782424 | AR18: 0.00025520206 | AS18: =V18+W18*N18 -> 2298.2284 | AV18: =$AC18/AP18 -> 3391.2322 | AW18: =$AC18/AQ18 -> 2561.8335 | AX18: =$AC18/AR18 -> 3391.2322 | AY18: 1.5851944e-07 | AZ18: 2.0984042e-07 | BA18: 2.0984042e-07 | BB18: 0 | BC18: 1.5851944e-07 | BD18: 66.6 | BE18: =BD18/O18 -> 4192480.6 | BF18: =$AC18/(AY18) -> 5459579.4 | BH18: =$AC18/(BA18) -> 4124321.9 | BI18: =$AC18/(BC18) -> 5459579.4 | BJ18: =L18/(U18/1000*(V18+W18*N18)) -> 8.4406168e-10
A19: 0.63NaCl-0.37UCl3 (ORNL) | C19: 2 | D19: 57.97 | E19: 57.23 | F19: =D19*1.6726219E-27 -> 9.6961892e-26 | G19: =E19*9.1093856E-31 -> 5.2133014e-29 | H19: =((F19*D19)/(G19*E19)) -> 1883.9432 | I19: =D19/E19 -> 1.0129303 | J19: =(F19)-(G19) -> 9.6909759e-26 | K19: 164.24072 | L19: =10^(-1.2675+1704/N19+0/N19^2)/1000 -> 0.0080532167 | M19: =N19^-1 -> 0.0012755102 | N19: 784 | O19: 4.6078431e-05 | P19: 0.00034092676 | U19: 2996639.7 | V19: 1451.7495 | Z19: 2 | AA19: 4 | AB19: =Z19+AA19 -> 6 | AC19: 0.23926258 | AE19: 0.34729589 | AF19: 0.30884033 | AG19: 0.30884033 | AH19: 0.27030115 | AI19: 9.744921e+08 | AJ19: 3.5638656e-10 | AK19: 3.1692441e-10 | AL19: 2.7737644e-10 | AM19: 5.934105e-11 | AN19: =AC19/AI19 -> 2.4552541e-10 | AO19: =(AN19-AM19)/AM19 -> 3.1375307 | AP19: 0.00023855675 | AQ19: 0.00021214171 | AR19: 0.00018566924 | AS19: =V19+W19*N19 -> 1451.7495 | AV19: =$AC19/AP19 -> 1002.9588 | AW19: =$AC19/AQ19 -> 1127.8432 | AX19: =$AC19/AR19 -> 1288.6495 | AY19: 1.610583e-07 | AZ19: 1.4322456e-07 | BA19: 1.4322456e-07 | BB19: 0 | BC19: 1.2535203e-07 | BD19: 99.3606 | BE19: =BD19/O19 -> 2156336.4 | BF19: =$AC19/(AY19) -> 1485565 | BH19: =$AC19/(BA19) -> 1670541.6 | BI19: =$AC19/(BC19) -> 1908725.2 | BJ19: =L19/(U19/1000*(V19+W19*N19)) -> 1.8511567e-09
A20: 0.658NaCl-0.342UCl3 (ANL) | C20: 2 | D20: 55.702 | E20: 55.018 | F20: =D20*1.6726219E-27 -> 9.3168385e-26 | G20: =E20*9.1093856E-31 -> 5.0118018e-29 | H20: =((F20*D20)/(G20*E20)) -> 1882.0912 | I20: =D20/E20 -> 1.0124323 | J20: =(F20)-(G20) -> 9.3118267e-26 | K20: 156.23418 | L20: =10^(-1.2179+1557/N20+0/N20^2)/1000 -> 0.0058623182 | M20: =N20^-1 -> 0.0012755102 | N20: 784 | O20: 4.5172249e-05 | P20: 0.00034144514 | U20: 2899543.9 | V20: 1470.4556 | Z20: 2 | AA20: 4 | AB20: =Z20+AA20 -> 6 | AC20: 0.27567442 | AE20: 0.36148346 | AF20: 0.32145694 | AG20: 0.32145694 | AH20: 0.28134337 | AI20: 1.0143016e+09 | AJ20: 3.5638656e-10 | AK20: 3.1692441e-10 | AL20: 2.7737644e-10 | AM20: 5.9682538e-11 | AN20: =AC20/AI20 -> 2.7178743e-10 | AO20: =(AN20-AM20)/AM20 -> 3.5538852 | AP20: 0.00024510155 | AQ20: 0.00021796182 | AR20: 0.00019076308 | AS20: =V20+W20*N20 -> 1470.4556 | AV20: =$AC20/AP20 -> 1124.7355 | AW20: =$AC20/AQ20 -> 1264.7831 | AX20: =$AC20/AR20 -> 1445.1142 | AY20: 1.6814981e-07 | AZ20: 1.4953083e-07 | BA20: 1.4953083e-07 | BB20: 0 | BC20: 1.3087136e-07 | BD20: 97.10996 | BE20: =BD20/O20 -> 2149770.3 | BF20: =$AC20/(AY20) -> 1639457.3 | BH20: =$AC20/(BA20) -> 1843595.9 | BI20: =$AC20/(BC20) -> 2106453.4 | BJ20: =L20/(U20/1000*(V20+W20*N20)) -> 1.3749528e-09
A21: H2O | B21: 0.01 | C21: 1 | D21: 10 | E21: 10 | F21: =D21*1.6726219E-27 -> 1.6726219e-26 | G21: =E21*9.1093856E-31 -> 9.1093856e-30 | H21: =((F21*D21)/(G21*E21)) -> 1836.1523 | I21: =D21/E21 -> 1 | J21: =(F21)-(G21) -> 1.671711e-26 | K21: 18.015 | L21: 0.001793 | M21: =N21^-1 -> 0.0036609921 | N21: 273.15 | O21: 1.802e-05 | P21: 5.1e-05 | T21: 3.1e-10 | U21: 999840 | V21: 1403 | W21: 0 | X21: 999840 | Y21: 0 | AC21: 0.561 | AE21: =$AI$21*AJ21 -> 0.5339358 | AF21: 0.55623382 | AG21: =$AI$21*AK21 -> 0.55623382 | AH21: =$AI$21*AL21 -> 0.5339358 | AI21: =1/3*BE21*V21 -> 1.9563104e+09 | AJ21: 2.7293e-10 | AK21: 2.84328e-10 | AL21: 2.7293e-10 | AM21: =T21 -> 3.1e-10 | AN21: =AC21/(1/3*BE21*V21) -> 2.8676431e-10 | AO21: =(AN21-AM21)/AM21 -> -0.07495384 | AP21: =AE21/AS21 -> 0.00038056721 | AQ21: =AG21/AS21 -> 0.00039646032 | AR21: =AH21/AS21 -> 0.00038056721 | AS21: =V21+W21*N21 -> 1403 | AV21: =$AC21/AP21 -> 1474.1154 | AW21: =$AC21/AQ21 -> 1415.0218 | AX21: =$AC21/AR21 -> 1474.1154 | AY21: 1.2764026e-07 | AZ21: 1.3297073e-07 | BA21: 1.3297073e-07 | BB21: 0 | BC21: 1.2764026e-07 | BD21: 75.38 | BE21: =BD21/O21 -> 4183129.9 | BF21: =$AC21/(AY21) -> 4395164.9 | BH21: =$AC21/(BA21) -> 4218973.7 | BI21: =$AC21/(BC21) -> 4395164.9 | BJ21: =L21/(U21/1000*(V21+W21*N21)) -> 1.2781803e-09
AY23: =1/3*AS4*0.0000000004 -> 2.3249067e-07 | AZ23: =1/3*AT4*0.0000000004 -> 2.6957867e-07 | BG23: =$AC4/($AZ23) -> 1769630.5 | BH23: =$AC4/($AY23) -> 2051930.2
AM24: 0 | AY24: =1/3*AS3*0.000000000375 -> 2.5529968e-07 | AZ24: =1/3*AT3*0.000000000375 -> 4.2577484e-07 | BG24: =$AC3/($AZ24) -> 1460197.6 | BH24: =$AC3/($AY24) -> 2435237.6
AM25: 250 | AY25: =1/3*AS5*0.00000000045 -> 2.395776e-07 | AZ25: =1/3*AT5*0.00000000045 -> 2.720388e-07 | BG25: =$AC5/($AZ25) -> 1343915.6 | BH25: =$AC5/($AY25) -> 1526007.4
AY26: =1/3*AS6*0.00000000028 -> 2.3779467e-07 | AZ26: =1/3*AT6*0.00000000028 -> 3.4149733e-07 | BG26: =$AC6/($AZ26) -> 3713748.1 | BH26: =$AC6/($AY26) -> 5333320
AW29: 3200
AW30: 4770
G31: LiCl | H31: 5.6672852 | AW31: 2030
G32: NaCl | H32: 3.6125286
G33: KCl | H33: 2.160308
AI70: 1.0817179e+09

Sheet MFP-PDF_Avg
CJ1: e_0 | CK1: 1.6021766e-19
A2: vs | AS2: Salt | AT2: Metal | AU2: Avg | AV2: Avg | AW2: Salt | AX2: Metal | AY2: Salt | AZ2: Metal | BA2: Avg | BE2: Salt | BF2: Metal | BG2: Avg | BJ2: Salt | BK2: Avg | BL2: Metal | BR2: Salt | BS2: Metal | BT2: Avg | BU2: Avg | BV2: Salt | BW2: Metal | BX2: Salt | BY2: Metal | BZ2: Avg | CA2: Avg | CB2: Salt | CC2: Metal | CJ2: eps_0 | CK2: 8.8541878e-12
A3: peak | B3: Cond/ | C3: MetalCond | AS3: Avg | AT3: Avg | AU3: Avg | AV3: Metal | AW3: Metal | AX3: Metal | BB3: Avg | BC3: Metal | BH3: Avg | BI3: Metal | BN3: Avg | BO3: Metal | BQ3: volumetric | BR3: Avg | BS3: Avg | BT3: Avg | BU3: Metal | BV3: Metal | BW3: Metal | BX3: Avg | BY3: Avg | BZ3: Avg | CA3: Metal | CB3: Metal | CC3: Metal | CM3: Peak | CP3: Interaction Potential | CS3: Ratios | CV3: Coulomb Interaction Energy | CY3: Ratios
A4: Compound | B4: S/cm | C4: S/m | D4: Ref | E4: order | F4: protons | G4: electrons | H4: Mp/molecule | I4: Me/molecule | J4: ratio of Mpe*# | K4: ratio | L4: Dif mass | M4: M_i (g/mol) | N4: Visc (N*s/m^2) | O4: T_i_m (K) inverse | P4: T_i_m (K) | Q4: V_i_m (m^3/mol) | R4: alpha_i_m (K^-1) | T4: r_c (m) | U4: r_a (m) | V4: sum_radii | W4: dif_radii | X4: rho_m (g/m^3) | Y4: SoS(T)_A (A+B*T) | Z4: SoS(T)_B | AA4: A (Density (g/cm3): A - BT(K)) | AB4: B (Density (g/cm3): A - BT(K)) | AC4: #_cations | AD4: #_anions | AE4: sum_ions | AF4: Z_cat | AG4: Z_an | AH4: λ_metal | AI4: λ_WFmetal | AJ4: λ_WFsalt | AK4: λ_meas | AL4: Ref | AM4: 1st peak | AN4: wFast Sound | AO4: NewAvg | AP4: MFP_avged | AQ4: MFP_first_peak | AR4: C_p_back_calc | AS4: 1/3*Cp*vs*MFP | AY4: 1/3*Cp*vs | BB4: MFP | BD4: r_sum | BE4: MFP_calc | BH4: 1/3*Cp*MFP | BJ4: SoS_Tm | BM4: ref | BN4: vs_calc | BP4: C_ip (J/mol/K) | BQ4: C_ip (J/m3/K) | BR4: 1/3*vs*MFP | BX4: Cp_calc | CD4: Visc/(Dens*C0) | CF4: Mass Cat | CG4: Mass An | CH4: Unit mass | CJ4: Ratio Cat/unit | CK4: n (# density) | CL4: Debye Length | CM4: Cat-An | CN4: Cat-Cat | CO4: An-An | CP4: Cat-An | CQ4: Cat-Cat | CR4: An-An | CS4: ++/-- | CT4: ++/+- | CU4: --/+- | CV4: Cat-An | CW4: Cat-Cat | CX4: An-An | CY4: ++/-- | CZ4: ++/+- | DA4: --/+-
A5: LiCl | B5: 3300 | C5: =$B$35*P5+$B$37 -> 2912006.1 | D5: Ho 1972 | E5: 1 | F5: 20 | G5: 20 | H5: 3.3452438e-26 | I5: 1.8218771e-29 | J5: 1836.1523 | K5: 1 | L5: 3.3434219e-26 | M5: 42.394 | N5: 0.0015609789 | O5: 0.0011388225 | P5: 878.1 | Q5: 2.8281521e-05 | R5: 0.000288 | T5: 7.6e-11 | U5: 1.81e-10 | V5: 2.57e-10 | W5: =U5-T5 -> 1.05e-10 | X5: 1499000 | Y5: 2787.9043 | Z5: -0.849 | AA5: 1.8842 | AB5: -0.0004328 | AC5: 1 | AD5: 1 | AE5: 2 | AF5: 1 | AG5: -1 | AH5: =56.4 -> 56.4 | AI5: =0.0000000244*P5*C5 -> 62.391594 | AJ5: =0.0000000244*P5*B5 -> 0.070704612 | AK5: 0.62171538 | AM5: =AO5/AP5*AQ5 -> 0.37979746 | AN5: 0.78670724 | AO5: 0.46741266 | AP5: 2.9271365e-10 | AQ5: 2.378453e-10 | AR5: =AK5/(1/3*BL5*AP5) -> 1820546.8 | AS5: 0.48162169 | AT5: =AS5/BJ5*BL5 -> 0.82534176 | AU5: =AS5/BJ5*BK5 -> 0.65348173 | AV5: =AS5/(BJ5*BB5)*BK5*BC5 -> 0.76015225 | AW5: =AS5/BB5*BC5 -> 0.56023879 | AX5: =AS5/(BB5*BJ5)*BC5*BL5 -> 0.96006571 | AY5: 1.5968256e+09 | AZ5: =AY5/BJ5*BL5 -> 2.7364359e+09 | BA5: =AY5/BJ5*BK5 -> 2.1666308e+09 | BB5: 3.0056447e-10 | BC5: 3.4962686e-10 | BD5: 6.425e-11 | BE5: =$AK$5/AY5 -> 3.8934457e-10 | BF5: =$AK$5/AZ5 -> 2.2719896e-10 | BG5: =$AK$5/BA5 -> 2.8695032e-10 | BH5: 0.00023080211 | BI5: =BH5/BB5*BC5 -> 0.00026847689 | BJ5: =Y5+Z5*P5 -> 2042.3974 | BK5: =AVERAGE(BJ5,BL5) -> 2771.1987 | BL5: 3500 | BN5: =$AK5/BH5 -> 2693.7163 | BO5: =$AK5/BI5 -> 2315.7129 | BP5: 65.02 | BQ5: =BP5/Q5 -> 2299027.7 | BR5: 2.0876175e-07 | BS5: =1/3*BL5*BB5 -> 3.5065855e-07 | BT5: =1/3*BK5*BB5 -> 2.776413e-07 | BU5: =1/3*BK5*BC5 -> 3.2296183e-07 | BV5: =1/3*BJ5*BC5 -> 2.3802567e-07 | BW5: =1/3*BL5*BC5 -> 4.07898e-07 | BX5: =$AK5/(BR5) -> 2978109.6 | BY5: =$AK5/(BS5) -> 1772993.6 | BZ5: =$AK5/(BT5) -> 2239275.6 | CA5: =$AK5/(BU5) -> 1925042.9 | CB5: =$AK5/(BV5) -> 2611967.8 | CC5: =$AK5/(BW5) -> 1524193.3 | CD5: =1/CE5 -> 1.9613038e+09 | CE5: 5.0986493e-10 | CF5: 6.94 | CG5: 35.45 | CH5: =SUM(CF5:CG5) -> 42.39 | CJ5: =CF5/CH5 -> 0.16371786 | CK5: =(6.02214E+23)/Q5 -> 2.1293551e+28 | CL5: =SQRT(($CK$2*1.380649E-23*P5)/(CK5*($CK$1)^2)) -> 1.4013724e-11 | CM5: 2.378453e-10 | CN5: 3.4962686e-10 | CO5: 3.6005433e-10 | CP5: =($AF5*$AG5*$CK$1^2)/(4*PI()*$CK$2*CM5)*EXP(-CM5/$CL5) -> -4.1284432e-26 | CQ5: =($AF5*$AF5*$CK$1^2)/(4*PI()*$CK$2*CN5)*EXP(-CN5/$CL5) -> 9.6447827e-30 | CR5: =($AG5*$AG5*$CK$1^2)/(4*PI()*$CK$2*CO5)*EXP(-CO5/$CL5) -> 4.4501516e-30 | CS5: =CQ5/CR5 -> 2.1672931 | CT5: =CQ5/CP5 -> -0.00023361791 | CU5: =CR5/CP5 -> -0.00010779249 | CV5: =($AF5*$AG5*$CK$1^2)/(4*PI()*$CK$2*CM5^2) -> -4.0782425e-09 | CW5: =($AF5*$AF5*$CK$1^2)/(4*PI()*$CK$2*CN5^2) -> 1.8873507e-09 | CX5: =($AG5*$AG5*$CK$1^2)/(4*PI()*$CK$2*CO5^2) -> 1.7796151e-09 | CY5: =CW5/CX5 -> 1.0605387 | CZ5: =CW5/CV5 -> -0.46278531 | DA5: =CX5/CV5 -> -0.43636815
A6: NaCl | B6: 2000 | C6: =$G$35*P5+$G$37 -> 4588166.1 | D6: Ho 1973 | E6: 1 | F6: 28 | G6: 28 | H6: =F6*1.6726219E-27 -> 4.6833413e-26 | I6: =G6*9.1093856E-31 -> 2.550628e-29 | J6: =((H6*F6)/(I6*G6)) -> 1836.1523 | K6: =F6/G6 -> 1 | L6: =(H6)-(I6) -> 4.6807907e-26 | M6: 58.44 | N6: =0.0893*EXP(22000/(8.3144598*P6))/1000 -> 0.0010321391 | O6: =P6^-1 -> 0.00092494104 | P6: 1081.15 | Q6: 3.765e-05 | R6: 0.00035 | T6: 1.02e-10 | U6: 1.81e-10 | V6: =U6+T6 -> 2.83e-10 | W6: =U6-T6 -> 7.9e-11 | X6: 1560000 | Y6: 2732.9322 | Z6: -0.915 | AA6: 2.1393 | AB6: -0.000543 | AC6: 1 | AD6: 1 | AE6: =AC6+AD6 -> 2 | AF6: 1 | AG6: -1 | AH6: 55.3 | AI6: =0.0000000244*P6*C6 -> 121.0361 | AJ6: =0.0000000244*P6*B6 -> 0.05276012 | AK6: 0.47705462 | AM6: =AO6/AP6*AQ6 -> 0.29184446 | AN6: 0.53084165 | AO6: 0.34614447 | AP6: 3.1580623e-10 | AQ6: 2.6626541e-10 | AR6: =AK6/(1/3*BL6*AP6) -> 1666095 | AS6: 0.36608849 | AT6: =AS6/BJ6*BL6 -> 0.57106849 | AU6: =AS6/BJ6*BK6 -> 0.46857849 | AV6: =AS6/(BJ6*BB6)*BK6*BC6 -> 0.55353739 | AW6: =AS6/BB6*BC6 -> 0.43246472 | AX6: =AS6/(BB6*BJ6)*BC6*BL6 -> 0.67461005 | AY6: 1.096066e+09 | AZ6: =AY6/BJ6*BL6 -> 1.7097744e+09 | BA6: =AY6/BJ6*BK6 -> 1.4029202e+09 | BB6: 3.3400224e-10 | BC6: 3.9456084e-10 | BD6: 7.075e-11 | BE6: =AK6/AY6 -> 4.3524261e-10 | BF6: =$AK$5/AZ6 -> 3.6362421e-10 | BG6: =$AK$5/BA6 -> 4.4315805e-10 | BH6: 0.00020640716 | BI6: =BH6/BB6*BC6 -> 0.00024383126 | BJ6: =Y6+Z6*P6 -> 1743.68 | BK6: =AVERAGE(BJ6,BL6) -> 2231.84 | BL6: 2720 | BM6: Demmel 2004 | BN6: =$AK6/BH6 -> 2311.2309 | BO6: =$AK6/BI6 -> 1956.4949 | BP6: 69.62 | BQ6: =BP6/Q6 -> 1849136.8 | BR6: 1.9797805e-07 | BS6: =1/3*BL6*BB6 -> 3.028287e-07 | BT6: =1/3*BK6*BB6 -> 2.4847985e-07 | BU6: =1/3*BK6*BC6 -> 2.9353223e-07 | BV6: =1/3*BJ6*BC6 -> 2.2932928e-07 | BW6: =1/3*BL6*BC6 -> 3.5773517e-07 | BX6: =$AK6/(BR6) -> 2409633.9 | BY6: =$AK6/(BS6) -> 1575328.3 | BZ6: =$AK6/(BT6) -> 1919892.6 | CA6: =$AK6/(BU6) -> 1625220.6 | CB6: =$AK6/(BV6) -> 2080216.7 | CC6: =$AK6/(BW6) -> 1333541.3 | CD6: =1/CE6 -> 2.6354401e+09 | CE6: =N6/(X6/1000*(Y6+Z6*P6)) -> 3.7944326e-10 | CF6: 22.99 | CG6: 35.45 | CH6: =SUM(CF6:CG6) -> 58.44 | CJ6: =CF6/CH6 -> 0.39339493 | CK6: =(6.02214E+23)/Q6 -> 1.599506e+28 | CL6: =SQRT(($CK$2*1.380649E-23*P6)/(CK6*($CK$1)^2)) -> 1.7941373e-11 | CM6: 2.6626541e-10 | CN6: 3.9456084e-10 | CO6: 3.9212538e-10 | CP6: =($AF6*$AG6*$CK$1^2)/(4*PI()*$CK$2*CM6)*EXP(-CM6/$CL6) -> -3.1077324e-25 | CQ6: =($AF6*$AF6*$CK$1^2)/(4*PI()*$CK$2*CN6)*EXP(-CN6/$CL6) -> 1.644693e-28 | CR6: =($AG6*$AG6*$CK$1^2)/(4*PI()*$CK$2*CO6)*EXP(-CO6/$CL6) -> 1.8955166e-28 | CS6: =CQ6/CR6 -> 0.86767532 | CT6: =CQ6/CP6 -> -0.00052922607 | CU6: =CR6/CP6 -> -0.00060993561 | CV6: =($AF6*$AG6*$CK$1^2)/(4*PI()*$CK$2*CM6^2) -> -3.2541134e-09 | CW6: =($AF6*$AF6*$CK$1^2)/(4*PI()*$CK$2*CN6^2) -> 1.4819522e-09 | CX6: =($AG6*$AG6*$CK$1^2)/(4*PI()*$CK$2*CO6^2) -> 1.500418e-09 | CY6: =CW6/CX6 -> 0.98769289 | CZ6: =CW6/CV6 -> -0.45540891 | DA6: =CX6/CV6 -> -0.46108352
A7: KCl | B7: 1300 | C7: =$K$35*P7+$K$37 -> 2436836.8 | D7: Ho 1974 | E7: 1 | F7: 36 | G7: 36 | H7: 6.0214388e-26 | I7: 3.2793788e-29 | J7: 1836.1523 | K7: 1 | L7: 6.0181595e-26 | M7: 74.5513 | N7: 0.0011078669 | O7: 0.00095680046 | P7: 1045.15 | Q7: 4.884e-05 | R7: 0.000382 | T7: 1.38e-10 | U7: 1.81e-10 | V7: 3.19e-10 | W7: =U7-T7 -> 4.3e-11 | X7: 1530000 | Y7: 2514.8257 | Z7: -0.878 | AA7: 2.1359 | AB7: -0.0005831 | AC7: 1 | AD7: 1 | AE7: 2 | AF7: 1 | AG7: -1 | AH7: 29.4 | AI7: =0.0000000244*P7*C7 -> 62.143385 | AJ7: =0.0000000244*P7*B7 -> 0.033152158 | AK7: 0.36559719 | AM7: =AO7/AP7*AQ7 -> 0.2453363 | AN7: 0.41602861 | AO7: 0.2878106 | AP7: 3.5060206e-10 | AQ7: 2.9886116e-10 | AR7: =AK7/(1/3*BL7*AP7) -> 1325554.7 | AS7: 0.29693778 | AT7: =AS7/BJ7*BL7 -> 0.43875543 | AU7: =AS7/BJ7*BK7 -> 0.3678466 | AV7: =AS7/(BJ7*BB7)*BK7*BC7 -> 0.4552765 | AW7: =AS7/BB7*BC7 -> 0.36751404 | AX7: =AS7/(BB7*BJ7)*BC7*BL7 -> 0.54303896 | AY7: 8.2090391e+08 | AZ7: =AY7/BJ7*BL7 -> 1.2129681e+09 | BA7: =AY7/BJ7*BK7 -> 1.016936e+09 | BB7: 3.6182029e-10 | BC7: 4.4781785e-10 | BD7: 7.975e-11 | BE7: =AK7/AY7 -> 4.453593e-10 | BF7: =$AK$5/AZ7 -> 5.1255708e-10 | BG7: =$AK$5/BA7 -> 6.1136137e-10 | BH7: 0.00018192386 | BI7: =BH7/BB7*BC7 -> 0.00022516358 | BJ7: =Y7+Z7*P7 -> 1597.184 | BK7: =AVERAGE(BJ7,BL7) -> 1978.592 | BL7: 2360 | BM7: Demmel 2008 | BN7: =$AK7/BH7 -> 2009.6166 | BO7: =$AK7/BI7 -> 1623.696 | BP7: 73.6 | BQ7: =BP7/Q7 -> 1506961.5 | BR7: 1.970984e-07 | BS7: =1/3*BL7*BB7 -> 2.8463196e-07 | BT7: =1/3*BK7*BB7 -> 2.3863158e-07 | BU7: =1/3*BK7*BC7 -> 2.9534961e-07 | BV7: =1/3*BJ7*BC7 -> 2.3841584e-07 | BW7: =1/3*BL7*BC7 -> 3.5228338e-07 | BX7: =$AK7/(BR7) -> 1854896.9 | BY7: =$AK7/(BS7) -> 1284455.9 | BZ7: =$AK7/(BT7) -> 1532057 | CA7: =$AK7/(BU7) -> 1237845.5 | CB7: =$AK7/(BV7) -> 1533443.4 | CC7: =$AK7/(BW7) -> 1037792.9 | CD7: =1/CE7 -> 2.2057627e+09 | CE7: 4.5335792e-10 | CF7: 39.1 | CG7: 35.45 | CH7: =SUM(CF7:CG7) -> 74.55 | CJ7: =CF7/CH7 -> 0.52448021 | CK7: =(6.02214E+23)/Q7 -> 1.2330344e+28 | CL7: =SQRT(($CK$2*1.380649E-23*P7)/(CK7*($CK$1)^2)) -> 2.0091268e-11 | CM7: 2.9886116e-10 | CN7: 4.4781785e-10 | CO7: 4.5057108e-10 | CP7: =($AF7*$AG7*$CK$1^2)/(4*PI()*$CK$2*CM7)*EXP(-CM7/$CL7) -> -2.6753792e-25 | CQ7: =($AF7*$AF7*$CK$1^2)/(4*PI()*$CK$2*CN7)*EXP(-CN7/$CL7) -> 1.0762012e-28 | CR7: =($AG7*$AG7*$CK$1^2)/(4*PI()*$CK$2*CO7)*EXP(-CO7/$CL7) -> 9.3264753e-29 | CS7: =CQ7/CR7 -> 1.1539206 | CT7: =CQ7/CP7 -> -0.00040226118 | CU7: =CR7/CP7 -> -0.00034860387 | CV7: =($AF7*$AG7*$CK$1^2)/(4*PI()*$CK$2*CM7^2) -> -2.5829929e-09 | CW7: =($AF7*$AF7*$CK$1^2)/(4*PI()*$CK$2*CN7^2) -> 1.1504278e-09 | CX7: =($AG7*$AG7*$CK$1^2)/(4*PI()*$CK$2*CO7^2) -> 1.1364113e-09 | CY7: =CW7/CX7 -> 1.012334 | CZ7: =CW7/CV7 -> -0.44538559 | DA7: =CX7/CV7 -> -0.43995913
A8: LiF | B8: 150 | C8: =$B$35*P8+$B$37 -> 2554019.6 | D8: Ho 1975 | E8: 1 | F8: 12 | G8: 12 | H8: 2.0071463e-26 | I8: 1.0931263e-29 | J8: 1836.1523 | K8: 1 | L8: 2.0060532e-26 | M8: 25.939 | N8: 0.0020988673 | O8: 0.00089433439 | P8: 1118.15 | Q8: 1.42e-05 | R8: 0.000268 | T8: 7.6e-11 | U8: 1.33e-10 | V8: 2.09e-10 | W8: =U8-T8 -> 5.7e-11 | X8: 1810000 | Y8: 2547.8 | Z8: 0 | AA8: 2.3581 | AB8: -0.0004902 | AC8: 1 | AD8: 1 | AE8: 2 | AF8: 1 | AG8: -1 | AH8: 62.5 | AI8: =0.0000000244*P8*C8 -> 69.680958 | AJ8: =0.0000000244*P8*B8 -> 0.004092429 | AK8: 1.2682351 | AM8: =AO8/AP8*AQ8 -> 0.72198244 | AN8: 1.2298771 | AO8: 0.90368251 | AP8: 2.3551445e-10 | AQ8: 1.8816044e-10 | AR8: =AK8/0.0000002747668609 -> 4615676.9 | AS8: 0.90535258 | AT8: =AS8/BJ8*BL8 -> 1.2437138 | AU8: =AS8/BJ8*BK8 -> 1.0745332 | AV8: =AS8/(BJ8*BB8)*BK8*BC8 -> 1.2835319 | AW8: =AS8/BB8*BC8 -> 1.0814453 | AX8: =AS8/(BB8*BJ8)*BC8*BL8 -> 1.4856184 | AY8: 3.8370576e+09 | AZ8: =AY8/BJ8*BL8 -> 5.2710972e+09 | BA8: =AY8/BJ8*BK8 -> 4.5540774e+09 | BB8: 2.3591537e-10 | BC8: 2.8180134e-10 | BD8: 5.225e-11 | BE8: =AK8/AY8 -> 3.3052281e-10 | BF8: =$AK$5/AZ8 -> 1.17948e-10 | BG8: =$AK$5/BA8 -> 1.3651841e-10 | BH8: 0.00035199165 | BI8: =BH8/BB8*BC8 -> 0.00042045467 | BJ8: =Y8+Z8*P8 -> 2547.8 | BK8: =AVERAGE(BJ8,BL8) -> 3023.9 | BL8: 3500 | BN8: =$AK8/BH8 -> 3603.026 | BO8: =$AK8/BI8 -> 3016.342 | BP8: 64.2 | BQ8: =BP8/Q8 -> 4521126.8 | BR8: 2.0022019e-07 | BS8: =1/3*BL8*BB8 -> 2.752346e-07 | BT8: =1/3*BK8*BB8 -> 2.3779483e-07 | BU8: =1/3*BK8*BC8 -> 2.8404636e-07 | BV8: =1/3*BJ8*BC8 -> 2.3932449e-07 | BW8: =1/3*BL8*BC8 -> 3.2876823e-07 | BX8: =$AK8/(BR8) -> 6334201.7 | BY8: =$AK8/(BS8) -> 4607833 | BZ8: =$AK8/(BT8) -> 5333316.4 | CA8: =$AK8/(BU8) -> 4464887.5 | CB8: =$AK8/(BV8) -> 5299228.1 | CC8: =$AK8/(BW8) -> 3857535.3 | CD8: =1/CE8 -> 2.197146e+09 | CE8: 4.5513588e-10 | CF8: 6.94 | CG8: 19 | CH8: =SUM(CF8:CG8) -> 25.94 | CJ8: =CF8/CH8 -> 0.26754048 | CK8: =(6.02214E+23)/Q8 -> 4.2409437e+28 | CL8: =SQRT(($CK$2*1.380649E-23*P8)/(CK8*($CK$1)^2)) -> 1.1205324e-11 | CM8: 1.8816044e-10 | CN8: 2.8180134e-10 | CO8: 2.8224575e-10 | CP8: =($AF8*$AG8*$CK$1^2)/(4*PI()*$CK$2*CM8)*EXP(-CM8/$CL8) -> -6.2493647e-26 | CQ8: =($AF8*$AF8*$CK$1^2)/(4*PI()*$CK$2*CN8)*EXP(-CN8/$CL8) -> 9.7971356e-30 | CR8: =($AG8*$AG8*$CK$1^2)/(4*PI()*$CK$2*CO8)*EXP(-CO8/$CL8) -> 9.4013537e-30 | CS8: =CQ8/CR8 -> 1.0420984 | CT8: =CQ8/CP8 -> -0.0001567701 | CU8: =CR8/CP8 -> -0.00015043695 | CV8: =($AF8*$AG8*$CK$1^2)/(4*PI()*$CK$2*CM8^2) -> -6.516367e-09 | CW8: =($AF8*$AF8*$CK$1^2)/(4*PI()*$CK$2*CN8^2) -> 2.9052001e-09 | CX8: =($AG8*$AG8*$CK$1^2)/(4*PI()*$CK$2*CO8^2) -> 2.8960586e-09 | CY8: =CW8/CX8 -> 1.0031566 | CZ8: =CW8/CV8 -> -0.44583127 | DA8: =CX8/CV8 -> -0.44442841
A9: NaF | B9: 300 | C9: =$G$35*P8+$G$37 -> 3363565.4 | D9: Ho 1976 | E9: 1 | F9: 20 | G9: 20 | H9: =F9*1.6726219E-27 -> 3.3452438e-26 | I9: =G9*9.1093856E-31 -> 1.8218771e-29 | J9: =((H9*F9)/(I9*G9)) -> 1836.1523 | K9: =F9/G9 -> 1 | L9: =(H9)-(I9) -> 3.3434219e-26 | M9: 41.988 | N9: =0.12*EXP(26500/(8.3144598*P9))/1000 -> 0.0014814456 | O9: =P9^-1 -> 0.00078855025 | P9: 1268.15 | Q9: 2.16e-05 | R9: 0.000288 | T9: 1.02e-10 | U9: 1.33e-10 | V9: =U9+T9 -> 2.35e-10 | W9: =U9-T9 -> 3.1e-11 | X9: 1950000 | Y9: 2085.5 | Z9: 0 | AA9: 2.755 | AB9: -0.000636 | AC9: 1 | AD9: 1 | AE9: =AC9+AD9 -> 2 | AF9: 1 | AG9: -1 | AH9: 47.6 | AI9: =0.0000000244*P9*C9 -> 104.07833 | AJ9: =0.0000000244*P9*B9 -> 0.009282858 | AK9: 0.905478 | AL9: Gheribi 2014 | AM9: =AO9/AP9*AQ9 -> 0.49067524 | AN9: 0.78264085 | AO9: 0.59812176 | AP9: 2.6496648e-10 | AQ9: 2.1736793e-10 | AR9: =AK9/(1/3*BL9*AP9) -> 3769114.4 | AS9: 0.61286743 | AT9: =AS9/BJ9*BL9 -> 0.79932841 | AU9: =AS9/BJ9*BK9 -> 0.70609792 | AV9: =AS9/(BJ9*BB9)*BK9*BC9 -> 0.84980152 | AW9: =AS9/BB9*BC9 -> 0.73759695 | AX9: =AS9/(BB9*BJ9)*BC9*BL9 -> 0.96200609 | AY9: 2.2606416e+09 | AZ9: =AY9/BJ9*BL9 -> 2.9484273e+09 | BA9: =AY9/BJ9*BK9 -> 2.6045345e+09 | BB9: 2.7110331e-10 | BC9: 3.262777e-10 | BD9: 5.875e-11 | BE9: =AK9/AY9 -> 4.0054027e-10 | BF9: =$AK$5/AZ9 -> 2.1086339e-10 | BG9: =$AK$5/BA9 -> 2.3870499e-10 | BH9: 0.00029457756 | BI9: =BH9/BB9*BC9 -> 0.00035452938 | BJ9: =Y9+Z9*P9 -> 2085.5 | BK9: =AVERAGE(BJ9,BL9) -> 2402.75 | BL9: 2720 | BM9: Demmel 2004 | BN9: =$AK9/BH9 -> 3073.8187 | BO9: =$AK9/BI9 -> 2554.0281 | BP9: 70.2 | BQ9: =BP9/Q9 -> 3250000 | BR9: 1.8800979e-07 | BS9: =1/3*BL9*BB9 -> 2.4580034e-07 | BT9: =1/3*BK9*BB9 -> 2.1713116e-07 | BU9: =1/3*BK9*BC9 -> 2.6132125e-07 | BV9: =1/3*BJ9*BC9 -> 2.2681738e-07 | BW9: =1/3*BL9*BC9 -> 2.9582512e-07 | BX9: =$AK9/(BR9) -> 4816121.6 | BY9: =$AK9/(BS9) -> 3683794.8 | BZ9: =$AK9/(BT9) -> 4170189.1 | CA9: =$AK9/(BU9) -> 3464999.5 | CB9: =$AK9/(BV9) -> 3992101.4 | CC9: =$AK9/(BW9) -> 3060855.7 | CD9: =1/CE9 -> 2.7451058e+09 | CE9: =N9/(X9/1000*(Y9+Z9*P9)) -> 3.6428469e-10 | CF9: 22.99 | CG9: 19 | CH9: =SUM(CF9:CG9) -> 41.99 | CJ9: =CF9/CH9 -> 0.54751131 | CK9: =(6.02214E+23)/Q9 -> 2.7880278e+28 | CL9: =SQRT(($CK$2*1.380649E-23*P9)/(CK9*($CK$1)^2)) -> 1.4717783e-11 | CM9: 2.1736793e-10 | CN9: 3.262777e-10 | CO9: 3.2789953e-10 | CP9: =($AF9*$AG9*$CK$1^2)/(4*PI()*$CK$2*CM9)*EXP(-CM9/$CL9) -> -4.0901757e-25 | CQ9: =($AF9*$AF9*$CK$1^2)/(4*PI()*$CK$2*CN9)*EXP(-CN9/$CL9) -> 1.665807e-28 | CR9: =($AG9*$AG9*$CK$1^2)/(4*PI()*$CK$2*CO9)*EXP(-CO9/$CL9) -> 1.4846162e-28 | CS9: =CQ9/CR9 -> 1.1220455 | CT9: =CQ9/CP9 -> -0.00040727027 | CU9: =CR9/CP9 -> -0.00036297125 | CV9: =($AF9*$AG9*$CK$1^2)/(4*PI()*$CK$2*CM9^2) -> -4.8828257e-09 | CW9: =($AF9*$AF9*$CK$1^2)/(4*PI()*$CK$2*CN9^2) -> 2.1671421e-09 | CX9: =($AG9*$AG9*$CK$1^2)/(4*PI()*$CK$2*CO9^2) -> 2.1457573e-09 | CY9: =CW9/CX9 -> 1.0099661 | CZ9: =CW9/CV9 -> -0.4438295 | DA9: =CX9/CV9 -> -0.4394499
A10: KF | B10: 210 | C10: =$K$35*P10+$K$37 -> 2128432.5 | D10: Ho 1977 | E10: 1 | F10: 28 | G10: 28 | H10: 4.6833413e-26 | I10: 2.550628e-29 | J10: 1836.1523 | K10: 1 | L10: 4.6807907e-26 | M10: 58.097 | N10: 0.001350063 | O10: 0.00088562193 | P10: 1129.15 | Q10: 3.04e-05 | R10: 0.000341 | T10: 1.38e-10 | U10: 1.33e-10 | V10: 2.71e-10 | W10: =U10-T10 -> -5e-12 | X10: 1910000 | Y10: 1816.4 | Z10: 0 | AA10: 2.6464 | AB10: -0.0006515 | AC10: 1 | AD10: 1 | AE10: 2 | AF10: 1 | AG10: -1 | AH10: 28.7 | AI10: =0.0000000244*P10*C10 -> 58.640999 | AJ10: =0.0000000244*P10*B10 -> 0.0057857646 | AK10: 0.5676879 | AL10: Gheribi 2014 | AM10: =AO10/AP10*AQ10 -> 0.33236371 | AN10: 0.51980918 | AO10: 0.40376311 | AP10: 3.0052361e-10 | AQ10: 2.4738055e-10 | AR10: =AK10/(1/3*BL10*AP10) -> 2401266.1 | AS10: 0.42353288 | AT10: =AS10/BJ10*BL10 -> 0.55028496 | AU10: =AS10/BJ10*BK10 -> 0.48690892 | AV10: =AS10/(BJ10*BB10)*BK10*BC10 -> 0.58299892 | AW10: =AS10/BB10*BC10 -> 0.50711581 | AX10: =AS10/(BB10*BJ10)*BC10*BL10 -> 0.65888202 | AY10: 1.343586e+09 | AZ10: =AY10/BJ10*BL10 -> 1.7456853e+09 | BA10: =AY10/BJ10*BK10 -> 1.5446357e+09 | BB10: 3.1522574e-10 | BC10: 3.7743458e-10 | BD10: 6.775e-11 | BE10: =AK10/AY10 -> 4.2251699e-10 | BF10: =$AK$5/AZ10 -> 3.5614401e-10 | BG10: =$AK$5/BA10 -> 4.024997e-10 | BH10: 0.00023103748 | BI10: =BH10/BB10*BC10 -> 0.00027663202 | BJ10: 1816.4 | BK10: =AVERAGE(BJ10,BL10) -> 2088.2 | BL10: 2360 | BM10: Demmel 2008 | BN10: =$AK10/BH10 -> 2457.1247 | BO10: =$AK10/BI10 -> 2052.1409 | BP10: 66.9 | BQ10: =BP10/Q10 -> 2200657.9 | BR10: 1.9262166e-07 | BS10: =1/3*BL10*BB10 -> 2.4797759e-07 | BT10: =1/3*BK10*BB10 -> 2.1941813e-07 | BU10: =1/3*BK10*BC10 -> 2.6271963e-07 | BV10: =1/3*BJ10*BC10 -> 2.2852406e-07 | BW10: =1/3*BL10*BC10 -> 2.9691521e-07 | BX10: =$AK10/(BR10) -> 2947165.4 | BY10: =$AK10/(BS10) -> 2289271 | BZ10: =$AK10/(BT10) -> 2587242.4 | CA10: =$AK10/(BU10) -> 2160812.6 | CB10: =$AK10/(BV10) -> 2484149.4 | CC10: =$AK10/(BW10) -> 1911952.9 | CD10: =1/CE10 -> 2.5697496e+09 | CE10: 3.8914297e-10 | CF10: 39.1 | CG10: 19 | CH10: =SUM(CF10:CG10) -> 58.1 | CJ10: =CF10/CH10 -> 0.67297762 | CK10: =(6.02214E+23)/Q10 -> 1.9809671e+28 | CL10: =SQRT(($CK$2*1.380649E-23*P10)/(CK10*($CK$1)^2)) -> 1.647566e-11 | CM10: 2.47e-10 | CN10: 3.77e-10 | CO10: 3.86e-10 | CP10: =($AF10*$AG10*$CK$1^2)/(4*PI()*$CK$2*CM10)*EXP(-CM10/$CL10) -> -2.8807379e-25 | CQ10: =($AF10*$AF10*$CK$1^2)/(4*PI()*$CK$2*CN10)*EXP(-CN10/$CL10) -> 7.064642e-29 | CR10: =($AG10*$AG10*$CK$1^2)/(4*PI()*$CK$2*CO10)*EXP(-CO10/$CL10) -> 3.9958238e-29 | CS10: =CQ10/CR10 -> 1.7680064 | CT10: =CQ10/CP10 -> -0.00024523723 | CU10: =CR10/CP10 -> -0.00013870834 | CV10: =($AF10*$AG10*$CK$1^2)/(4*PI()*$CK$2*CM10^2) -> -3.7815363e-09 | CW10: =($AF10*$AF10*$CK$1^2)/(4*PI()*$CK$2*CN10^2) -> 1.6232278e-09 | CX10: =($AG10*$AG10*$CK$1^2)/(4*PI()*$CK$2*CO10^2) -> 1.5484157e-09 | CY10: =CW10/CX10 -> 1.0483153 | CZ10: =CW10/CV10 -> -0.42925089 | DA10: =CX10/CV10 -> -0.40946737
A11: RbF | C11: =$O$35*P11+$O$37 -> 1508484.7 | D11: Ho 1978 | E11: 1 | F11: 46 | G11: 46 | H11: 7.6940607e-26 | I11: 4.1903174e-29 | J11: 1836.1523 | K11: 1 | L11: 7.6898704e-26 | M11: 104.4662 | N11: 0.0025481161 | O11: 0.00095406192 | P11: 1048.15 | Q11: 3.57e-05 | R11: 0.000349 | T11: 1.52e-10 | U11: 1.33e-10 | V11: 2.85e-10 | W11: =U11-T11 -> -1.9e-11 | X11: 2926224.1 | Y11: 1760.4 | Z11: 0 | AA11: 2.9262241e+09 | AB11: 0 | AF11: 1 | AG11: -1 | AH11: =0.0000000244*O11*B11 -> 0 | AI11: =0.0000000244*P11*C11 -> 38.579284 | AP11: 3.1433568e-10 | AQ11: 2.5893228e-10 | BC11: 3.9622631e-10 | BJ11: 1760.4 | BK11: =AVERAGE(BJ11,BL11) -> 1760.4 | BP11: 69.5 | BU11: =1/3*BK11*BC11 -> 2.325056e-07 | BV11: =1/3*BJ11*BC11 -> 2.325056e-07 | CD11: =1/CE11 -> 2.021621e+09 | CE11: 4.9465257e-10 | CK11: =(6.02214E+23)/Q11 -> 1.6868739e+28 | CL11: =SQRT(($CK$2*1.380649E-23*P11)/(CK11*($CK$1)^2)) -> 1.7201884e-11 | CM11: 2.59e-10 | CN11: 3.96e-10 | CO11: 4.03e-10 | CP11: =($AF11*$AG11*$CK$1^2)/(4*PI()*$CK$2*CM11)*EXP(-CM11/$CL11) -> -2.5752056e-25 | CQ11: =($AF11*$AF11*$CK$1^2)/(4*PI()*$CK$2*CN11)*EXP(-CN11/$CL11) -> 5.8558425e-29 | CR11: =($AG11*$AG11*$CK$1^2)/(4*PI()*$CK$2*CO11)*EXP(-CO11/$CL11) -> 3.8304618e-29 | CS11: =CQ11/CR11 -> 1.5287563 | CT11: =CQ11/CP11 -> -0.0002273932 | CU11: =CR11/CP11 -> -0.00014874392 | CV11: =($AF11*$AG11*$CK$1^2)/(4*PI()*$CK$2*CM11^2) -> -3.4392413e-09 | CW11: =($AF11*$AF11*$CK$1^2)/(4*PI()*$CK$2*CN11^2) -> 1.4712003e-09 | CX11: =($AG11*$AG11*$CK$1^2)/(4*PI()*$CK$2*CO11^2) -> 1.4205355e-09 | CY11: =CW11/CX11 -> 1.035666 | CZ11: =CW11/CV11 -> -0.42776885 | DA11: =CX11/CV11 -> -0.41303745
A12: CsF | E12: 1 | F12: 64 | G12: 64 | H12: 1.070478e-25 | I12: 5.8300068e-29 | J12: 1836.1523 | K12: 1 | L12: 1.069895e-25 | M12: 58.44 | N12: 0.0034453112 | O12: 0.001046956 | P12: 955.15 | Q12: 4.57e-05 | R12: 0.000385 | T12: 1.67e-10 | U12: 1.33e-10 | V12: 3e-10 | W12: =U12-T12 -> -3.4e-11 | X12: 2196977.2 | Y12: 2732.9322 | Z12: -0.915 | AA12: 4.8985 | AB12: -0.000543 | AF12: 1 | AG12: -1 | AP12: 3.3920043e-10 | AQ12: 2.7962928e-10 | BC12: 4.3148798e-10 | BJ12: 1858.97 | BK12: =AVERAGE(BJ12,BL12) -> 1858.97 | BP12: 74.1 | BU12: =1/3*BK12*BC12 -> 2.6737441e-07 | BV12: =1/3*BJ12*BC12 -> 2.6737441e-07 | CD12: =1/CE12 -> 1.1854124e+09 | CE12: 8.4358824e-10 | CK12: =(6.02214E+23)/Q12 -> 1.3177549e+28 | CL12: =SQRT(($CK$2*1.380649E-23*P12)/(CK12*($CK$1)^2)) -> 1.8579075e-11 | CM12: 2.8e-10 | CN12: 4.31e-10 | CO12: 4.2e-10 | CP12: =($AF12*$AG12*$CK$1^2)/(4*PI()*$CK$2*CM12)*EXP(-CM12/$CL12) -> -2.348413e-25 | CQ12: =($AF12*$AF12*$CK$1^2)/(4*PI()*$CK$2*CN12)*EXP(-CN12/$CL12) -> 4.5056797e-29 | CR12: =($AG12*$AG12*$CK$1^2)/(4*PI()*$CK$2*CO12)*EXP(-CO12/$CL12) -> 8.3583084e-29 | CS12: =CQ12/CR12 -> 0.53906598 | CT12: =CQ12/CP12 -> -0.00019186062 | CU12: =CR12/CP12 -> -0.00035591305 | CV12: =($AF12*$AG12*$CK$1^2)/(4*PI()*$CK$2*CM12^2) -> -2.9427008e-09 | CW12: =($AF12*$AF12*$CK$1^2)/(4*PI()*$CK$2*CN12^2) -> 1.2419601e-09 | CX12: =($AG12*$AG12*$CK$1^2)/(4*PI()*$CK$2*CO12^2) -> 1.307867e-09 | CY12: =CW12/CX12 -> 0.94960729 | CZ12: =CW12/CV12 -> -0.42204768 | DA12: =CX12/CV12 -> -0.44444444
A13: MgCl2 | B13: 0.8 | E13: 1 | F13: 29 | G13: 28 | H13: 4.8506035e-26 | I13: 2.550628e-29 | J13: 1969.648 | K13: 1.0357143 | L13: 4.8480529e-26 | M13: 95.211 | N13: 0.0021885965 | O13: 0.0010131712 | P13: 987 | Q13: 5.6510276e-05 | R13: 0.00018 | T13: 7.2e-11 | U13: 1.81e-10 | V13: 2.53e-10 | W13: =U13-T13 -> 1.09e-10 | X13: 1684844 | Y13: 2101 | Z13: 0 | AA13: 1.9691 | AB13: -0.000288 | AC13: 1 | AD13: 2 | AE13: 3 | AF13: 2 | AG13: -2 | AK13: 0.462 | AL13: Yang, 2023 | AM13: =AO13/AP13*AQ13 -> 0.26994066 | AN13: 0.54002026 | AO13: 0.33370075 | AP13: 2.9252667e-10 | AQ13: 2.3663369e-10 | AR13: =AK13/(1/3*BL13*AP13) -> 1393538.1 | AS13: 0.35221854 | AT13: =AS13/BJ13*BL13 -> 0.56998717 | AU13: =AS13/BJ13*BK13 -> 0.46110286 | AV13: =AS13/(BJ13*BB13)*BK13*BC13 -> 0.53865933 | AW13: =AS13/BB13*BC13 -> 0.41146091 | AX13: =AS13/(BB13*BJ13)*BC13*BL13 -> 0.66585774 | AY13: 1.1407533e+09 | AZ13: =AY13/BJ13*BL13 -> 1.8460548e+09 | BA13: =AY13/BJ13*BK13 -> 1.493404e+09 | BB13: 3.0875962e-10 | BC13: 3.6069229e-10 | BD13: 6.325e-11 | BE13: =AK13/AY13 -> 4.0499555e-10 | BF13: =$AK$5/AZ13 -> 3.3678057e-10 | BG13: =$AK$5/BA13 -> 4.1630756e-10 | BH13: 0.00016764329 | BI13: =BH13/BB13*BC13 -> 0.00019584051 | BJ13: 2101 | BK13: =AVERAGE(BJ13,BL13) -> 2750.5 | BL13: 3400 | BN13: =$AK13/BH13 -> 2755.8515 | BO13: =$AK13/BI13 -> 2359.0625 | BP13: 92.048 | BQ13: =BP13/Q13 -> 1628871.9 | BR13: 2.1623465e-07 | BS13: =1/3*BL13*BB13 -> 3.4992756e-07 | BT13: =1/3*BK13*BB13 -> 2.8308111e-07 | BU13: =1/3*BK13*BC13 -> 3.3069472e-07 | BV13: =1/3*BJ13*BC13 -> 2.5260484e-07 | BW13: =1/3*BL13*BC13 -> 4.087846e-07 | BX13: =$AK13/(BR13) -> 2136567.8 | BY13: =$AK13/(BS13) -> 1320273.2 | BZ13: =$AK13/(BT13) -> 1632041.1 | CA13: =$AK13/(BU13) -> 1397058.9 | CB13: =$AK13/(BV13) -> 1828943.6 | CC13: =$AK13/(BW13) -> 1130179.6 | CD13: =1/CE13 -> 1.6174097e+09 | CE13: 6.1827252e-10 | CF13: 24.31 | CG13: 70.9 | CH13: =SUM(CF13:CG13) -> 95.21 | CJ13: =CF13/CH13 -> 0.25533032 | CK13: =(6.02214E+23)/Q13 -> 1.0656717e+28 | CL13: =SQRT(($CK$2*1.380649E-23*P13)/(CK13*($CK$1)^2)) -> 2.1001605e-11 | CM13: 2.3663369e-10 | CN13: 3.6069229e-10 | CO13: 3.5942461e-10 | CP13: =($AF13*$AG13*$CK$1^2)/(4*PI()*$CK$2*CM13)*EXP(-CM13/$CL13) -> -4.9850741e-23 | CQ13: =($AF13*$AF13*$CK$1^2)/(4*PI()*$CK$2*CN13)*EXP(-CN13/$CL13) -> 8.8959035e-26 | CR13: =($AG13*$AG13*$CK$1^2)/(4*PI()*$CK$2*CO13)*EXP(-CO13/$CL13) -> 9.4827369e-26 | CS13: =CQ13/CR13 -> 0.93811561 | CT13: =CQ13/CP13 -> -0.0017845078 | CU13: =CR13/CP13 -> -0.0019022259 | CV13: =($AF13*$AG13*$CK$1^2)/(4*PI()*$CK$2*CM13^2) -> -1.6480447e-08 | CW13: =($AF13*$AF13*$CK$1^2)/(4*PI()*$CK$2*CN13^2) -> 7.0933018e-09 | CX13: =($AG13*$AG13*$CK$1^2)/(4*PI()*$CK$2*CO13^2) -> 7.143426e-09 | CY13: =CW13/CX13 -> 0.99298318 | CZ13: =CW13/CV13 -> -0.43040712 | DA13: =CX13/CV13 -> -0.43344855
A14: CaCl2 | B14: 2.5 | E14: 1 | F14: 37 | G14: 36 | H14: 6.188701e-26 | I14: 3.2793788e-29 | J14: 1939.5775 | K14: 1.0277778 | L14: 6.1854217e-26 | M14: 110.984 | N14: 0.0033595447 | O14: 0.0009569378 | P14: 1045 | Q14: 5.3154148e-05 | R14: 0.000203 | T14: 1e-10 | U14: 1.81e-10 | V14: 2.81e-10 | W14: =U14-T14 -> 8.1e-11 | X14: 2087965 | Y14: 2065.03 | Z14: 0 | AA14: 2.53 | AB14: -0.000423 | AF14: 2 | AG14: -2 | AK14: 0.447825 | AL14: Gheribi 2014 | AM14: =AO14/AP14*AQ14 -> 0.3702431 | AN14: 0.42656474 | AO14: 0.400395 | AP14: 3.015484e-10 | AQ14: 2.7884018e-10 | AR14: =AK14/(1/3*BL14*AP14) -> 2025115.9 | AS14: 0.44097489 | AT14: =AS14/BJ14*BL14 -> 0.46979694 | AU14: =AS14/BJ14*BK14 -> 0.45538592 | AV14: =AS14/(BJ14*BB14)*BK14*BC14 -> 0.49477856 | AW14: =AS14/BB14*BC14 -> 0.47912093 | AX14: =AS14/(BB14*BJ14)*BC14*BL14 -> 0.51043619 | AY14: 1.3277968e+09 | AZ14: =AY14/BJ14*BL14 -> 1.4145814e+09 | BA14: =AY14/BJ14*BK14 -> 1.3711891e+09 | BB14: 3.3211023e-10 | BC14: 3.6083905e-10 | BD14: 7.025e-11 | BE14: =AK14/AY14 -> 3.3726923e-10 | BF14: =$AK$5/AZ14 -> 4.3950486e-10 | BG14: =$AK$5/BA14 -> 4.5341331e-10 | BH14: 0.00021354406 | BI14: =BH14/BB14*BC14 -> 0.00023201645 | BJ14: 2065.03 | BK14: =AVERAGE(BJ14,BL14) -> 2132.515 | BL14: 2200 | BN14: =$AK14/BH14 -> 2097.1082 | BO14: =$AK14/BI14 -> 1930.1433 | BP14: 102.533 | BQ14: =BP14/Q14 -> 1928974.6 | BR14: 2.2860586e-07 | BS14: =1/3*BL14*BB14 -> 2.435475e-07 | BT14: =1/3*BK14*BB14 -> 2.3607668e-07 | BU14: =1/3*BK14*BC14 -> 2.5649823e-07 | BV14: =1/3*BJ14*BC14 -> 2.4838115e-07 | BW14: =1/3*BL14*BC14 -> 2.646153e-07 | BX14: =$AK14/(BR14) -> 1958939.3 | BY14: =$AK14/(BS14) -> 1838758.4 | BZ14: =$AK14/(BT14) -> 1896947.2 | CA14: =$AK14/(BU14) -> 1745918.5 | CB14: =$AK14/(BV14) -> 1802975 | CC14: =$AK14/(BW14) -> 1692362.4 | CD14: =1/CE14 -> 1.2834211e+09 | CE14: 7.7916752e-10 | CF14: 40.08 | CG14: 70.9 | CH14: =SUM(CF14:CG14) -> 110.98 | CJ14: =CF14/CH14 -> 0.36114615 | CK14: =(6.02214E+23)/Q14 -> 1.1329577e+28 | CL14: =SQRT(($CK$2*1.380649E-23*P14)/(CK14*($CK$1)^2)) -> 2.0958342e-11 | CM14: 2.7884018e-10 | CN14: 3.6083905e-10 | CO14: 3.7278881e-10 | CP14: =($AF14*$AG14*$CK$1^2)/(4*PI()*$CK$2*CM14)*EXP(-CM14/$CL14) -> -5.5169303e-24 | CQ14: =($AF14*$AF14*$CK$1^2)/(4*PI()*$CK$2*CN14)*EXP(-CN14/$CL14) -> 8.5226679e-26 | CR14: =($AG14*$AG14*$CK$1^2)/(4*PI()*$CK$2*CO14)*EXP(-CO14/$CL14) -> 4.6645076e-26 | CS14: =CQ14/CR14 -> 1.8271313 | CT14: =CQ14/CP14 -> -0.015448207 | CU14: =CR14/CP14 -> -0.0084548968 | CV14: =($AF14*$AG14*$CK$1^2)/(4*PI()*$CK$2*CM14^2) -> -1.1868927e-08 | CW14: =($AF14*$AF14*$CK$1^2)/(4*PI()*$CK$2*CN14^2) -> 7.0875332e-09 | CX14: =($AG14*$AG14*$CK$1^2)/(4*PI()*$CK$2*CO14^2) -> 6.6404336e-09 | CY14: =CW14/CX14 -> 1.0673299 | CZ14: =CW14/CV14 -> -0.5971503 | DA14: =CX14/CV14 -> -0.55948055
A15: SrCl2 | E15: 1 | F15: 55 | G15: 54 | H15: 9.1994204e-26 | I15: 4.9190682e-29 | J15: 1904.7876 | K15: 1.0185185 | L15: 9.1945014e-26 | M15: 158.526 | N15: 0.0037808819 | O15: 0.00087260035 | P15: 1146 | Q15: 5.811897e-05 | R15: 0.000212 | T15: 1.18e-10 | U15: 1.81e-10 | V15: 2.99e-10 | W15: =U15-T15 -> 6.3e-11 | X15: 2727612 | Y15: 1873.13 | Z15: 0 | AA15: 3.39 | AB15: -0.000578 | AC15: 1 | AD15: 2 | AE15: 3 | AF15: 2 | AG15: -2 | AK15: 0.380772 | AL15: Gheribi 2014 | AM15: =AO15/AP15*AQ15 -> 0.32666099 | AO15: 0.36759448 | AP15: 3.2712108e-10 | AQ15: 2.9069451e-10 | AR15: =AK15/(1/3*BL15*AP15) -> 1864274.3 | AS15: 0.48314181 | AW15: =AS15/BB15*BC15 -> 0.55522074 | AY15: 1.123726e+09 | BB15: 4.2994626e-10 | BC15: 4.9408906e-10 | BD15: 7.475e-11 | BE15: =AK15/AY15 -> 3.3884772e-10 | BH15: 0.00025793287 | BI15: =BH15/BB15*BC15 -> 0.00029641335 | BJ15: 1873.13 | BL15: 1873.13 | BN15: =$AK15/BH15 -> 1476.2445 | BO15: =$AK15/BI15 -> 1284.598 | BP15: 104.6 | BQ15: =BP15/Q15 -> 1799756.6 | BR15: 2.6844841e-07 | BV15: =1/3*BJ15*BC15 -> 3.0849768e-07 | BX15: =$AK15/(BR15) -> 1418417.8 | CB15: =$AK15/(BV15) -> 1234278.3 | CD15: =1/CE15 -> 1.3513175e+09 | CE15: 7.4001854e-10 | CF15: 87.62 | CG15: 70.9 | CH15: =SUM(CF15:CG15) -> 158.52 | CJ15: =CF15/CH15 -> 0.55273782 | CK15: =(6.02214E+23)/Q15 -> 1.0361746e+28 | CL15: =SQRT(($CK$2*1.380649E-23*P15)/(CK15*($CK$1)^2)) -> 2.2949935e-11 | CM15: 2.9069451e-10 | CN15: 4.9408906e-10 | CO15: 3.7844742e-10 | CP15: =($AF15*$AG15*$CK$1^2)/(4*PI()*$CK$2*CM15)*EXP(-CM15/$CL15) -> -1.0016366e-23 | CQ15: =($AF15*$AF15*$CK$1^2)/(4*PI()*$CK$2*CN15)*EXP(-CN15/$CL15) -> 8.3443534e-28 | CR15: =($AG15*$AG15*$CK$1^2)/(4*PI()*$CK$2*CO15)*EXP(-CO15/$CL15) -> 1.6809087e-25 | CS15: =CQ15/CR15 -> 0.0049641921 | CT15: =CQ15/CP15 -> -8.3307194e-05 | CU15: =CR15/CP15 -> -0.016781622 | CV15: =($AF15*$AG15*$CK$1^2)/(4*PI()*$CK$2*CM15^2) -> -1.092065e-08 | CW15: =($AF15*$AF15*$CK$1^2)/(4*PI()*$CK$2*CN15^2) -> 3.7801731e-09 | CX15: =($AG15*$AG15*$CK$1^2)/(4*PI()*$CK$2*CO15^2) -> 6.4433405e-09 | CY15: =CW15/CX15 -> 0.58667908 | CZ15: =CW15/CV15 -> -0.34614908 | DA15: =CX15/CV15 -> -0.59001436
A16: NaNO3 | B16: 0.3 | E16: 1 | F16: 26 | G16: 25 | H16: 4.3488169e-26 | I16: 2.2773464e-29 | J16: 1985.9823 | K16: 1.04 | L16: 4.3465396e-26 | M16: 84.99 | O16: 0.0017148247 | P16: 583.15 | Q16: 4.467e-05 | R16: 0.000376 | T16: 1.02e-10 | U16: 2.31e-10 | V16: 3.33e-10 | W16: =U16-T16 -> 1.29e-10 | X16: 1886915.5 | Y16: 2490.4882 | Z16: -1.155 | AA16: 2.3339 | AB16: -0.0007665 | AC16: 2 | AD16: 3 | AE16: 5 | AF16: 3 | AG16: -3 | AK16: 0.5959356 | AM16: =AO16/AP16*AQ16 -> 0.38288814 | AN16: 0.54571905 | AO16: 0.54571905 | AP16: 2.9210007e-10 | AQ16: 2.0494365e-10 | AR16: =AK16/(1/3*BL16*AP16) -> 3368572.9 | BC16: 4.2035555e-10 | BJ16: 1816.95 | BL16: 1816.95 | BP16: 155.6 | BV16: =1/3*BJ16*BC16 -> 2.5458834e-07 | CD16: =1/CE16 -> #DIV/0! | CK16: =(6.02214E+23)/Q16 -> 1.3481397e+28 | CL16: =SQRT(($CK$2*1.380649E-23*P16)/(CK16*($CK$1)^2)) -> 1.4352525e-11
