Workbook

Sheet Figs
B3: MFP | R3: Scaled | U3: Cp
B4: Gh-l | C4: Zh-l | R4: Gh-l | S4: Zh-l | U4: At min measured temp
A5: Salt Composition | B5: n (atoms/m#)^-1/3 | C5: sum_radii | R5: n (atoms/m#)^-1/3 | S5: sum_radii | T5: psi | U5: Psi*kB*n | V5: 1/3cp | Y5: Gheribi-KT24 | Z5: % Dev | AA5: Gheribi-KT24, Mix Data (W/m-K) | AB5: Zhao-PGM | AC5: % Dev | AD5: Zhao-PGM, Mix Data (W/m-K) | AE5: Present Model (W/m-K) | AF5: Present Model, Mix Data (W/m-K) | AG5: Present Model-VelCorr (W/m-K) | AH5: Bridgman (W/m-K) | AI5: Chapman-Enskog (W/m-K) | AJ5: Ideal (W/m-K) | AK5: TC Experimental (W/m-K) | AM5: cp | AN5: vs | AO5: cp_scaled | AP5: vs_scaled
A6: 0.63NaCl-0.37UCl3 | B6: 4.2453705e-10 | C6: 2.8818e-10 | R6: =B6*10000000000 -> 4.2453705 | S6: =C6*10000000000 -> 2.8818 | T6: 1.7533333 | U6: =T6*1.380649E-23*(B6^(-3)) -> 316374.15 | V6: =1/3*AM6 -> 628501.55 | Y6: 0.11446562 | Z6: =ABS(($AK6-Y6)/$AK6) -> 0.52402136 | AB6: 0.26282059 | AC6: =ABS(($AK6-AB6)/$AK6) -> 0.092878283 | AJ6: 1.3058004 | AK6: 0.24048477 | AL6: 63NaCl-37UCl3 (Termini, 2024) | AM6: 1885504.7 | AN6: 1456.1091
A7: 0.658NaCl-0.342UCl3 | B7: 4.2173561e-10 | C7: 2.87788e-10 | R7: =B7*10000000000 -> 4.2173561 | S7: =C7*10000000000 -> 2.87788 | T7: 1.772 | U7: =T7*1.380649E-23*(B7^(-3)) -> 326156.61 | V7: =1/3*AM7 -> 628501.55 | Y7: 0.10982982 | Z7: =ABS(($AK7-Y7)/$AK7) -> 0.52976827 | AB7: 0.25730458 | AC7: =ABS(($AK7-AB7)/$AK7) -> 0.10163867 | AJ7: 0.44198046 | AK7: 0.23356531 | AL7: 65.8NaCl-34.2UCl3 (Rose, 2023) | AM7: 1885504.7 | AN7: 1475.141
A8: 0.265BeF2-0.725LiF-0.01UF4 | B8: 2.9966126e-10 | C8: 1.98e-10 | R8: =B8*10000000000 -> 2.9966126 | S8: =C8*10000000000 -> 1.98 | T8: 1.86 | U8: =T8*1.380649E-23*(B8^(-3)) -> 954342.82 | V8: =1/3*AM8 -> 1474339.6 | Y8: 0.67764177 | Z8: =ABS(($AK8-Y8)/$AK8) -> 0.11956058 | AB8: 0.74150709 | AC8: =ABS(($AK8-AB8)/$AK8) -> 0.036582314 | AJ8: 1.3049988 | AK8: 0.76966315 | AL8: 0.725LiF-0.265BeF2-0.01UF4 (Bobrova, 2023) | AM8: 4423018.8 | AN8: 2677.0334
A9: 0.26BeF2-0.72LiF-0.02UF4 | B9: 3.0126944e-10 | C9: 1.9834e-10 | R9: =B9*10000000000 -> 3.0126944 | S9: =C9*10000000000 -> 1.9834 | T9: 1.855 | U9: =T9*1.380649E-23*(B9^(-3)) -> 936616.86 | V9: =1/3*AM9 -> 1470705 | Y9: 0.55560102 | Z9: =ABS(($AK9-Y9)/$AK9) -> 0.22313456 | AB9: 0.72251361 | AC9: =ABS(($AK9-AB9)/$AK9) -> 0.01024987 | AJ9: 1.2304066 | AK9: 0.71518308 | AL9: 0.72LiF-0.26BeF2-0.02UF4 (Bobrova, 2023) | AM9: 4412115 | AN9: 2564.9936
A10: 0.23BeF2-0.712LiF-0.008UF4-0.05ZrF4 | B10: 3.0400599e-10 | C10: 1.99244e-10 | R10: =B10*10000000000 -> 3.0400599 | S10: =C10*10000000000 -> 1.99244 | T10: 1.8415 | U10: =T10*1.380649E-23*(B10^(-3)) -> 904916.7 | V10: =1/3*AM10 -> 1444244.9 | Y10: 0.46140985 | Z10: =ABS(($AK10-Y10)/$AK10) -> 0.6310634 | AB10: 0.71237519 | AC10: =ABS(($AK10-AB10)/$AK10) -> 0.43039516 | AK10: 1.2506481 | AL10: 0.712LiF-0.23BeF2-0.05ZrF4-0.008UF4 (Rosenthal, 1969) | AM10: 4332734.8 | AN10: 2527.74
A11: 0.2BeF2-0.675LiF-0.12ThF4-0.005UF4 | B11: 3.1710616e-10 | C11: 2.0225e-10 | R11: =B11*10000000000 -> 3.1710616 | S11: =C11*10000000000 -> 2.0225 | T11: 1.80625 | U11: =T11*1.380649E-23*(B11^(-3)) -> 782072.65 | V11: =1/3*AM11 -> 1420715.9 | Y11: 0.10755709 | Z11: =ABS(($AK11-Y11)/$AK11) -> 0.91496844 | AB11: 0.58324254 | AC11: =ABS(($AK11-AB11)/$AK11) -> 0.53890513 | AK11: 1.2649079 | AL11: 0.675LiF-0.20BeF2-0.12ThF4-0.005UF4 (Rosenthal, 1969) | AM11: 4262147.6 | AN11: 2073.8105
A12: 0.42KF-0.28NaF-0.3UF4 | B12: 3.6894363e-10 | C12: 3.08518e-10 | R12: =B12*10000000000 -> 3.6894363 | S12: =C12*10000000000 -> 3.08518 | T12: 1.775 | U12: =T12*1.380649E-23*(B12^(-3)) -> 487979.5 | V12: =1/3*AM12 -> 1083530.3 | Y12: 0.14310813 | Z12: =ABS(($AK12-Y12)/$AK12) -> 0.72426835 | AB12: 0.35998157 | AC12: =ABS(($AK12-AB12)/$AK12) -> 0.3064104 | AK12: 0.51901235 | AL12: 0.42KF-0.28NaF-0.30UF4 (Rudenko, 2024) | AM12: 3250591 | AN12: 1437.969
A13: 0.36KF-0.24NaF-0.4UF4 | B13: 3.7846224e-10 | C13: 3.28224e-10 | R13: =B13*10000000000 -> 3.7846224 | S13: =C13*10000000000 -> 3.28224 | T13: 1.7 | U13: =T13*1.380649E-23*(B13^(-3)) -> 432976.7 | V13: =1/3*AM13 -> 1121608.2 | Y13: 0.15119707 | Z13: =ABS(($AK13-Y13)/$AK13) -> 0.70250515 | AB13: 0.33869469 | AC13: =ABS(($AK13-AB13)/$AK13) -> 0.33358545 | AJ13: 0.59800659 | AK13: 0.50823423 | AL13: 0.36KF-0.24NaF-0.40UF4 (Rudenko, 2024) | AM13: 3364824.5 | AN13: 1339.6109
A14: 0.3KF-0.2NaF-0.5UF4 | B14: 3.871642e-10 | C14: 3.4793e-10 | R14: =B14*10000000000 -> 3.871642 | S14: =C14*10000000000 -> 3.4793 | T14: 1.625 | U14: =T14*1.380649E-23*(B14^(-3)) -> 386590.39 | V14: =1/3*AM14 -> 1155110.5 | Y14: 0.16871447 | Z14: =ABS(($AK14-Y14)/$AK14) -> 0.57851489 | AB14: 0.32857551 | AC14: =ABS(($AK14-AB14)/$AK14) -> 0.17914754 | AJ14: 0.54654293 | AK14: 0.40028571 | AL14: 0.30KF-0.20NaF-0.50UF4 (Rudenko, 2024) | AM14: 3465331.4 | AN14: 1265.4415
A15: 0.27BeF2-0.73LiF | B15: 2.9803564e-10 | C15: 1.9766e-10 | R15: =B15*10000000000 -> 2.9803564 | S15: =C15*10000000000 -> 1.9766 | T15: 1.865 | U15: =T15*1.380649E-23*(B15^(-3)) -> 972652.08 | V15: =1/3*AM15 -> 1478093.8 | Y15: 0.99246904 | Z15: =ABS(($AK15-Y15)/$AK15) -> 0.094752495 | AB15: 0.77402744 | AC15: =ABS(($AK15-AB15)/$AK15) -> 0.1462016 | AJ15: 0.50439481 | AK15: 0.90656933 | AL15: 0.73LiF-0.27BeF2 (Bobrova, 2023) | AM15: 4434281.4 | AN15: 2804.7105
A16: 1.0LiF | B16: 2.2759837e-10 | C16: 2.09e-10 | R16: =B16*10000000000 -> 2.2759837 | S16: =C16*10000000000 -> 2.09 | T16: 2 | U16: =T16*1.380649E-23*(B16^(-3)) -> 2342102.1 | V16: =1/3*AM16 -> 1492025.1 | Y16: 1.3498415 | Z16: =ABS(($AK16-Y16)/$AK16) -> 0.070728963 | AB16: 0.80194503 | AC16: =ABS(($AK16-AB16)/$AK16) -> 0.36387659 | AJ16: 1.310565 | AK16: 1.2606752 | AL16: LiF (Golyshev, 1992),LiF (Smirnov, 1987),LiF (Khlebnikov, 1981) | AM16: 4476075.2 | AN16: 2571.7112
A17: 1.0NaF | B17: 2.6175257e-10 | C17: 2.35e-10 | R17: =B17*10000000000 -> 2.6175257 | S17: =C17*10000000000 -> 2.35 | T17: 2 | U17: =T17*1.380649E-23*(B17^(-3)) -> 1539715.3 | V17: =1/3*AM17 -> 1085932.1 | Y17: 0.83980661 | Z17: =ABS(($AK17-Y17)/$AK17) -> 0.28778769 | AB17: 0.52656453 | AC17: =ABS(($AK17-AB17)/$AK17) -> 0.55343797 | AK17: 1.179152 | AL17: NaF (Smirnov, 1987),NaF (Polyakov, 1975) | AM17: 3257796.3 | AN17: 2078.72
A18: 1.0KF | B18: 2.9333523e-10 | C18: 2.71e-10 | R18: =B18*10000000000 -> 2.9333523 | S18: =C18*10000000000 -> 2.71 | T18: 2 | U18: =T18*1.380649E-23*(B18^(-3)) -> 1094008.2 | V18: =1/3*AM18 -> 732914.56 | Y18: 0.58268228 | Z18: =ABS(($AK18-Y18)/$AK18) -> 0.064372614 | AB18: 0.36409719 | AC18: =ABS(($AK18-AB18)/$AK18) -> 0.41536011 | AK18: 0.62277172 | AL18: KF (Smirnov, 1987) | AM18: 2198743.7 | AN18: 1833.136
A19: 1.0LiCl | B19: 2.8635666e-10 | C19: 2.57e-10 | R19: =B19*10000000000 -> 2.8635666 | S19: =C19*10000000000 -> 2.57 | T19: 2 | U19: =T19*1.380649E-23*(B19^(-3)) -> 1175956.9 | V19: =1/3*AM19 -> 767895.49 | Y19: 0.66848974 | Z19: =ABS(($AK19-Y19)/$AK19) -> 0.019794358 | AB19: 0.38754566 | AC19: =ABS(($AK19-AB19)/$AK19) -> 0.40879141 | AK19: 0.65551426 | AL19: LiCl (Nagasaka, 1992) | AM19: 2303686.5 | AN19: 2079.483
A20: 1.0NaCl | B20: 3.1501267e-10 | C20: 2.83e-10 | R20: =B20*10000000000 -> 3.1501267 | S20: =C20*10000000000 -> 2.83 | T20: 2 | U20: =T20*1.380649E-23*(B20^(-3)) -> 883342.64 | V20: =1/3*AM20 -> 617949.66 | Y20: 0.48411361 | Z20: =ABS(($AK20-Y20)/$AK20) -> 0.014110761 | AB20: 0.30671571 | AC20: =ABS(($AK20-AB20)/$AK20) -> 0.37537862 | AK20: 0.4910426 | AL20: NaCl (Harada, 1992),NaCl (Nagasaka 1992) | AM20: 1853849 | AN20: 1773.623
A21: 1.0KCl | B21: 3.4355657e-10 | C21: 3.19e-10 | R21: =B21*10000000000 -> 3.4355657 | S21: =C21*10000000000 -> 3.19 | T21: 2 | U21: =T21*1.380649E-23*(B21^(-3)) -> 680955.17 | V21: =1/3*AM21 -> 502801.69 | Y21: 0.37249184 | Z21: =ABS(($AK21-Y21)/$AK21) -> 0.013588159 | AB21: 0.25964867 | AC21: =ABS(($AK21-AB21)/$AK21) -> 0.29346958 | AK21: 0.36749822 | AL21: KCl (Harada, 1992),KCl (Nagasaka, 1992) | AM21: 1508405.1 | AN21: 1632.6594
A22: 1.0MgCl2 | B22: 3.1507825e-10 | C22: 2.53e-10 | R22: =B22*10000000000 -> 3.1507825 | S22: =C22*10000000000 -> 2.53 | T22: 1.5 | U22: =T22*1.380649E-23*(B22^(-3)) -> 662093.41 | V22: =1/3*AM22 -> 542957.29 | Y22: 0.4382922 | Z22: =ABS(($AK22-Y22)/$AK22) -> 0.19417783 | AB22: 0.28861058 | AC22: =ABS(($AK22-AB22)/$AK22) -> 0.469375 | AK22: 0.54390686 | AL22: MgCl2 (Filatov, 2005) | AM22: 1628871.9 | AN22: 2101
A23: 0.6LiF-0.4NaF | B23: 2.9768075e-10 | C23: 2.194e-10 | R23: =B23*10000000000 -> 2.9768075 | S23: =C23*10000000000 -> 2.194 | T23: 2 | U23: =T23*1.380649E-23*(B23^(-3)) -> 1046793.5 | V23: =1/3*AM23 -> 1313197.6 | Y23: 1.1656382 | Z23: =ABS(($AK23-Y23)/$AK23) -> 0.34183571 | AB23: 0.72195417 | AC23: =ABS(($AK23-AB23)/$AK23) -> 0.16891547 | AK23: 0.86868921 | AL23: 0.6LiF-0.4NaF (BYU) | AM23: 3939592.8 | AN23: 2514.3329
A24: 0.34BeF2-0.66LiF | B24: 3.0276895e-10 | C24: 1.9472e-10 | R24: =B24*10000000000 -> 3.0276895 | S24: =C24*10000000000 -> 1.9472 | T24: 1.83 | U24: =T24*1.380649E-23*(B24^(-3)) -> 910333.16 | V24: =1/3*AM24 -> 1658980.8 | Y24: 1.452807 | Z24: =ABS(($AK24-Y24)/$AK24) -> 0.32069064 | AB24: 1.1065518 | AC24: =ABS(($AK24-AB24)/$AK24) -> 0.0059233725 | AK24: 1.1000358 | AL24: 0.66LiF-0.34BeF2 (Redkin, 2022),0.66LiF-0.34BeF2 (Kato, 1983),0.66LiF-0.34BeF2 (Bobrova, 2023) | AM24: 4976942.5 | AN24: 3486.4683
A25: 0.42KF-0.465LiF-0.115NaF | B25: 3.1821841e-10 | C25: 2.3803e-10 | R25: =B25*10000000000 -> 3.1821841 | S25: =C25*10000000000 -> 2.3803 | T25: 2 | U25: =T25*1.380649E-23*(B25^(-3)) -> 856914.25 | V25: =1/3*AM25 -> 1454587.3 | Y25: 1.0027509 | Z25: =ABS(($AK25-Y25)/$AK25) -> 0.26922941 | AB25: 0.83183122 | AC25: =ABS(($AK25-AB25)/$AK25) -> 0.052888289 | AJ25: 0.73423486 | AK25: 0.79004699 | AL25: 0.465LiF-0.115NaF-0.42KF (Merritt, 2022),0.465LiF-0.115NaF-0.42KF (Gallagher, 2022),0.465LiF-0.115NaF-0.42KF (Rudenko, 2022) | AM25: 4363761.9 | AN25: 2413.78
A26: 0.59KF-0.065MgF2-0.345NaF | B26: 3.471557e-10 | C26: 2.5429e-10 | R26: =B26*10000000000 -> 3.471557 | S26: =C26*10000000000 -> 2.5429 | T26: 1.9675 | U26: =T26*1.380649E-23*(B26^(-3)) -> 649269.69 | V26: =1/3*AM26 -> 944836.2 | Y26: 0.59275939 | Z26: =ABS(($AK26-Y26)/$AK26) -> 0.22618327 | AA26: 0.90175871 | AB26: 0.48485749 | AC26: =ABS(($AK26-AB26)/$AK26) -> 0.36704362 | AD26: 0.76685546 | AJ26: 1.0964289 | AK26: 0.76602038 | AL26: 0.345NaF-0.59KF-0.065MgF2 (Rudenko, 2024) | AM26: 2834508.6 | AN26: 2066.8356
A27: 0.5097CaCl2-0.4903NaCl | B27: 4.2291555e-10 | C27: 2.819806e-10 | R27: =B27*10000000000 -> 4.2291555 | S27: =C27*10000000000 -> 2.819806 | T27: 1.74515 | U27: =T27*1.380649E-23*(B27^(-3)) -> 318533.47 | V27: =1/3*AM27 -> 755287.63 | Y27: 0.41067549 | Z27: =ABS(($AK27-Y27)/$AK27) -> 0.29283646 | AB27: 0.42643936 | AC27: =ABS(($AK27-AB27)/$AK27) -> 0.26569182 | AJ27: 0.66685348 | AK27: 0.58073622 | AL27: 0.52NaCl-0.48CaCl2 (Tian, 2021) | AM27: 2265862.9 | AN27: 2039.9777
A28: 0.15CaCl2-0.315MgCl2-0.535NaCl | B28: 4.2403949e-10 | C28: 2.7325e-10 | R28: =B28*10000000000 -> 4.2403949 | S28: =C28*10000000000 -> 2.7325 | T28: 1.7675 | U28: =T28*1.380649E-23*(B28^(-3)) -> 320054.4 | V28: =1/3*AM28 -> 626139.96 | Y28: 0.4039794 | Z28: =ABS(($AK28-Y28)/$AK28) -> 0.13596398 | AB28: 0.36058592 | AC28: =ABS(($AK28-AB28)/$AK28) -> 0.22877448 | AJ28: 0.76680975 | AK28: 0.46754926 | AL28: 0.535NaCl-0.315MgCl2-0.15CaCl2 (Rong, 2015) | AM28: 1878419.9 | AN28: 2095.8299
U33: Gheribi | V33: Zhao | X33: Labels
S34: Avg Error | T34: Actinide | U34: =AVERAGE(Z6:Z14) -> 0.54975611 | V34: =AVERAGE(AC6:AC14) -> 0.22553254 | W34: Non-Actinides | X34: KTM: 16.8% MAE
T35: Non-actinide | U35: =AVERAGE(Z15:Z28) -> 0.16757517 | V35: =AVERAGE(AC15:AC28) -> 0.29393771 | X35: PGM: 29.4% MAE | Y35: R2
X36: Fit - Gheribi; | Y36: =RSQ(Y15:Y28,AK15:AK28) -> 0.74941069
U37: Deviation | X37: Fit - Zhao; | Y37: =RSQ(AB15:AB28,AK15:AK28) -> 0.60575885
T38: 0 | U38: 1.15 | W38: Actinides | X38: KTM: 55.0% MAE
T39: 0 | U39: 0.85 | X39: PGM: 22.6% MAE
C40: Figures below | X40: Fit - Gheribi (All); | Y40: =RSQ(Y6:Y14,AK6:AK14) -> 0.15332877
X41: Fit - Zhao (All) | Y41: =RSQ(AB6:AB14,AK6:AK14) -> 0.61665071
B42: Fig 1 -->
B65: Fig 2 -->
AM81: +
B96: Fig 3 -->
B116: Fig 4 -->
Z218: Dissociating
Z220: Complexing
Z222: Actinides
AA224: MAE
Z225: KTM | AA225: =GUI_plotter_results!AA33 -> 0.20932995
Z226: SCM | AA226: =GUI_plotter_results!AB33 -> 0.15484234

Sheet SCM_parity_plot
A1: Index | B1: Salt Composition | C1: TC Experimental (W/m-K) | D1: Gheribi-KT24 at Min Meas Temp (W/m-K) | E1: Dev-KT | F1: # within Exp. Error | G1: # within max var | I1: Present Model at Min Meas Temp (W/m-K) | J1: Dev-SCM | K1: # within Exp. Error | L1: # within max var | R1: Exp. Reference
A2: 1 | B2: LiF | C2: 1.2606752 | D2: 1.3498415 | E2: =(D2-C2)/C2*100 -> 7.0728963 | F2: =IF(ABS(E2)<=15,1,"") -> 1 | G2: =IF(ABS(E2)<=28,1,"") -> 1 | H2: =ABS(E2) -> 7.0728963 | I2: 1.3235354 | J2: =(I2-C2)/C2*100 -> 4.9862332 | K2: =IF(ABS(J2)<=15,1,"") -> 1 | L2: =IF(ABS(J2)<=28,1,"") -> 1 | M2: =ABS(J2) -> 4.9862332 | N2: Simple | R2: LiF (Golyshev, 1992),LiF (Smirnov, 1987),LiF (Khlebnikov, 1981)
A3: 2 | B3: NaF | C3: 1.179152 | D3: 0.83980661 | E3: =(D3-C3)/C3*100 -> -28.778769 | F3: =IF(ABS(E3)<=15,1,"") | G3: =IF(ABS(E3)<=28,1,"") | H3: =ABS(E3) -> 28.778769 | I3: 0.88115532 | J3: =(I3-C3)/C3*100 -> -25.272121 | K3: =IF(ABS(J3)<=15,1,"") | L3: =IF(ABS(J3)<=28,1,"") -> 1 | M3: =ABS(J3) -> 25.272121 | N3: Simple | R3: NaF (Smirnov, 1987),NaF (Polyakov, 1975)
A4: 3 | B4: KF | C4: 0.62277172 | D4: 0.58268228 | E4: =(D4-C4)/C4*100 -> -6.4372614 | F4: =IF(ABS(E4)<=15,1,"") -> 1 | G4: =IF(ABS(E4)<=28,1,"") -> 1 | H4: =ABS(E4) -> 6.4372614 | I4: 0.58671239 | J4: =(I4-C4)/C4*100 -> -5.790136 | K4: =IF(ABS(J4)<=15,1,"") -> 1 | L4: =IF(ABS(J4)<=28,1,"") -> 1 | M4: =ABS(J4) -> 5.790136 | N4: Simple | R4: KF (Smirnov, 1987)
A5: 4 | B5: LiCl | C5: 0.65551426 | D5: 0.66848974 | E5: =(D5-C5)/C5*100 -> 1.9794358 | F5: =IF(ABS(E5)<=15,1,"") -> 1 | G5: =IF(ABS(E5)<=28,1,"") -> 1 | H5: =ABS(E5) -> 1.9794358 | I5: 0.64227173 | J5: =(I5-C5)/C5*100 -> -2.0201743 | K5: =IF(ABS(J5)<=15,1,"") -> 1 | L5: =IF(ABS(J5)<=28,1,"") -> 1 | M5: =ABS(J5) -> 2.0201743 | N5: Simple | R5: LiCl (Nagasaka, 1992)
A6: 5 | B6: NaCl | C6: 0.4910426 | D6: 0.48411361 | E6: =(D6-C6)/C6*100 -> -1.4110761 | F6: =IF(ABS(E6)<=15,1,"") -> 1 | G6: =IF(ABS(E6)<=28,1,"") -> 1 | H6: =ABS(E6) -> 1.4110761 | I6: 0.49173897 | J6: =(I6-C6)/C6*100 -> 0.14181636 | K6: =IF(ABS(J6)<=15,1,"") -> 1 | L6: =IF(ABS(J6)<=28,1,"") -> 1 | M6: =ABS(J6) -> 0.14181636 | N6: Simple | R6: NaCl (Harada, 1992),NaCl (Nagasaka 1992)
A7: 6 | B7: KCl | C7: 0.36749822 | D7: 0.37249184 | E7: =(D7-C7)/C7*100 -> 1.3588159 | F7: =IF(ABS(E7)<=15,1,"") -> 1 | G7: =IF(ABS(E7)<=28,1,"") -> 1 | H7: =ABS(E7) -> 1.3588159 | I7: 0.41446032 | J7: =(I7-C7)/C7*100 -> 12.778866 | K7: =IF(ABS(J7)<=15,1,"") -> 1 | L7: =IF(ABS(J7)<=28,1,"") -> 1 | M7: =ABS(J7) -> 12.778866 | N7: Simple | R7: KCl (Harada, 1992),KCl (Nagasaka, 1992)
A8: 7 | B8: MgCl2 | C8: 0.54390686 | D8: 0.4382922 | E8: =(D8-C8)/C8*100 -> -19.417783 | F8: =IF(ABS(E8)<=15,1,"") | G8: =IF(ABS(E8)<=28,1,"") -> 1 | H8: =ABS(E8) -> 19.417783 | I8: 0.51755063 | J8: =(I8-C8)/C8*100 -> -4.8457238 | K8: =IF(ABS(J8)<=15,1,"") -> 1 | L8: =IF(ABS(J8)<=28,1,"") -> 1 | M8: =ABS(J8) -> 4.8457238 | N8: Simple | R8: MgCl2 (Filatov, 2005)
A9: 8 | B9: 0.6LiF-0.4NaF | C9: 0.86868921 | D9: 1.1656382 | E9: =(D9-C9)/C9*100 -> 34.183571 | F9: =IF(ABS(E9)<=15,1,"") | G9: =IF(ABS(E9)<=28,1,"") | H9: =ABS(E9) -> 34.183571 | I9: 0.75089815 | J9: =(I9-C9)/C9*100 -> -13.559632 | K9: =IF(ABS(J9)<=15,1,"") -> 1 | L9: =IF(ABS(J9)<=28,1,"") -> 1 | M9: =ABS(J9) -> 13.559632 | N9: Simple | R9: 0.6LiF-0.4NaF (BYU)
A10: 9 | B10: 0.42KF-0.465LiF-0.115NaF | C10: 0.79004699 | D10: 1.0027509 | E10: =(D10-C10)/C10*100 -> 26.922941 | F10: =IF(ABS(E10)<=15,1,"") | G10: =IF(ABS(E10)<=28,1,"") -> 1 | H10: =ABS(E10) -> 26.922941 | I10: 0.81775128 | J10: =(I10-C10)/C10*100 -> 3.5066641 | K10: =IF(ABS(J10)<=15,1,"") -> 1 | L10: =IF(ABS(J10)<=28,1,"") -> 1 | M10: =ABS(J10) -> 3.5066641 | N10: Simple | P10: K | R10: 0.465LiF-0.115NaF-0.42KF (Merritt, 2022),0.465LiF-0.115NaF-0.42KF (Gallagher, 2022),0.465LiF-0.115NaF-0.42KF (Rudenko, 2022)
A11: 10 | B11: 0.5KCl-0.5LiCl | C11: 0.6411837 | D11: 0.41311721 | E11: =(D11-C11)/C11*100 -> -35.569602 | F11: =IF(ABS(E11)<=15,1,"") | G11: =IF(ABS(E11)<=28,1,"") | H11: =ABS(E11) -> 35.569602 | I11: 0.34492501 | J11: =(I11-C11)/C11*100 -> -46.204962 | K11: =IF(ABS(J11)<=15,1,"") | L11: =IF(ABS(J11)<=28,1,"") | M11: =ABS(J11) -> 46.204962 | N11: Simple | P11: K | R11: 0.582LiCl-0.418KCl (Merritt, 2022)
A12: 11 | B12: 0.363KCl-0.637LiCl | C12: 0.62505654 | D12: 0.45917507 | E12: =(D12-C12)/C12*100 -> -26.538634 | F12: =IF(ABS(E12)<=15,1,"") | G12: =IF(ABS(E12)<=28,1,"") -> 1 | H12: =ABS(E12) -> 26.538634 | I12: 0.38724302 | J12: =(I12-C12)/C12*100 -> -38.046721 | K12: =IF(ABS(J12)<=15,1,"") | L12: =IF(ABS(J12)<=28,1,"") | M12: =ABS(J12) -> 38.046721 | N12: Simple | P12: K | R12: 0.582LiCl-0.418KCl (Merritt, 2022)
A13: 12 | B13: 0.5KCl-0.5NaCl | C13: 0.44780366 | D13: 0.42416468 | E13: =(D13-C13)/C13*100 -> -5.2788707 | F13: =IF(ABS(E13)<=15,1,"") -> 1 | G13: =IF(ABS(E13)<=28,1,"") -> 1 | H13: =ABS(E13) -> 5.2788707 | I13: 0.29663676 | J13: =(I13-C13)/C13*100 -> -33.757405 | K13: =IF(ABS(J13)<=15,1,"") | L13: =IF(ABS(J13)<=28,1,"") | M13: =ABS(J13) -> 33.757405 | N13: Simple | P13: K | R13: 0.51NaCl-0.49KCl (Ruth, 2024),0.44NaCl-0.56KCl (Birri, 2023),0.44NaCl-0.56KCl (Birri, 2022)
A14: 13 | B14: 0.5097CaCl2-0.4903NaCl | C14: 0.58073622 | D14: 0.3961107 | E14: =(D14-C14)/C14*100 -> -31.791632 | F14: =IF(ABS(E14)<=15,1,"") | G14: =IF(ABS(E14)<=28,1,"") | H14: =ABS(E14) -> 31.791632 | I14: 0.55191833 | J14: =(I14-C14)/C14*100 -> -4.9623032 | K14: =IF(ABS(J14)<=15,1,"") -> 1 | L14: =IF(ABS(J14)<=28,1,"") -> 1 | M14: =ABS(J14) -> 4.9623032 | N14: Simple | R14: 0.52NaCl-0.48CaCl2 (Tian, 2021)
A15: 14 | B15: 0.34BeF2-0.66LiF | C15: 1.1000358 | D15: 1.452807 | E15: =(D15-C15)/C15*100 -> 32.069064 | F15: =IF(ABS(E15)<=15,1,"") | G15: =IF(ABS(E15)<=28,1,"") | H15: =ABS(E15) -> 32.069064 | I15: 1.1826329 | J15: =(I15-C15)/C15*100 -> 7.508577 | K15: =IF(ABS(J15)<=15,1,"") -> 1 | L15: =IF(ABS(J15)<=28,1,"") -> 1 | M15: =ABS(J15) -> 7.508577 | N15: Complexing | R15: 0.66LiF-0.34BeF2 (Redkin, 2022),0.66LiF-0.34BeF2 (Kato, 1983),0.66LiF-0.34BeF2 (Bobrova, 2023)
A16: 15 | B16: 0.59KF-0.065MgF2-0.345NaF | C16: 0.76602038 | D16: 0.59295335 | E16: =(D16-C16)/C16*100 -> -22.593006 | F16: =IF(ABS(E16)<=15,1,"") | G16: =IF(ABS(E16)<=28,1,"") -> 1 | H16: =ABS(E16) -> 22.593006 | I16: 0.5107782 | J16: =(I16-C16)/C16*100 -> -33.320547 | K16: =IF(ABS(J16)<=15,1,"") | L16: =IF(ABS(J16)<=28,1,"") | M16: =ABS(J16) -> 33.320547 | N16: Complexing | O16: Mg | P16: K | R16: 0.345NaF-0.59KF-0.065MgF2 (Rudenko, 2024)
A17: 16 | B17: 0.41KCl-0.38MgCl2-0.21NaCl | C17: 0.48154458 | D17: 0.40743517 | E17: =(D17-C17)/C17*100 -> -15.389938 | F17: =IF(ABS(E17)<=15,1,"") | G17: =IF(ABS(E17)<=28,1,"") -> 1 | H17: =ABS(E17) -> 15.389938 | I17: 0.35422899 | J17: =(I17-C17)/C17*100 -> -26.439004 | K17: =IF(ABS(J17)<=15,1,"") | L17: =IF(ABS(J17)<=28,1,"") -> 1 | M17: =ABS(J17) -> 26.439004 | N17: Complexing | O17: Mg | P17: K | R17: 0.1511NaCl-0.3891KCl-0.4598MgCl2 (Wang, 2021)
A18: 17 | B18: 0.15CaCl2-0.315MgCl2-0.535NaCl | C18: 0.53550323 | D18: 0.38902203 | E18: =(D18-C18)/C18*100 -> -27.353935 | F18: =IF(ABS(E18)<=15,1,"") | G18: =IF(ABS(E18)<=28,1,"") -> 1 | H18: =ABS(E18) -> 27.353935 | I18: 0.15275869 | J18: =(I18-C18)/C18*100 -> -71.473805 | K18: =IF(ABS(J18)<=15,1,"") | L18: =IF(ABS(J18)<=28,1,"") | M18: =ABS(J18) -> 71.473805 | N18: Complexing | O18: Mg | R18: 0.535NaCl-0.15CaCl2-0.315MgCl2 (Wei, 2015)
A19: 18 | B19: 0.63NaCl-0.37UCl3 | C19: 0.24048477 | D19: 0.11439103 | E19: =(D19-C19)/C19*100 -> -52.433151 | F19: =IF(ABS(E19)<=15,1,"") | G19: =IF(ABS(E19)<=28,1,"") | H19: =ABS(E19) -> 52.433151 | I19: 0.20924461 | J19: =(I19-C19)/C19*100 -> -12.990495 | K19: =IF(ABS(J19)<=15,1,"") -> 1 | L19: =IF(ABS(J19)<=28,1,"") -> 1 | M19: =ABS(J19) -> 12.990495 | N19: Actinide | R19: 63NaCl-37UCl3 (Termini, 2024)
A20: 19 | B20: 0.658NaCl-0.342UCl3 | C20: 0.23356531 | D20: 0.10907665 | E20: =(D20-C20)/C20*100 -> -53.299292 | F20: =IF(ABS(E20)<=15,1,"") | G20: =IF(ABS(E20)<=28,1,"") | H20: =ABS(E20) -> 53.299292 | I20: 0.20485304 | J20: =(I20-C20)/C20*100 -> -12.293037 | K20: =IF(ABS(J20)<=15,1,"") -> 1 | L20: =IF(ABS(J20)<=28,1,"") -> 1 | M20: =ABS(J20) -> 12.293037 | N20: Actinide | R20: 65.8NaCl-34.2UCl3 (Rose, 2023)
D22: Salt Type | E22: Model | F22: MAE | G22: # within Exp. Error | H22: # within max var | K22: MAE
C23: 12 | D23: Simple | E23: KT | F23: =AVERAGE((H$2:H$14)) -> 17.441638 | G23: =COUNT(F$2:F$14) -> 6 | H23: =COUNT(G$2:G$14) -> 9 | I23: =G23/$C23 -> 0.5 | J23: =H23/$C23 -> 0.75
C24: 12 | E24: SCM | F24: =AVERAGE((M$2:M$14)) -> 15.067135 | G24: =COUNT(K$2:K$14) -> 9 | H24: =COUNT(L2:L14) -> 10 | I24: =G24/$C24 -> 0.75 | J24: =H24/$C24 -> 0.83333333
C25: 6 | D25: Complex | E25: KT | F25: =AVERAGE((H$15:H$20)) -> 33.856398 | G25: =COUNT(F$15:F$20) -> 0 | H25: =COUNT(G$15:G$20) -> 3 | I25: =G25/$C25 -> 0 | J25: =H25/$C25 -> 0.5
C26: 6 | E26: SCM | F26: =AVERAGE((M$15:M$20)) -> 27.337578 | G26: =COUNT(K$15:K$20) -> 3 | H26: =COUNT(L15:L20) -> 4 | I26: =G26/$C26 -> 0.5 | J26: =H26/$C26 -> 0.66666667
C27: 2 | D27: Act | E27: KT | F27: =AVERAGE((H$19:H$20)) -> 52.866222 | G27: =COUNT(F$19:F$20) -> 0 | H27: =COUNT(G$19:G$20) -> 0 | I27: =G27/$C27 -> 0 | J27: =H27/$C27 -> 0
C28: 2 | E28: SCM | F28: =AVERAGE((M$19:M$20)) -> 12.641766 | G28: =COUNT(K$19:K$20) -> 2 | H28: =COUNT(L19:L20) -> 2 | I28: =G28/$C28 -> 1 | J28: =H28/$C28 -> 1
C29: 3 | D29: Mg | E29: KT | F29: =AVERAGE((H$16:H$18)) -> 21.77896 | G29: =COUNT(F$16:F$18) -> 0 | H29: =COUNT(G$16:G$18) -> 3 | I29: =G29/$C29 -> 0 | J29: =H29/$C29 -> 1
C30: 3 | E30: SCM | F30: =AVERAGE((M$16:M$18)) -> 43.744452 | G30: =COUNT(K$16:K$18) -> 0 | H30: =COUNT(L16:L18) -> 1 | I30: =G30/$C30 -> 0 | J30: =H30/$C30 -> 0.33333333
C31: 19 | D31: All | E31: KT | F31: =AVERAGE((H$2:H$20)) -> 22.625246 | G31: =COUNT(F$2:F$20) -> 6 | H31: =COUNT(G$2:G$20) -> 12 | I31: =G31/$C31 -> 0.31578947 | J31: =H31/$C31 -> 0.63157895
C32: 19 | E32: SCM | F32: =AVERAGE((M$2:M$20)) -> 18.942012 | G32: =COUNT(K$2:K$20) -> 12 | H32: =COUNT(L2:L20) -> 14 | I32: =G32/$C32 -> 0.63157895 | J32: =H32/$C32 -> 0.73684211

Sheet Fig1_Fig2 (2)
R4: At min measured temp
A5: Salt Composition | B5: Melting Temp (K) | C5: Min Measured Temp (K) | D5: Gheribi-KTCPÎ» at Melt Temp (W/m-K) | E5: Gheribi-KTCPÎ», Mix Data at Melt Temp (W/m-K) | F5: Gheribi-KT-Emp at Melt Temp (W/m-K) | G5: Gheribi-KT-Emp-Mix at Melt Temp (W/m-K) | H5: Gheribi-KT24 at Melt Temp (W/m-K) | I5: Gheribi-KT24, Mix Data at Melt Temp (W/m-K) | J5: Zhao-PGM at Melt Temp (W/m-K) | K5: Zhao-PGM, Mix Data at Melt Temp (W/m-K) | L5: Present Model at Melt Temp (W/m-K) | M5: Present Model, Mix Data at Melt Temp (W/m-K) | N5: Present Model-VelCorr at Melt Temp (W/m-K) | O5: Bridgman at Melt Temp (W/m-K) | P5: Chapman-Enskog at Melt Temp (W/m-K) | Q5: Ideal at Melt Temp (W/m-K) | R5: Gheribi-KT-k_min (W/m-K) | S5: Gheribi-KT-k_min, Mix Data (W/m-K) | T5: Gheribi-KT-Emp (W/m-K) | U5: Gheribi-KT-Emp-Mix (W/m-K) | V5: Gheribi-KT24 | W5: % Dev | X5: Gheribi-KT24, Mix Data (W/m-K) | Y5: Zhao-PGM | Z5: % Dev | AA5: Zhao-PGM, Mix Data (W/m-K) | AB5: Present Model (W/m-K) | AC5: Present Model, Mix Data (W/m-K) | AD5: Present Model-VelCorr (W/m-K) | AE5: Bridgman (W/m-K) | AF5: Chapman-Enskog (W/m-K) | AG5: Ideal (W/m-K) | AH5: TC Experimental (W/m-K) | AI5: Exp. Reference | AJ5: TC MSTDB (W/m-K) | AK5: MSTDB Reference
A6: 0.725LiF-0.265BeF2-0.01UF4 | B6: 723 | C6: 882 | D6: 0.36678342 | F6: 0.39875169 | H6: 0.69535872 | J6: 0.78147755 | Q6: 1.3452379 | R6: 0.3588139 | T6: 0.39008756 | V6: 0.67741221 | W6: =ABS(($AH6-V6)/$AH6) -> 0.11985885 | Y6: 0.74096563 | Z6: =ABS(($AH6-Y6)/$AH6) -> 0.037285823 | AG6: 1.3016119 | AH6: 0.76966315 | AI6: 0.725LiF-0.265BeF2-0.01UF4 (Bobrova, 2023)
A7: 0.72LiF-0.26BeF2-0.02UF4 | B7: 723 | C7: 832 | D7: -0.1376048 | F7: -0.030277384 | H7: 0.56670078 | J7: 0.74820769 | Q7: 1.3360263 | R7: -0.13553534 | T7: -0.029822039 | V7: 0.55550594 | W7: =ABS(($AH7-V7)/$AH7) -> 0.2232675 | Y7: 0.72228652 | Z7: =ABS(($AH7-Y7)/$AH7) -> 0.009932345 | AG7: 1.3058004 | AH7: 0.71518308 | AI7: 0.72LiF-0.26BeF2-0.02UF4 (Bobrova, 2023)
A8: 0.63NaCl-0.37UCl3 | B8: 750 | C8: 802 | D8: 0.12623785 | F8: 0.13414681 | H8: 0.11469448 | J8: 0.30786468 | Q8: 0.45071802 | R8: 0.12332465 | T8: 0.13105109 | V8: 0.11214895 | W8: =ABS(($AH8-V8)/$AH8) -> 0.55163115 | Y8: 0.29987597 | Z8: =ABS(($AH8-Y8)/$AH8) -> 0.19889702 | AG8: 0.44198046 | AH8: 0.25012655 | AI8: 63NaCl-37UCl3 (Termini, 2024)
A9: 0.658NaCl-0.342UCl3 | B9: 750 | C9: 869.15 | D9: 0.11100367 | F9: 0.12242465 | H9: 0.11113907 | J9: 0.3107182 | Q9: 0.45854797 | R9: 0.10497932 | T9: 0.11578047 | V9: 0.10540828 | W9: =ABS(($AH9-V9)/$AH9) -> 0.49064414 | Y9: 0.29112923 | Z9: =ABS(($AH9-Y9)/$AH9) -> 0.40680012 | AG9: 0.43759544 | AH9: 0.20694427 | AI9: 65.8NaCl-34.2UCl3 (Rose, 2023)
A10: 0.712LiF-0.23BeF2-0.05ZrF4-0.008UF4 | B10: 723 | C10: 785.88122 | D10: 0.11450404 | F10: 0.21993592 | H10: 0.46469757 | J10: 0.72737521 | Q10: 1.322616 | R10: 0.11327849 | T10: 0.21758192 | V10: 0.46141777 | W10: =ABS(($AH10-V10)/$AH10) -> 0.63105706 | Y10: 0.71241195 | Z10: =ABS(($AH10-Y10)/$AH10) -> 0.43036576 | AG10: 1.3049988 | AH10: 1.2506481 | AI10: 0.712LiF-0.23BeF2-0.05ZrF4-0.008UF4 (Rosenthal, 1969)
A11: 0.675LiF-0.2BeF2-0.12ThF4-0.005UF4 | B11: 723 | C11: 811.82664 | D11: -0.68451425 | F11: -0.44302642 | H11: 0.11179706 | J11: 0.59758238 | Q11: 1.2528784 | R11: -0.67658391 | T11: -0.4378938 | V11: 0.10753765 | W11: =ABS(($AH11-V11)/$AH11) -> 0.91498381 | Y11: 0.58317547 | Z11: =ABS(($AH11-Y11)/$AH11) -> 0.53895815 | AG11: 1.2304066 | AH11: 1.2649079 | AI11: 0.675LiF-0.20BeF2-0.12ThF4-0.005UF4 (Rosenthal, 1969)
A12: 0.28NaF-0.42KF-0.3UF4 | B12: 878 | C12: 1023 | D12: 0.11971805 | F12: 0.13951714 | H12: 0.15108649 | J12: 0.3836312 | Q12: 0.62595318 | R12: 0.11574283 | T12: 0.1348845 | V12: 0.14300503 | W12: =ABS(($AH12-V12)/$AH12) -> 0.72446699 | Y12: 0.35966985 | Z12: =ABS(($AH12-Y12)/$AH12) -> 0.30701098 | AG12: 0.59800659 | AH12: 0.51901235 | AI12: 0.42KF-0.28NaF-0.30UF4 (Rudenko, 2024)
A13: 0.24NaF-0.36KF-0.4UF4 | B13: 878 | C13: 1073 | D13: 0.18851371 | F13: 0.19057901 | H13: 0.15917343 | J13: 0.36475139 | Q13: 0.57924146 | R13: 0.18133469 | T13: 0.18332134 | V13: 0.15118127 | W13: =ABS(($AH13-V13)/$AH13) -> 0.70253623 | Y13: 0.33864101 | Z13: =ABS(($AH13-Y13)/$AH13) -> 0.33369106 | AG13: 0.54654293 | AH13: 0.50823423 | AI13: 0.36KF-0.24NaF-0.40UF4 (Rudenko, 2024)
A14: 0.2NaF-0.3KF-0.5UF4 | B14: 878 | C14: 1073 | D14: 0.23423673 | F14: 0.21977532 | H14: 0.17464564 | J14: 0.34979074 | Q14: 0.53252974 | R14: 0.22647803 | T14: 0.21249562 | V14: 0.16870277 | W14: =ABS(($AH14-V14)/$AH14) -> 0.57854411 | Y14: 0.32853146 | Z14: =ABS(($AH14-Y14)/$AH14) -> 0.17925758 | AG14: 0.50439481 | AH14: 0.40028571 | AI14: 0.30KF-0.20NaF-0.50UF4 (Rudenko, 2024)
A15: 0.712LiF-0.23BeF2-0.05ZrF4-0.008UF4 | B15: 735 | C15: 785.88122 | D15: 0.11450404 | F15: 0.21993592 | H15: 0.46469757 | J15: 0.72737521 | L15: 0.72737521 | Q15: 1.322616 | R15: 0.11327849 | T15: 0.21758192 | V15: 0.46141777 | W15: =ABS(($AH15-V15)/$AH15) -> 0.63105706 | Y15: 0.71241195 | Z15: =ABS(($AH15-Y15)/$AH15) -> 0.43036576 | AB15: 0.71241195 | AG15: 1.3049988 | AH15: 1.2506481 | AI15: 0.465LiF-0.115NaF-0.42KF (Merritt, 2022),0.465LiF-0.115NaF-0.42KF (Gallagher, 2022),0.465LiF-0.115NaF-0.42KF (Rudenko, 2022)
A16: 0.73LiF-0.27BeF2 | B16: 723 | C16: 884 | D16: 1.1694201 | F16: 1.0901411 | H16: 1.0169508 | J16: 0.81942429 | Q16: 1.3544496 | R16: 1.143821 | T16: 1.0662774 | V16: 0.99333381 | W16: =ABS(($AH16-V16)/$AH16) -> 0.095706389 | Y16: 0.77570442 | Z16: =ABS(($AH16-Y16)/$AH16) -> 0.1443518 | AG16: 1.310565 | AH16: 0.90656933 | AI16: 0.73LiF-0.27BeF2 (Bobrova, 2023)
A17: 0.66LiF-0.34BeF2 | B17: 733 | C17: 884 | D17: 1.1321639 | E17: 1.6545464 | F17: 1.0327876 | G17: 1.5087682 | H17: 1.0025337 | I17: 1.518486 | J17: 0.77455399 | K17: 1.194875 | R17: 1.1128792 | S17: 1.6155238 | T17: 1.0151956 | U17: 1.4731838 | V17: 0.98447068 | W17: =ABS(($AH17-V17)/$AH17) -> 0.080050058 | X17: 1.4811883 | Y17: 0.74095938 | Z17: =ABS(($AH17-Y17)/$AH17) -> 0.18710304 | AA17: 1.1045267 | AH17: 0.91150468 | AI17: 0.73LiF-0.27BeF2 (Bobrova, 2023) | AJ17: 1.1 | AK17: Rosenthal 1969 [122]
A18: 0.4NaF-0.6KF | B18: 1000 | D18: 0.67334765 | F18: 0.67819467 | H18: 0.64214261 | J18: 0.4684939 | Q18: 0.73423486 | R18: 0.67334765 | T18: 0.67819467 | V18: 0.64214261 | W18: =ABS(($AH18-V18)/$AH18) -> 0.082653417 | Y18: 0.4684939 | Z18: =ABS(($AH18-Y18)/$AH18) -> 0.330723 | AG18: 0.73423486 | AH18: =AJ18 -> 0.7 | AJ18: 0.7 | AK18: Rudenko 2024 [178]
A19: 0.465LiF-0.115NaF-0.42KF | B19: 735 | C19: 742.4 | D19: 0.75544862 | F19: 0.76389433 | G19: 1.0241817 | H19: 0.6954626 | I19: 0.90509687 | J19: 0.65005469 | K19: 0.77295464 | Q19: 1.0993871 | R19: 0.75296021 | T19: 0.7613781 | U19: 1.0203939 | V19: 0.69317886 | W19: =ABS(($AH19-V19)/$AH19) -> 0.1226106 | X19: 0.90175871 | Y19: 0.6459406 | Z19: =ABS(($AH19-Y19)/$AH19) -> 0.1824023 | AA19: 0.76685546 | AG19: 1.0964289 | AH19: 0.79004699 | AI19: 0.465LiF-0.115NaF-0.42KF (Merritt, 2022),0.465LiF-0.115NaF-0.42KF (Gallagher, 2022),0.465LiF-0.115NaF-0.42KF (Rudenko, 2022)
A20: 0.2046NaCl-0.4131KCl-0.3823MgCl2 | B20: 700 | C20: 722.73281 | D20: 0.42631828 | F20: 0.39868607 | G20: 0.35511104 | H20: 0.39369828 | I20: 0.38744636 | J20: 0.34234495 | Q20: 0.47430496 | R20: 0.42244769 | T20: 0.39506636 | U20: 0.35163381 | V20: 0.39011154 | W20: =ABS(($AH20-V20)/$AH20) -> 0.17217062 | X20: 0.3836404 | Y20: 0.33784078 | Z20: =ABS(($AH20-Y20)/$AH20) -> 0.28309088 | AG20: 0.47038278 | AH20: 0.47124631 | AI20: 0.2046NaCl-0.4131KCl-0.3823MgCl2 (Wang, 2021)
A21: 0.345NaF-0.59KF-0.065MgF2 | B21: 958 | C21: 993.01378 | D21: 0.6779149 | F21: 0.67261166 | H21: 0.57197135 | I21: 0.59758621 | J21: 0.4860452 | K21: 0.49336011 | Q21: 0.74453173 | R21: 0.66907211 | T21: 0.66383804 | V21: 0.56448951 | W21: =ABS(($AH21-V21)/$AH21) -> 0.26308813 | X21: 0.58988275 | Y21: 0.47418606 | Z21: =ABS(($AH21-Y21)/$AH21) -> 0.38097462 | AA21: 0.48283679 | AG21: 0.73580725 | AH21: 0.76602038 | AI21: 0.345NaF-0.59KF-0.065MgF2 (Rudenko, 2024)
A22: 1.0LiCl | B22: 883 | C22: 965.57734 | D22: 0.68568905 | F22: 0.72519297 | H22: 0.68631947 | J22: 0.41038419 | Q22: 0.68524115 | R22: 0.66731827 | T22: 0.70576381 | V22: 0.6679318 | W22: =ABS(($AH22-V22)/$AH22) -> 0.018943205 | Y22: 0.3868412 | Z22: =ABS(($AH22-Y22)/$AH22) -> 0.40986607 | AG22: 0.66685348 | AH22: 0.65551426 | AI22: LiCl (Nagasaka, 1992)
A23: 1.0NaCl | B23: 1073.8 | C23: 1169.4387 | D23: 0.48765041 | F23: 0.492992 | H23: 0.48681288 | J23: 0.31017075 | Q23: 0.48673467 | R23: 0.46764534 | T23: 0.4727678 | V23: 0.46684217 | W23: =ABS(($AH23-V23)/$AH23) -> 0.11307557 | Y23: 0.28504925 | Z23: =ABS(($AH23-Y23)/$AH23) -> 0.45845264 | AG23: 0.46682997 | AH23: 0.5263607 | AI23: NaCl (Nagasaka 1992)
A24: 1.0KCl | B24: 1042.7 | C24: 1052.1639 | D24: 0.37448386 | F24: 0.39772402 | H24: 0.3742357 | J24: 0.26186835 | Q24: 0.37411661 | R24: 0.37273884 | T24: 0.39587071 | V24: 0.37249184 | W24: =ABS(($AH24-V24)/$AH24) -> 0.013588159 | Y24: 0.25964867 | Z24: =ABS(($AH24-Y24)/$AH24) -> 0.29346958 | AG24: 0.37237546 | AH24: 0.36749822 | AI24: KCl (Harada, 1992),KCl (Nagasaka, 1992)
A25: 1.0LiF | B25: 1121.2 | C25: 1121.2 | D25: 1.3492012 | F25: 1.4344247 | H25: 1.3498415 | J25: 0.80194503 | Q25: 1.3569764 | R25: 1.3492012 | T25: 1.4344247 | V25: 1.3498415 | W25: =ABS(($AH25-V25)/$AH25) -> 0.071577209 | Y25: 0.80194503 | Z25: =ABS(($AH25-Y25)/$AH25) -> 0.36337265 | AG25: 1.3569764 | AH25: 1.2596773 | AI25: LiF (Golyshev, 1982),LiF (Golyshev, 1983),LiF (Golyshev, 1992),LiF (Smirnov, 1987),LiF (Khlebnikov, 1981)
A26: 1.0NaF | B26: 1268 | C26: 1276.2108 | D26: 0.84228951 | F26: 0.90253851 | H26: 0.8422681 | J26: 0.53047696 | Q26: 0.84054676 | R26: 0.83982795 | T26: 0.89990088 | V26: 0.83980661 | W26: =ABS(($AH26-V26)/$AH26) -> 0.28778769 | Y26: 0.52656453 | Z26: =ABS(($AH26-Y26)/$AH26) -> 0.55343797 | AG26: 0.83809041 | AH26: 1.179152 | AI26: NaF (Smirnov, 1987),NaF (Polyakov, 1975)
A27: 1.0KF | B27: 1131.2 | C27: 1130.597 | D27: 0.58239325 | F27: 0.56777343 | H27: 0.58268228 | J27: 0.36409719 | Q27: 0.58236909 | R27: 0.58239325 | T27: 0.56777343 | V27: 0.58268228 | W27: =ABS(($AH27-V27)/$AH27) -> 0.064372614 | Y27: 0.36409719 | Z27: =ABS(($AH27-Y27)/$AH27) -> 0.41536011 | AG27: 0.58236909 | AH27: 0.62277172 | AI27: KF (Smirnov, 1987)
A28: 1.0MgCl2 | B28: 987 | C28: 986.86211 | D28: 0.43829221 | F28: 0.36348786 | H28: 0.4382922 | J28: 0.28861058 | Q28: 0.4382922 | R28: 0.43829221 | T28: 0.36348786 | V28: 0.4382922 | W28: =ABS(($AH28-V28)/$AH28) -> 0.19417783 | Y28: 0.28861058 | Z28: =ABS(($AH28-Y28)/$AH28) -> 0.469375 | AG28: 0.4382922 | AH28: 0.54390686 | AI28: MgCl2 (Filatov, 2005)
A29: 1.0MgF2 | B29: 1534.2 | C29: 1554.2416 | D29: 0.76994949 | F29: 0.65134847 | H29: 0.76994949 | J29: 0.55165642 | Q29: 0.76994949 | R29: 0.76680975 | T29: 0.64869236 | V29: 0.76680975 | W29: =ABS(($AH29-V29)/$AH29) -> 0.091875731 | Y29: 0.54942631 | Z29: =ABS(($AH29-Y29)/$AH29) -> 0.21766089 | AG29: 0.76680975 | AH29: 0.70228665 | AI29: MgF2 (Khlebnikov, 1981),MgF2 (Golyshev, 1992)
A30: 1.0CaF2 | B30: 1692 | C30: 1697.8471 | D30: 0.53240327 | F30: 0.56536852 | H30: 0.53240327 | J30: 0.42810664 | Q30: 0.53240327 | R30: 0.53209376 | T30: 0.56503984 | V30: 0.53209375 | W30: =ABS(($AH30-V30)/$AH30) -> 0.10256458 | Y30: 0.4277441 | Z30: =ABS(($AH30-Y30)/$AH30) -> 0.2785619 | AG30: 0.53209375 | AH30: 0.59290478 | AI30: CaF2 (Golyshev, 1992),CaF2 (Khlebnikov, 1981)
U35: Gheribi | V35: Zhao | X35: Labels
S36: Avg Error | T36: Actinide | U36: =AVERAGE(W6:W15) -> 0.55680469 | V36: =AVERAGE(Z6:Z15) -> 0.28725646 | X36: Gheribi; 11.8% MAE | Z36: Non-Actinides
T37: Non-actinide | U37: =AVERAGE(W16:W30) -> 0.11828279 | V37: =AVERAGE(Z16:Z30) -> 0.3312135 | X37: Zhao; 33.1% MAE | Z37: Actinides
X38: Gheribi; 55.7% MAE
U39: Deviation | X39: Zhao; 28.7% MAE
T40: 0 | U40: 1.15
T41: 0 | U41: 0.85

Sheet MFP-rsum
Q1: Gh-l | R1: Zh-l | Z1: Gh-l | AA1: Zh-l | BG1: scaled | BO1: Gh-c | BP1: Zh-c | BQ1: Gh-c scaled | BR1: Zh-c scaled | CB1: Zh-cv | CC1: Zh-cv | CD1: Gh-cv | CE1: Gh-cv | CF1: Zh_tot | CG1: Gh-tot
A2: Compound | B2: S/cm | C2: order | D2: protons | E2: electrons | F2: Mp/molecule | G2: Me/molecule | H2: ratio of Mpe*# | I2: ratio | J2: Dif mass | K2: M_i (g/mol) | L2: Visc (N*s/m^2) | M2: T_i_m (K) inverse | N2: T_i_m (K) | O2: V_i_m (m^3/mol) | P2: alpha_i_m (K^-1) | Q2: n (atoms/m#)^-1/3 | R2: sum_radii | S2: dif_Avg | T2: %dev | U2: r_c (m) | V2: r_a (m) | W2: V_m-dist | X2: 1stPeak | Y2: delta | Z2: --> Scaled | AA2: --> Scaled | AB2: rho_m (g/m^3) | AC2: SoS(T)_A (A+B*T) | AD2: SoS(T)_B | AE2: A (Density (g/cm3): A - BT(K)) | AF2: B (Density (g/cm3): A - BT(K)) | AG2: m_cation | AH2: m_anion | AI2: mass_disparity | AK2: #_cations | AL2: #_anions | AM2: sum_ions | AN2: Psi | AO2: λ_meas_OG | AP2: λ_meas | AQ2: 1/3*Cp*vs*r_sumCorrect | AR2: Error | AS2: 1/3*Cp*vs*1stPk | AT2: 1/3*Cp*vs*AvgPk | AU2: 1/3*Cp*vs*r_sum | AV2: dev_λ | AW2: c_BC,rsum | AX2: c_BC_λBC | AY2: 1/3*Cp*vs | AZ2: r_sum | BA2: 1stPeak | BB2: AvgMFP | BC2: λBC | BD2: MFP_calc | BE2: MFP_dev | BF2: 1/3*Cp*r_sum | BG2: SoS_Tm | BH2: SoS_Tm | BI2: SoS_metal | BJ2: vs_calc | BK2: vs_dev | BL2: 1/3*vs*r_sum | BM2: C_i_p (J/mol/K) | BN2: kB*n | BO2: Psi*kB*n | BP2: 1/3*c_p' | BQ2: Psi*kB*n | BR2: 1/3*c_p' | BS2: difAvg | BT2: %dev | BU2: Gh-c*l | BV2: Zh-c*l | BW2: %Dev | BX2: Cp(MJ/m3-K) | BY2: Cp(J/m3-K) | BZ2: Cp_calc | CA2: Cp_dev | CB2: 1/3*vs*cp | CC2: --> Scaled | CD2: vs*cp | CE2: --> Scaled | CF2: 1/3*vs*cp*rsum | CG2: Psi*kB*n*mfp | CH2: mu | CI2: V_ca(r ) | CJ2: R(pm) | CK2: R(pm)/mu | CL2: 1/sqrt(mu) | CM2: x_ca,peak | CN2: R(pm)/mu | CO2: V/mu | CP2: R | CQ2: Visc/(Dens*C0)
A3: LiF | B3: 9.95 | C3: 1 | D3: 12 | E3: 12 | F3: =D3*1.6726219E-27 -> 2.0071463e-26 | G3: =E3*9.1093856E-31 -> 1.0931263e-29 | H3: =((F3*D3)/(G3*E3)) -> 1836.1523 | I3: =D3/E3 -> 1 | J3: =(F3)-(G3) -> 2.0060532e-26 | K3: 25.939 | L3: =0.115*EXP(27000/(8.3144598*N3))/1000 -> 0.0020988673 | M3: =N3^-1 -> 0.00089433439 | N3: 1118.15 | O3: 1.42e-05 | P3: 0.000268 | Q3: =((6.02214076E+23*AM3)/O3)^(-1/3) -> 2.2759837e-10 | R3: =V3+U3 -> 2.09e-10 | S3: =Q3-R3 -> 1.8598371e-11 | T3: =(Q3-R3)/Q3 -> 0.081715746 | U3: 7.6e-11 | V3: 1.33e-10 | W3: =(( (O3/6.02214076E+23)^(1/3)) + (R3)) / 2 -> 2.4787799e-10 | X3: 1.87745 | Y3: =V3/U3 -> 1.75 | Z3: =Q3*10000000000 -> 2.2759837 | AA3: =R3*10000000000 -> 2.09 | AB3: 1810000 | AC3: 2547.8 | AD3: 0 | AE3: 2.3581 | AF3: -0.0004902 | AG3: 6.941 | AH3: 18.998403 | AI3: =ABS(AH3-AG3) -> 12.057403 | AJ3: =K3/CH3 -> 5.1023951 | AK3: 1 | AL3: 1 | AM3: =AK3+AL3 -> 2 | AN3: =1+AK3/AL3 -> 2 | AO3: 1.33125 | AP3: 1.2606752 | AQ3: =1/3*BY3*BH3*R3 -> 0.80248523 | AR3: =ABS((AP3-AQ3)/AP3) -> 0.36344809 | AS3: =1/3*BY3*BH3*BA3 -> 0.72246878 | AT3: =1/3*BY3*BH3*BB3 -> 0.90368251 | AU3: 0.79448872 | AV3: =(AP3-AU3)/AP3 -> 0.36979113 | AW3: =AP3/(1/3*BH3*R3) -> 7102526.4 | AX3: =AP3/(1/3*BH3*BC3) -> 4521126.8 | AY3: 3.8013815e+09 | AZ3: =AU3/AY3 -> 2.09e-10 | BA3: 1.8816044e-10 | BB3: 2.3535591e-10 | BC3: =AP3/(1/3*BY3*BH3) -> 3.2833143e-10 | BD3: =AP3/AY3 -> 3.3163608e-10 | BE3: =(BD3-AZ3)/AZ3 -> 0.5867755 | BF3: =AU3/BH3 -> 0.00031183324 | BG3: =BH3/1000 -> 2.5478 | BH3: =AC3+AD3*N3 -> 2547.8 | BI3: 3500 | BJ3: =AP3/BF3 -> 4042.7866 | BK3: =(BJ3-BH3)/BH3 -> 0.5867755 | BL3: =AU3/BM3 -> 0.012375214 | BM3: 64.2 | BN3: =1.380649E-23*(Q3^(-3)) -> 1171051.1 | BO3: =BN3*AN3 -> 2342102.1 | BP3: =1/3*BX3*10^6 -> 1507042.3 | BQ3: =BO3*0.000001 -> 2.3421021 | BR3: =BP3*0.000001 -> 1.5070423 | BS3: =BO3-BP3 -> 835059.89 | BT3: =(BO3-BP3)/BO3 -> 0.3565429 | BU3: =Q3*BO3 -> 0.00053305863 | BV3: =S3*BP3 -> 2.8028531e-05 | BW3: =(BU3-BV3)/BU3 -> 0.94741942 | BX3: =BY3/1000000 -> 4.5211268 | BY3: =BM3/O3 -> 4521126.8 | BZ3: =AP3/(BL3) -> 101.87099 | CA3: =(BZ3-BM3)/BM3 -> 0.5867755 | CB3: =BH3*BP3 -> 3.8396423e+09 | CC3: =CB3*0.000000001 -> 3.8396423 | CD3: =BH3*BO3 -> 5.9672078e+09 | CE3: =CD3*0.000000001 -> 5.9672078 | CF3: =CB3*R3 -> 0.80248523 | CG3: =CD3*Q3 -> 1.3581268 | CH3: 5.083691 | CI3: -6.5464269e-05 | CJ3: 0.87109136 | CK3: =SQRT(CJ3/CH3) -> 0.41394466 | CL3: =SQRT(1/CH3) -> 0.44351716 | CM3: 1.84e-10 | CN3: =CM3*SQRT(CJ3/CH3) -> 7.6165817e-11 | CO3: =SQRT(ABS(CI3))/CH3 -> 0.00159156 | CP3: =BH3^(2/3)*O3 -> 0.002648898 | CQ3: =L3/(AB3/1000*(AC3+AD3*N3)) -> 4.5513588e-10
A4: NaF | B4: 6.9 | C4: 1 | D4: 20 | E4: 20 | F4: =D4*1.6726219E-27 -> 3.3452438e-26 | G4: =E4*9.1093856E-31 -> 1.8218771e-29 | H4: =((F4*D4)/(G4*E4)) -> 1836.1523 | I4: =D4/E4 -> 1 | J4: =(F4)-(G4) -> 3.3434219e-26 | K4: 41.988 | L4: =0.12*EXP(26500/(8.3144598*N4))/1000 -> 0.0014814456 | M4: =N4^-1 -> 0.00078855025 | N4: 1268.15 | O4: 2.16e-05 | P4: 0.000288 | Q4: =((6.02214076E+23*AM4)/O4)^(-1/3) -> 2.6175257e-10 | R4: =V4+U4 -> 2.35e-10 | S4: =Q4-R4 -> 2.6752568e-11 | T4: =(Q4-R4)/Q4 -> 0.10220556 | U4: 1.02e-10 | V4: 1.33e-10 | W4: =(( (O4/6.02214076E+23)^(1/3)) + (R4)) / 2 -> 2.8239379e-10 | X4: 2.16677 | Y4: =V4/U4 -> 1.3039216 | Z4: =Q4*10000000000 -> 2.6175257 | AA4: =R4*10000000000 -> 2.35 | AB4: 1950000 | AC4: 2085.5 | AD4: 0 | AE4: 2.755 | AF4: -0.000636 | AG4: 22.989769 | AH4: 18.998403 | AI4: =ABS(AH4-AG4) -> 3.991366 | AJ4: =K4/CH4 -> 4.0364581 | AK4: 1 | AL4: 1 | AM4: =AK4+AL4 -> 2 | AN4: =1+AK4/AL4 -> 2 | AO4: 0.8279 | AP4: 1.179152 | AQ4: =1/3*BY4*BH4*R4 -> 0.53093354 | AR4: =ABS((AP4-AQ4)/AP4) -> 0.54973276 | AS4: =1/3*BY4*BH4*BA4 -> 0.49109756 | AT4: =1/3*BY4*BH4*BB4 -> 0.59812176 | AU4: 0.53220718 | AV4: =(AP4-AU4)/AP4 -> 0.54865263 | AW4: =AP4/(1/3*BH4*R4) -> 7217935.7 | AX4: =AP4/(1/3*BH4*BC4) -> 3250000 | AY4: 2.2647114e+09 | AZ4: =AU4/AY4 -> 2.35e-10 | BA4: 2.1736793e-10 | BB4: 2.6473862e-10 | BC4: =AP4/(1/3*BY4*BH4) -> 5.2191227e-10 | BD4: =AP4/AY4 -> 5.2066327e-10 | BE4: =(BD4-AZ4)/AZ4 -> 1.2155884 | BF4: =AU4/BH4 -> 0.00025519404 | BG4: =BH4/1000 -> 2.0855 | BH4: =AC4+AD4*N4 -> 2085.5 | BI4: 2720 | BJ4: =AP4/BF4 -> 4620.6096 | BK4: =(BJ4-BH4)/BH4 -> 1.2155884 | BL4: =AU4/BM4 -> 0.0075812988 | BM4: 70.2 | BN4: =1.380649E-23*(Q4^(-3)) -> 769857.65 | BO4: =BN4*AN4 -> 1539715.3 | BP4: =1/3*BX4*10^6 -> 1083333.3 | BQ4: =BO4*0.000001 -> 1.5397153 | BR4: =BP4*0.000001 -> 1.0833333 | BS4: =BO4-BP4 -> 456381.97 | BT4: =(BO4-BP4)/BO4 -> 0.29640672 | BU4: =Q4*BO4 -> 0.00040302443 | BV4: =S4*BP4 -> 2.8981949e-05 | BW4: =(BU4-BV4)/BU4 -> 0.92808885 | BX4: =BY4/1000000 -> 3.25 | BY4: =BM4/O4 -> 3250000 | BZ4: =AP4/(BL4) -> 155.53431 | CA4: =(BZ4-BM4)/BM4 -> 1.2155884 | CB4: =BH4*BP4 -> 2.2592917e+09 | CC4: =CB4*0.000000001 -> 2.2592917 | CD4: =BH4*BO4 -> 3.2110763e+09 | CE4: =CD4*0.000000001 -> 3.2110763 | CF4: =CB4*R4 -> 0.53093354 | CG4: =CD4*Q4 -> 0.84050746 | CH4: 10.402189 | CI4: -0.00064235936 | CJ4: 0.88236536 | CK4: =SQRT(CJ4/CH4) -> 0.29124726 | CL4: =SQRT(1/CH4) -> 0.31005421 | CM4: 2.14e-10 | CN4: =CM4*SQRT(CJ4/CH4) -> 6.2326915e-11 | CO4: =SQRT(ABS(CI4))/CH4 -> 0.0024364881 | CP4: =BH4^(2/3)*O4 -> 0.0035258233 | CQ4: =L4/(AB4/1000*(AC4+AD4*N4)) -> 3.6428469e-10
A5: KF | B5: 5.1 | C5: 1 | D5: 28 | E5: 28 | F5: =D5*1.6726219E-27 -> 4.6833413e-26 | G5: =E5*9.1093856E-31 -> 2.550628e-29 | H5: =((F5*D5)/(G5*E5)) -> 1836.1523 | I5: =D5/E5 -> 1 | J5: =(F5)-(G5) -> 4.6807907e-26 | K5: 58.097 | L5: =0.107*EXP(23800/(8.3144598*N5))/1000 -> 0.001350063 | M5: =N5^-1 -> 0.00088562193 | N5: 1129.15 | O5: 3.04e-05 | P5: 0.000341 | Q5: =((6.02214076E+23*AM5)/O5)^(-1/3) -> 2.9333523e-10 | R5: =V5+U5 -> 2.71e-10 | S5: =Q5-R5 -> 2.2335232e-11 | T5: =(Q5-R5)/Q5 -> 0.076142344 | U5: 1.38e-10 | V5: 1.33e-10 | W5: =(( (O5/6.02214076E+23)^(1/3)) + (R5)) / 2 -> 3.2028962e-10 | X5: 2.48194 | Y5: =V5/U5 -> 0.96376812 | Z5: =Q5*10000000000 -> 2.9333523 | AA5: =R5*10000000000 -> 2.71 | AB5: 1910000 | AC5: 1816.4 | AD5: 0 | AE5: 2.6464 | AF5: -0.0006515 | AG5: 39.0983 | AH5: 18.998403 | AI5: =ABS(AH5-AG5) -> 20.099897 | AJ5: =K5/CH5 -> 4.5439152 | AK5: 1 | AL5: 1 | AM5: =AK5+AL5 -> 2 | AN5: =1+AK5/AL5 -> 2 | AO5: 0.57 | AP5: 0.62277172 | AQ5: =1/3*BY5*BH5*R5 -> 0.36108718 | AR5: =ABS((AP5-AQ5)/AP5) -> 0.42019337 | AS5: =1/3*BY5*BH5*BA5 -> 0.32961603 | AT5: =1/3*BY5*BH5*BB5 -> 0.40376311 | AU5: 0.36077309 | AV5: =(AP5-AU5)/AP5 -> 0.4206977 | AW5: =AP5/(1/3*BH5*R5) -> 3795503.1 | AX5: =AP5/(1/3*BH5*BC5) -> 2200657.9 | AY5: 1.331266e+09 | AZ5: =AU5/AY5 -> 2.71e-10 | BA5: 2.4738055e-10 | BB5: 3.0302877e-10 | BC5: =AP5/(1/3*BY5*BH5) -> 4.6739721e-10 | BD5: =AP5/AY5 -> 4.6780412e-10 | BE5: =(BD5-AZ5)/AZ5 -> 0.72621446 | BF5: =AU5/BH5 -> 0.00019861985 | BG5: =BH5/1000 -> 1.8164 | BH5: =AC5+AD5*N5 -> 1816.4 | BI5: 2360 | BJ5: =AP5/BF5 -> 3135.4959 | BK5: =(BJ5-BH5)/BH5 -> 0.72621446 | BL5: =AU5/BM5 -> 0.0053927218 | BM5: 66.9 | BN5: =1.380649E-23*(Q5^(-3)) -> 547004.12 | BO5: =BN5*AN5 -> 1094008.2 | BP5: =1/3*BX5*10^6 -> 733552.63 | BQ5: =BO5*0.000001 -> 1.0940082 | BR5: =BP5*0.000001 -> 0.73355263 | BS5: =BO5-BP5 -> 360455.61 | BT5: =(BO5-BP5)/BO5 -> 0.32948162 | BU5: =Q5*BO5 -> 0.00032091116 | BV5: =S5*BP5 -> 1.6384068e-05 | BW5: =(BU5-BV5)/BU5 -> 0.94894516 | BX5: =BY5/1000000 -> 2.2006579 | BY5: =BM5/O5 -> 2200657.9 | BZ5: =AP5/(BL5) -> 115.48375 | CA5: =(BZ5-BM5)/BM5 -> 0.72621446 | CB5: =BH5*BP5 -> 1332425000 | CC5: =CB5*0.000000001 -> 1.332425 | CD5: =BH5*BO5 -> 1.9871566e+09 | CE5: =CD5*0.000000001 -> 1.9871566 | CF5: =CB5*R5 -> 0.36108717 | CG5: =CD5*Q5 -> 0.58290303 | CH5: 12.78567 | CI5: -0.0013975067 | CJ5: 0.88025103 | CK5: =SQRT(CJ5/CH5) -> 0.26238652 | CL5: =SQRT(1/CH5) -> 0.27966509 | CM5: 2.44e-10 | CN5: =CM5*SQRT(CJ5/CH5) -> 6.4022312e-11 | CO5: =SQRT(ABS(CI5))/CH5 -> 0.0029238391 | CP5: =BH5^(2/3)*O5 -> 0.0045256529 | CQ5: =L5/(AB5/1000*(AC5+AD5*N5)) -> 3.8914297e-10
A6: RbF | C6: 1 | D6: 46 | E6: 46 | F6: =D6*1.6726219E-27 -> 7.6940607e-26 | G6: =E6*9.1093856E-31 -> 4.1903174e-29 | H6: =((F6*D6)/(G6*E6)) -> 1836.1523 | I6: =D6/E6 -> 1 | J6: =(F6)-(G6) -> 7.6898704e-26 | K6: 104.4662 | L6: =0.115*EXP(27000/(8.3144598*N6))/1000 -> 0.0025481161 | M6: =N6^-1 -> 0.00095406192 | N6: 1048.15 | O6: 3.57e-05 | P6: 0.000349 | Q6: =((6.02214076E+23*AM6)/O6)^(-1/3) -> 3.0947752e-10 | R6: =V6+U6 -> 2.85e-10 | S6: =Q6-R6 -> 2.4477519e-11 | T6: =(Q6-R6)/Q6 -> 0.079093043 | U6: 1.52e-10 | V6: 1.33e-10 | W6: =(( (O6/6.02214076E+23)^(1/3)) + (R6)) / 2 -> 3.3745862e-10 | Y6: =V6/U6 -> 0.875 | Z6: =Q6*10000000000 -> 3.0947752 | AA6: =R6*10000000000 -> 2.85 | AB6: =K6/O6 -> 2926224.1 | AC6: 1760.4 | AD6: 0 | AE6: =AB6*100^3/1000 -> 2.9262241e+09 | AF6: 0 | AG6: 85.4678 | AH6: 18.998403 | AI6: =ABS(AH6-AG6) -> 66.469397 | AJ6: =K6/CH6 -> 6.7209704 | AK6: 1 | AL6: 1 | AM6: =AK6+AL6 -> 2 | AN6: =1+AK6/AL6 -> 2 | AO6: 0.48965 | AP6: 0.48965 | AQ6: =1/3*BY6*BH6*R6 -> 0.32557538 | AR6: =ABS((AP6-AQ6)/AP6) -> 0.33508551 | AS6: =1/3*BY6*BH6*BA6 -> 0.29579641 | AW6: =AP6/(1/3*BH6*R6) -> 2927863.3 | AX6: =AP6/(1/3*BH6*BC6) -> 1946778.7 | BA6: 2.5893228e-10 | BC6: =AP6/(1/3*BY6*BH6) -> 4.2862655e-10 | BD6: 2.5893228e-10 | BG6: =BH6/1000 -> 1.7604 | BH6: =AC6+AD6*N6 -> 1760.4 | BL6: =AU6/BM6 -> 0 | BM6: 69.5 | BN6: =1.380649E-23*(Q6^(-3)) -> 465796.23 | BO6: =BN6*AN6 -> 931592.45 | BP6: =1/3*BX6*10^6 -> 648926.24 | BQ6: =BO6*0.000001 -> 0.93159245 | BR6: =BP6*0.000001 -> 0.64892624 | BS6: =BO6-BP6 -> 282666.21 | BT6: =(BO6-BP6)/BO6 -> 0.30342261 | BU6: =Q6*BO6 -> 0.00028830692 | BV6: =S6*BP6 -> 1.5884104e-05 | BW6: =(BU6-BV6)/BU6 -> 0.94490557 | BX6: =BY6/1000000 -> 1.9467787 | BY6: =BM6/O6 -> 1946778.7 | CB6: =BH6*BP6 -> 1.1423697e+09 | CC6: =CB6*0.000000001 -> 1.1423697 | CD6: =BH6*BO6 -> 1.6399753e+09 | CE6: =CD6*0.000000001 -> 1.6399753 | CF6: =CB6*R6 -> 0.32557538 | CG6: =CD6*Q6 -> 0.5075355 | CH6: 15.543321 | CI6: -0.0018393987 | CL6: =SQRT(1/CH6) -> 0.25364604 | CM6: 2.56e-10 | CN6: =R6*SQRT(0.9/CH6) -> 6.8579483e-11 | CO6: =SQRT(ABS(CI6))/CH6 -> 0.0027592695 | CP6: =BH6^(2/3)*O6 -> 0.0052048608 | CQ6: =L6/(AB6/1000*(AC6+AD6*N6)) -> 4.9465257e-10
A7: CsF | C7: 1 | D7: 64 | E7: 64 | F7: =D7*1.6726219E-27 -> 1.070478e-25 | G7: =E7*9.1093856E-31 -> 5.8300068e-29 | H7: =((F7*D7)/(G7*E7)) -> 1836.1523 | I7: =D7/E7 -> 1 | J7: =(F7)-(G7) -> 1.069895e-25 | K7: 58.44 | L7: =0.115*EXP(27000/(8.3144598*N7))/1000 -> 0.0034453112 | M7: =N7^-1 -> 0.001046956 | N7: 955.15 | O7: 4.57e-05 | P7: 0.000385 | Q7: =((6.02214076E+23*AM7)/O7)^(-1/3) -> 3.360303e-10 | R7: =V7+U7 -> 3e-10 | S7: =Q7-R7 -> 3.6030296e-11 | T7: =(Q7-R7)/Q7 -> 0.10722335 | U7: 1.67e-10 | V7: 1.33e-10 | W7: =(( (O7/6.02214076E+23)^(1/3)) + (R7)) / 2 -> 3.6168582e-10 | Y7: =V7/U7 -> 0.79640719 | Z7: =Q7*10000000000 -> 3.360303 | AA7: =R7*10000000000 -> 3 | AB7: 2196977.2 | AC7: 2732.9322 | AD7: -0.915 | AE7: 4.8985 | AF7: -0.000543 | AG7: 132.90545 | AH7: 18.998403 | AI7: =ABS(AH7-AG7) -> 113.90705 | AJ7: =K7/CH7 -> 3.5157592 | AK7: 1 | AL7: 1 | AM7: =AK7+AL7 -> 2 | AN7: =1+AK7/AL7 -> 2 | AO7: 0.36715 | AP7: 0.36715 | AQ7: =1/3*BY7*BH7*R7 -> 0.30142161 | AR7: =ABS((AP7-AQ7)/AP7) -> 0.17902325 | AS7: =1/3*BY7*BH7*BA7 -> 0.28095437 | AW7: =AP7/(1/3*BH7*R7) -> 1975018.4 | AX7: =AP7/(1/3*BH7*BC7) -> 1621444.2 | BA7: 2.7962928e-10 | BC7: =AP7/(1/3*BY7*BH7) -> 3.6541839e-10 | BD7: 2.7962928e-10 | BG7: =BH7/1000 -> 1.85897 | BH7: =AC7+AD7*N7 -> 1858.97 | BL7: =AU7/BM7 -> 0 | BM7: 74.1 | BN7: =1.380649E-23*(Q7^(-3)) -> 363871.45 | BO7: =BN7*AN7 -> 727742.9 | BP7: =1/3*BX7*10^6 -> 540481.4 | BQ7: =BO7*0.000001 -> 0.7277429 | BR7: =BP7*0.000001 -> 0.5404814 | BS7: =BO7-BP7 -> 187261.5 | BT7: =(BO7-BP7)/BO7 -> 0.25731821 | BU7: =Q7*BO7 -> 0.00024454366 | BV7: =S7*BP7 -> 1.9473705e-05 | BW7: =(BU7-BV7)/BU7 -> 0.92036717 | BX7: =BY7/1000000 -> 1.6214442 | BY7: =BM7/O7 -> 1621444.2 | CB7: =BH7*BP7 -> 1.0047387e+09 | CC7: =CB7*0.000000001 -> 1.0047387 | CD7: =BH7*BO7 -> 1.3528522e+09 | CE7: =CD7*0.000000001 -> 1.3528522 | CF7: =CB7*R7 -> 0.30142161 | CG7: =CD7*Q7 -> 0.45459933 | CH7: 16.622299 | CI7: -0.0029196881 | CL7: =SQRT(1/CH7) -> 0.24527566 | CM7: 2.76e-10 | CN7: =R7*SQRT(0.9/CH7) -> 6.9806677e-11 | CO7: =SQRT(ABS(CI7))/CH7 -> 0.0032507018 | CP7: =BH7^(2/3)*O7 -> 0.0069092534 | CQ7: =L7/(AB7/1000*(AC7+AD7*N7)) -> 8.4358824e-10
A8: LiCl | B8: 3.67 | C8: 1 | D8: 20 | E8: 20 | F8: =D8*1.6726219E-27 -> 3.3452438e-26 | G8: =E8*9.1093856E-31 -> 1.8218771e-29 | H8: =((F8*D8)/(G8*E8)) -> 1836.1523 | I8: =D8/E8 -> 1 | J8: =(F8)-(G8) -> 3.3434219e-26 | K8: 42.394 | L8: =0.0726*EXP(22400/(8.3144598*N8))/1000 -> 0.0015609789 | M8: =N8^-1 -> 0.0011388225 | N8: 878.1 | O8: =K8/AB8 -> 2.8281521e-05 | P8: 0.000288 | Q8: =((6.02214076E+23*AM8)/O8)^(-1/3) -> 2.8635666e-10 | R8: =V8+U8 -> 2.57e-10 | S8: =Q8-R8 -> 2.935666e-11 | T8: =(Q8-R8)/Q8 -> 0.10251782 | U8: 7.6e-11 | V8: 1.81e-10 | W8: =(( (O8/6.02214076E+23)^(1/3)) + (R8)) / 2 -> 3.0889339e-10 | X8: 2.37294 | Y8: =V8/U8 -> 2.3815789 | Z8: =Q8*10000000000 -> 2.8635666 | AA8: =R8*10000000000 -> 2.57 | AB8: 1499000 | AC8: 2787.9043 | AD8: -0.849 | AE8: 1.8842 | AF8: -0.0004328 | AG8: 6.941 | AH8: 35.45 | AI8: =ABS(AH8-AG8) -> 28.509 | AJ8: =K8/CH8 -> 7.3036475 | AK8: 1 | AL8: 1 | AM8: =AK8+AL8 -> 2 | AN8: =1+AK8/AL8 -> 2 | AO8: 0.6126 | AP8: 0.65551426 | AQ8: =1/3*BY8*BH8*R8 -> 0.40225026 | AR8: =ABS((AP8-AQ8)/AP8) -> 0.38635926 | AS8: =1/3*BY8*BH8*BA8 -> 0.37226977 | AT8: =1/3*BY8*BH8*BB8 -> 0.46741266 | AU8: 0.40224439 | AV8: =(AP8-AU8)/AP8 -> 0.38636821 | AW8: =AP8/(1/3*BH8*R8) -> 3746536.9 | AX8: =AP8/(1/3*BH8*BC8) -> 2299027.7 | AY8: 1.5651533e+09 | AZ8: =AU8/AY8 -> 2.57e-10 | BA8: 2.378453e-10 | BB8: 2.9863264e-10 | BC8: =AP8/(1/3*BY8*BH8) -> 4.1881183e-10 | BD8: =AP8/AY8 -> 4.1881793e-10 | BE8: =(BD8-AZ8)/AZ8 -> 0.62964176 | BF8: =AU8/BH8 -> 0.00019694717 | BG8: =BH8/1000 -> 2.0423974 | BH8: =AC8+AD8*N8 -> 2042.3974 | BI8: 3500 | BJ8: =AP8/BF8 -> 3328.3762 | BK8: =(BJ8-BH8)/BH8 -> 0.62964176 | BL8: =AU8/BM8 -> 0.0061864717 | BM8: 65.02 | BN8: =1.380649E-23*(Q8^(-3)) -> 587978.46 | BO8: =BN8*AN8 -> 1175956.9 | BP8: =1/3*BX8*10^6 -> 766342.56 | BQ8: =BO8*0.000001 -> 1.1759569 | BR8: =BP8*0.000001 -> 0.76634256 | BS8: =BO8-BP8 -> 409614.36 | BT8: =(BO8-BP8)/BO8 -> 0.34832429 | BU8: =Q8*BO8 -> 0.0003367431 | BV8: =S8*BP8 -> 2.2497258e-05 | BW8: =(BU8-BV8)/BU8 -> 0.93319163 | BX8: =BY8/1000000 -> 2.2990277 | BY8: =BM8/O8 -> 2299027.7 | BZ8: =AP8/(BL8) -> 105.95931 | CA8: =(BZ8-BM8)/BM8 -> 0.62964176 | CB8: =BH8*BP8 -> 1.5651761e+09 | CC8: =CB8*0.000000001 -> 1.5651761 | CD8: =BH8*BO8 -> 2.4017714e+09 | CE8: =CD8*0.000000001 -> 2.4017714 | CF8: =CB8*R8 -> 0.40225026 | CG8: =CD8*Q8 -> 0.68776324 | CH8: 5.804497 | CI8: -0.00044547221 | CJ8: 0.88854851 | CK8: =SQRT(CJ8/CH8) -> 0.39125354 | CL8: =SQRT(1/CH8) -> 0.41506652 | CM8: 2.36e-10 | CN8: =CM8*SQRT(CJ8/CH8) -> 9.2335835e-11 | CO8: =SQRT(ABS(CI8))/CH8 -> 0.0036361829 | CP8: =BH8^(2/3)*O8 -> 0.0045526361 | CQ8: =L8/(AB8/1000*(AC8+AD8*N8)) -> 5.0986493e-10
A9: NaCl | B9: 3.94 | C9: 1 | D9: 28 | E9: 28 | F9: =D9*1.6726219E-27 -> 4.6833413e-26 | G9: =E9*9.1093856E-31 -> 2.550628e-29 | H9: =((F9*D9)/(G9*E9)) -> 1836.1523 | I9: =D9/E9 -> 1 | J9: =(F9)-(G9) -> 4.6807907e-26 | K9: 58.44 | L9: =0.0893*EXP(22000/(8.3144598*N9))/1000 -> 0.0010321391 | M9: =N9^-1 -> 0.00092494104 | N9: 1081.15 | O9: 3.765e-05 | P9: 0.00035 | Q9: =((6.02214076E+23*AM9)/O9)^(-1/3) -> 3.1501267e-10 | R9: =V9+U9 -> 2.83e-10 | S9: =Q9-R9 -> 3.2012674e-11 | T9: =(Q9-R9)/Q9 -> 0.10162345 | U9: 1.02e-10 | V9: 1.81e-10 | W9: =(( (O9/6.02214076E+23)^(1/3)) + (R9)) / 2 -> 3.3994555e-10 | X9: 2.65901 | Y9: =V9/U9 -> 1.7745098 | Z9: =Q9*10000000000 -> 3.1501267 | AA9: =R9*10000000000 -> 2.83 | AB9: 1560000 | AC9: 2732.9322 | AD9: -0.915 | AE9: 2.1393 | AF9: -0.000543 | AG9: 22.989769 | AH9: 35.45 | AI9: =ABS(AH9-AG9) -> 12.460231 | AJ9: =K9/CH9 -> 4.1905192 | AK9: 1 | AL9: 1 | AM9: =AK9+AL9 -> 2 | AN9: =1+AK9/AL9 -> 2 | AO9: 0.4665 | AP9: 0.4910426 | AQ9: =1/3*BY9*BH9*R9 -> 0.30415923 | AR9: =ABS((AP9-AQ9)/AP9) -> 0.38058483 | AS9: =1/3*BY9*BH9*BA9 -> 0.28617344 | AT9: =1/3*BY9*BH9*BB9 -> 0.34614447 | AU9: 0.30612615 | AV9: =(AP9-AU9)/AP9 -> 0.37657923 | AW9: =AP9/(1/3*BH9*R9) -> 2985294.6 | AX9: =AP9/(1/3*BH9*BC9) -> 1849136.8 | AY9: 1.0817179e+09 | AZ9: =AU9/AY9 -> 2.83e-10 | BA9: 2.6626541e-10 | BB9: 3.2206448e-10 | BC9: =AP9/(1/3*BY9*BH9) -> 4.5688258e-10 | BD9: =AP9/AY9 -> 4.5394702e-10 | BE9: =(BD9-AZ9)/AZ9 -> 0.60405307 | BF9: =AU9/BH9 -> 0.00017556326 | BG9: =BH9/1000 -> 1.74368 | BH9: =AC9+AD9*N9 -> 1743.68 | BI9: 2720 | BJ9: =AP9/BF9 -> 2796.9553 | BK9: =(BJ9-BH9)/BH9 -> 0.60405307 | BL9: =AU9/BM9 -> 0.0043971007 | BM9: 69.62 | BN9: =1.380649E-23*(Q9^(-3)) -> 441671.32 | BO9: =BN9*AN9 -> 883342.64 | BP9: =1/3*BX9*10^6 -> 616378.93 | BQ9: =BO9*0.000001 -> 0.88334264 | BR9: =BP9*0.000001 -> 0.61637893 | BS9: =BO9-BP9 -> 266963.71 | BT9: =(BO9-BP9)/BO9 -> 0.30221989 | BU9: =Q9*BO9 -> 0.00027826413 | BV9: =S9*BP9 -> 1.9731938e-05 | BW9: =(BU9-BV9)/BU9 -> 0.92908918 | BX9: =BY9/1000000 -> 1.8491368 | BY9: =BM9/O9 -> 1849136.8 | BZ9: =AP9/(BL9) -> 111.67417 | CA9: =(BZ9-BM9)/BM9 -> 0.60405307 | CB9: =BH9*BP9 -> 1.0747676e+09 | CC9: =CB9*0.000000001 -> 1.0747676 | CD9: =BH9*BO9 -> 1.5402669e+09 | CE9: =CD9*0.000000001 -> 1.5402669 | CF9: =CB9*R9 -> 0.30415923 | CG9: =CD9*Q9 -> 0.48520359 | CH9: 13.945766 | CI9: -0.0023782148 | CJ9: 0.89095701 | CK9: =SQRT(CJ9/CH9) -> 0.25275933 | CL9: =SQRT(1/CH9) -> 0.26778042 | CM9: 2.64e-10 | CN9: =CM9*SQRT(CJ9/CH9) -> 6.6728462e-11 | CO9: =SQRT(ABS(CI9))/CH9 -> 0.0034968996 | CP9: =BH9^(2/3)*O9 -> 0.0054543479 | CQ9: =L9/(AB9/1000*(AC9+AD9*N9)) -> 3.7944326e-10
A10: KCl | B10: 3.34 | C10: 1 | D10: 36 | E10: 36 | F10: =D10*1.6726219E-27 -> 6.0214388e-26 | G10: =E10*9.1093856E-31 -> 3.2793788e-29 | H10: =((F10*D10)/(G10*E10)) -> 1836.1523 | I10: =D10/E10 -> 1 | J10: =(F10)-(G10) -> 6.0181595e-26 | K10: 74.5513 | L10: =0.0708*EXP(23900/(8.3144598*N10))/1000 -> 0.0011078669 | M10: =N10^-1 -> 0.00095680046 | N10: 1045.15 | O10: 4.884e-05 | P10: 0.000382 | Q10: =((6.02214076E+23*AM10)/O10)^(-1/3) -> 3.4355657e-10 | R10: =V10+U10 -> 3.19e-10 | S10: =Q10-R10 -> 2.4556565e-11 | T10: =(Q10-R10)/Q10 -> 0.071477503 | U10: 1.38e-10 | V10: 1.81e-10 | W10: =(( (O10/6.02214076E+23)^(1/3)) + (R10)) / 2 -> 3.7592707e-10 | X10: 2.98522 | Y10: =V10/U10 -> 1.3115942 | Z10: =Q10*10000000000 -> 3.4355657 | AA10: =R10*10000000000 -> 3.19 | AB10: 1530000 | AC10: 2514.8257 | AD10: -0.878 | AE10: 2.1359 | AF10: -0.0005831 | AG10: 39.0983 | AH10: 35.45 | AI10: =ABS(AH10-AG10) -> 3.6483 | AJ10: =K10/CH10 -> 4.0097644 | AK10: 1 | AL10: 1 | AM10: =AK10+AL10 -> 2 | AN10: =1+AK10/AL10 -> 2 | AO10: 0.35505 | AP10: 0.36749822 | AQ10: =1/3*BY10*BH10*R10 -> 0.25593315 | AR10: =ABS((AP10-AQ10)/AP10) -> 0.30357989 | AS10: =1/3*BY10*BH10*BA10 -> 0.23977579 | AT10: =1/3*BY10*BH10*BB10 -> 0.2878106 | AU10: 0.25652334 | AV10: =(AP10-AU10)/AP10 -> 0.30197392 | AW10: =AP10/(1/3*BH10*R10) -> 2163868.4 | AX10: =AP10/(1/3*BH10*BC10) -> 1506961.5 | AY10: 8.041484e+08 | AZ10: =AU10/AY10 -> 3.19e-10 | BA10: 2.9886116e-10 | BB10: 3.5873267e-10 | BC10: =AP10/(1/3*BY10*BH10) -> 4.5805685e-10 | BD10: =AP10/AY10 -> 4.5700298e-10 | BE10: =(BD10-AZ10)/AZ10 -> 0.43261122 | BF10: =AU10/BH10 -> 0.00016060976 | BG10: =BH10/1000 -> 1.597184 | BH10: =AC10+AD10*N10 -> 1597.184 | BI10: 2360 | BJ10: =AP10/BF10 -> 2288.1437 | BK10: =(BJ10-BH10)/BH10 -> 0.43261122 | BL10: =AU10/BM10 -> 0.0034853715 | BM10: 73.6 | BN10: =1.380649E-23*(Q10^(-3)) -> 340477.58 | BO10: =BN10*AN10 -> 680955.17 | BP10: =1/3*BX10*10^6 -> 502320.5 | BQ10: =BO10*0.000001 -> 0.68095517 | BR10: =BP10*0.000001 -> 0.5023205 | BS10: =BO10-BP10 -> 178634.67 | BT10: =(BO10-BP10)/BO10 -> 0.26232956 | BU10: =Q10*BO10 -> 0.00023394662 | BV10: =S10*BP10 -> 1.2335266e-05 | BW10: =(BU10-BV10)/BU10 -> 0.94727316 | BX10: =BY10/1000000 -> 1.5069615 | BY10: =BM10/O10 -> 1506961.5 | BZ10: =AP10/(BL10) -> 105.44019 | CA10: =(BZ10-BM10)/BM10 -> 0.43261122 | CB10: =BH10*BP10 -> 8.0229827e+08 | CC10: =CB10*0.000000001 -> 0.80229827 | CD10: =BH10*BO10 -> 1.0876107e+09 | CE10: =CD10*0.000000001 -> 1.0876107 | CF10: =CB10*R10 -> 0.25593315 | CG10: =CD10*Q10 -> 0.3736558 | CH10: 18.592439 | CI10: -0.0036120436 | CJ10: 0.8909863 | CK10: =SQRT(CJ10/CH10) -> 0.21891087 | CL10: =SQRT(1/CH10) -> 0.23191659 | CM10: 2.96e-10 | CN10: =CM10*SQRT(CJ10/CH10) -> 6.4797618e-11 | CO10: =SQRT(ABS(CI10))/CH10 -> 0.0032325119 | CP10: =BH10^(2/3)*O10 -> 0.0066733764 | CQ10: =L10/(AB10/1000*(AC10+AD10*N10)) -> 4.5335792e-10
A11: BeF2 | B11: 0.52 | C11: 1 | D11: 13 | E11: 12 | F11: =D11*1.6726219E-27 -> 2.1744085e-26 | G11: =E11*9.1093856E-31 -> 1.0931263e-29 | H11: =((F11*D11)/(G11*E11)) -> 2154.9287 | I11: =D11/E11 -> 1.0833333 | J11: =(F11)-(G11) -> 2.1733153e-26 | K11: 47.01 | L11: =10^(-8.12+11500/N11+639000/N11^2)/1000 -> 1.5280163 | M11: =N11^-1 -> 0.00093444844 | N11: 1070.15 | O11: 2.4e-05 | P11: 7.42e-06 | Q11: =((6.02214076E+23*AM11)/O11)^(-1/3) -> 2.3683526e-10 | R11: =V11+U11 -> 1.67e-10 | S11: =Q11-R11 -> 6.9835261e-11 | T11: =(Q11-R11)/Q11 -> 0.29486851 | U11: 3.4e-11 | V11: 1.33e-10 | W11: =(( (O11/6.02214076E+23)^(1/3)) + (R11)) / 2 -> 2.5428778e-10 | Y11: =V11/U11 -> 3.9117647 | Z11: =Q11*10000000000 -> 2.3683526 | AA11: =R11*10000000000 -> 1.67 | AB11: 1960000 | AC11: 2547.8 | AD11: 0 | AE11: 1.972 | AF11: -1.45e-05 | AG11: 9.012183 | AH11: 18.998403 | AI11: =ABS(AH11-AG11) -> 9.98622 | AJ11: =K11/CH11 -> 7.6906906 | AK11: 1 | AL11: 2 | AM11: =AK11+AL11 -> 3 | AN11: =1+AK11/AL11 -> 1.5 | AO11: 0.79925906 | AP11: 0.79925906 | AQ11: =1/3*BY11*BH11*R11 -> 0.51944334 | AR11: =ABS((AP11-AQ11)/AP11) -> 0.35009389 | AU11: 0.51979939 | AV11: =(AP11-AU11)/AP11 -> 0.34964842 | AW11: =AP11/(1/3*BH11*R11) -> 5635429.4 | AX11: =AP11/(1/3*BH11*BC11) -> 3662500 | AY11: 3.1125712e+09 | AZ11: =AU11/AY11 -> 1.67e-10 | BC11: =AP11/(1/3*BY11*BH11) -> 2.569602e-10 | BD11: =AP11/AY11 -> 2.5678419e-10 | BE11: =(BD11-AZ11)/AZ11 -> 0.53762986 | BF11: =AU11/BH11 -> 0.00020401891 | BG11: =BH11/1000 -> 2.5478 | BH11: =AC11+AD11*N11 -> 2547.8 | BJ11: =AP11/BF11 -> 3917.5733 | BK11: =(BJ11-BH11)/BH11 -> 0.53762986 | BL11: =AU11/BM11 -> 0.0059135311 | BM11: 87.9 | BN11: =1.380649E-23*(Q11^(-3)) -> 1039307.8 | BO11: =BN11*AN11 -> 1558961.7 | BP11: =1/3*BX11*10^6 -> 1220833.3 | BQ11: =BO11*0.000001 -> 1.5589617 | BR11: =BP11*0.000001 -> 1.2208333 | BS11: =BO11-BP11 -> 338128.41 | BT11: =(BO11-BP11)/BO11 -> 0.21689333 | BU11: =Q11*BO11 -> 0.00036921711 | BV11: =S11*BP11 -> 8.5257214e-05 | BW11: =(BU11-BV11)/BU11 -> 0.7690865 | BX11: =BY11/1000000 -> 3.6625 | BY11: =BM11/O11 -> 3662500 | BZ11: =AP11/(BL11) -> 135.15766 | CA11: =(BZ11-BM11)/BM11 -> 0.53762986 | CB11: =BH11*BP11 -> 3.1104392e+09 | CC11: =CB11*0.000000001 -> 3.1104392 | CD11: =BH11*BO11 -> 3.9719227e+09 | CE11: =CD11*0.000000001 -> 3.9719227 | CF11: =CB11*R11 -> 0.51944334 | CG11: =CD11*Q11 -> 0.94069135 | CH11: 6.112585 | CI11: -4.1051313e-06 | CL11: =SQRT(1/CH11) -> 0.40447114 | CN11: =R11*SQRT(0.9/CH11) -> 6.4080408e-11 | CO11: =SQRT(ABS(CI11))/CH11 -> 0.00033146571 | CP11: =BH11^(2/3)*O11 -> 0.0044770107
A12: MgF2 | B12: 0.02 | C12: 1 | D12: 21 | E12: 20 | F12: =D12*1.6726219E-27 -> 3.512506e-26 | G12: =E12*9.1093856E-31 -> 1.8218771e-29 | H12: =((F12*D12)/(G12*E12)) -> 2024.3579 | I12: =D12/E12 -> 1.05 | J12: =(F12)-(G12) -> 3.5106841e-26 | K12: 62.3018 | L12: =0.187*EXP(32100/(8.3144598*N12))/1000 -> 0.002315921 | M12: =N12^-1 -> 0.0006518055 | N12: 1534.2 | O12: =K12/AB12 -> 2.557462e-05 | P12: 0.000216 | Q12: =((6.02214076E+23*AM12)/O12)^(-1/3) -> 2.4190546e-10 | R12: =V12+U12 -> 2.05e-10 | S12: =Q12-R12 -> 3.6905464e-11 | T12: =(Q12-R12)/Q12 -> 0.15256151 | U12: 7.2e-11 | V12: 1.33e-10 | W12: =(( (O12/6.02214076E+23)^(1/3)) + (R12)) / 2 -> 2.7694403e-10 | Y12: =V12/U12 -> 1.8472222 | Z12: =Q12*10000000000 -> 2.4190546 | AA12: =R12*10000000000 -> 2.05 | AB12: =(AE12+N12*AF12)*1000000 -> 2436079.2 | AC12: 2175.6 | AD12: 0 | AE12: 3.24 | AF12: -0.000524 | AG12: 24.305 | AH12: 18.998403 | AI12: =ABS(AH12-AG12) -> 5.306597 | AJ12: =K12/CH12 -> 5.8426504 | AK12: 1 | AL12: 2 | AM12: =AK12+AL12 -> 3 | AN12: =1+AK12/AL12 -> 1.5 | AO12: 0.6506778 | AP12: 0.6506778 | AQ12: =1/3*BY12*BH12*R12 -> 0.55165642 | AR12: =ABS((AP12-AQ12)/AP12) -> 0.15218189 | AU12: 0.55165642 | AV12: =(AP12-AU12)/AP12 -> 0.15218189 | AW12: =AP12/(1/3*BH12*R12) -> 4376776.1 | AX12: =AP12/(1/3*BH12*BC12) -> 3710710.1 | AY12: 2.6910069e+09 | AZ12: =AU12/AY12 -> 2.05e-10 | BC12: =AP12/(1/3*BY12*BH12) -> 2.4179715e-10 | BD12: =AP12/AY12 -> 2.4179715e-10 | BE12: =(BD12-AZ12)/AZ12 -> 0.17949828 | BF12: =AU12/BH12 -> 0.00025356519 | BG12: =BH12/1000 -> 2.1756 | BH12: =AC12+AD12*N12 -> 2175.6 | BJ12: =AP12/BF12 -> 2566.1165 | BK12: =(BJ12-BH12)/BH12 -> 0.17949828 | BL12: =AU12/BM12 -> 0.0058130287 | BM12: 94.9 | BN12: =1.380649E-23*(Q12^(-3)) -> 975318.02 | BO12: =BN12*AN12 -> 1462977 | BP12: =1/3*BX12*10^6 -> 1236903.4 | BQ12: =BO12*0.000001 -> 1.462977 | BR12: =BP12*0.000001 -> 1.2369034 | BS12: =BO12-BP12 -> 226073.68 | BT12: =(BO12-BP12)/BO12 -> 0.15452989 | BU12: =Q12*BO12 -> 0.00035390214 | BV12: =S12*BP12 -> 4.5648492e-05 | BW12: =(BU12-BV12)/BU12 -> 0.8710138 | BX12: =BY12/1000000 -> 3.7107101 | BY12: =BM12/O12 -> 3710710.1 | BZ12: =AP12/(BL12) -> 111.93439 | CA12: =(BZ12-BM12)/BM12 -> 0.17949828 | CB12: =BH12*BP12 -> 2.6910069e+09 | CC12: =CB12*0.000000001 -> 2.6910069 | CD12: =BH12*BO12 -> 3.1828528e+09 | CE12: =CD12*0.000000001 -> 3.1828528 | CF12: =CB12*R12 -> 0.55165642 | CG12: =CD12*Q12 -> 0.76994949 | CH12: 10.663277 | CI12: -4.942153e-05 | CL12: =SQRT(1/CH12) -> 0.30623488 | CN12: =R12*SQRT(0.9/CH12) -> 5.9556583e-11 | CO12: =SQRT(ABS(CI12))/CH12 -> 0.00065927621 | CP12: =BH12^(2/3)*O12 -> 0.0042939985 | CQ12: =L12/(AB12/1000*(AC12+AD12*N12)) -> 4.3697168e-10
A13: CaF2 | B13: 0.12 | C13: 1 | D13: 29 | E13: 28 | F13: =D13*1.6726219E-27 -> 4.8506035e-26 | G13: =E13*9.1093856E-31 -> 2.550628e-29 | H13: =((F13*D13)/(G13*E13)) -> 1969.648 | I13: =D13/E13 -> 1.0357143 | J13: =(F13)-(G13) -> 4.8480529e-26 | K13: 78.0748 | L13: =0.1*EXP(47600/(8.3144598*N13))/1000 -> 0.0029475213 | M13: =N13^-1 -> 0.00059101655 | N13: 1692 | O13: =K13/AB13 -> 3.1001402e-05 | P13: 0.000155 | Q13: =((6.02214076E+23*AM13)/O13)^(-1/3) -> 2.5793071e-10 | R13: =V13+U13 -> 2.33e-10 | S13: =Q13-R13 -> 2.4930715e-11 | T13: =(Q13-R13)/Q13 -> 0.096656634 | U13: 1e-10 | V13: 1.33e-10 | W13: =(( (O13/6.02214076E+23)^(1/3)) + (R13)) / 2 -> 3.0250023e-10 | Y13: =V13/U13 -> 1.33 | Z13: =Q13*10000000000 -> 2.5793071 | AA13: =R13*10000000000 -> 2.33 | AB13: =(AE13+N13*AF13)*1000000 -> 2518428 | AC13: 1710.3 | AD13: 0 | AE13: 3.18 | AF13: -0.000391 | AG13: 40.078 | AH13: 18.998403 | AI13: =ABS(AH13-AG13) -> 21.079597 | AJ13: =K13/CH13 -> 6.0576168 | AK13: 1 | AL13: 2 | AM13: =AK13+AL13 -> 3 | AN13: =1+AK13/AL13 -> 1.5 | AO13: 0.5648032 | AP13: 0.5648032 | AQ13: =1/3*BY13*BH13*R13 -> 0.42810664 | AR13: =ABS((AP13-AQ13)/AP13) -> 0.24202511 | AU13: 0.42810664 | AV13: =(AP13-AU13)/AP13 -> 0.24202511 | AW13: =AP13/(1/3*BH13*R13) -> 4251970 | AX13: =AP13/(1/3*BH13*BC13) -> 3222886.5 | AY13: 1.8373676e+09 | AZ13: =AU13/AY13 -> 2.33e-10 | BC13: =AP13/(1/3*BY13*BH13) -> 3.0739805e-10 | BD13: =AP13/AY13 -> 3.0739805e-10 | BE13: =(BD13-AZ13)/AZ13 -> 0.31930492 | BF13: =AU13/BH13 -> 0.00025031085 | BG13: =BH13/1000 -> 1.7103 | BH13: =AC13+AD13*N13 -> 1710.3 | BJ13: =AP13/BF13 -> 2256.4072 | BK13: =(BJ13-BH13)/BH13 -> 0.31930492 | BL13: =AU13/BM13 -> 0.0042847513 | BM13: 99.914 | BN13: =1.380649E-23*(Q13^(-3)) -> 804589.01 | BO13: =BN13*AN13 -> 1206883.5 | BP13: =1/3*BX13*10^6 -> 1074295.5 | BQ13: =BO13*0.000001 -> 1.2068835 | BR13: =BP13*0.000001 -> 1.0742955 | BS13: =BO13-BP13 -> 132588.04 | BT13: =(BO13-BP13)/BO13 -> 0.10985985 | BU13: =Q13*BO13 -> 0.00031129233 | BV13: =S13*BP13 -> 2.6782954e-05 | BW13: =(BU13-BV13)/BU13 -> 0.91396205 | BX13: =BY13/1000000 -> 3.2228865 | BY13: =BM13/O13 -> 3222886.5 | BZ13: =AP13/(BL13) -> 131.81703 | CA13: =(BZ13-BM13)/BM13 -> 0.31930492 | CB13: =BH13*BP13 -> 1.8373676e+09 | CC13: =CB13*0.000000001 -> 1.8373676 | CD13: =BH13*BO13 -> 2.0641329e+09 | CE13: =CD13*0.000000001 -> 2.0641329 | CF13: =CB13*R13 -> 0.42810664 | CG13: =CD13*Q13 -> 0.53240327 | CH13: 12.888699 | CI13: -0.00020540721 | CL13: =SQRT(1/CH13) -> 0.27854506 | CN13: =R13*SQRT(0.9/CH13) -> 6.1570494e-11 | CO13: =SQRT(ABS(CI13))/CH13 -> 0.0011119846 | CP13: =BH13^(2/3)*O13 -> 0.004433665 | CQ13: =L13/(AB13/1000*(AC13+AD13*N13)) -> 6.8431351e-10
A14: SrF2 | C14: 1 | D14: 47 | E14: 46 | F14: =D14*1.6726219E-27 -> 7.8613229e-26 | G14: =E14*9.1093856E-31 -> 4.1903174e-29 | H14: =((F14*D14)/(G14*E14)) -> 1916.8527 | I14: =D14/E14 -> 1.0217391 | J14: =(F14)-(G14) -> 7.8571326e-26 | K14: 125.6168 | L14: =0.0703*EXP(54500/(8.3144598*N14))/1000 -> 0.0030018345 | M14: =N14^-1 -> 0.00057273769 | N14: 1746 | O14: =K14/AB14 -> 3.621381e-05 | P14: 0.000213 | Q14: =((6.02214076E+23*AM14)/O14)^(-1/3) -> 2.7164436e-10 | R14: =V14+U14 -> 2.51e-10 | S14: =Q14-R14 -> 2.0644358e-11 | T14: =(Q14-R14)/Q14 -> 0.075997742 | U14: 1.18e-10 | V14: 1.33e-10 | W14: =(( (O14/6.02214076E+23)^(1/3)) + (R14)) / 2 -> 3.2138948e-10 | Y14: =V14/U14 -> 1.1271186 | Z14: =Q14*10000000000 -> 2.7164436 | AA14: =R14*10000000000 -> 2.51 | AB14: =(AE14+N14*AF14)*1000000 -> 3468754 | AC14: 1398.6 | AD14: 0 | AE14: 4.78 | AF14: -0.000751 | AG14: 87.62 | AH14: 18.998403 | AI14: =ABS(AH14-AG14) -> 68.621597 | AJ14: =K14/CH14 -> 8.0456208 | AK14: 1 | AL14: 2 | AM14: =AK14+AL14 -> 3 | AN14: =1+AK14/AL14 -> 1.5 | AO14: 0.390415 | AP14: 0.390415 | AQ14: =1/3*BY14*BH14*R14 -> 0.31989464 | AR14: =ABS((AP14-AQ14)/AP14) -> 0.18062923 | AU14: 0.31989464 | AV14: =(AP14-AU14)/AP14 -> 0.18062923 | AW14: =AP14/(1/3*BH14*R14) -> 3336418.4 | AX14: =AP14/(1/3*BH14*BC14) -> 2733763.7 | AY14: 1.2744806e+09 | AZ14: =AU14/AY14 -> 2.51e-10 | BC14: =AP14/(1/3*BY14*BH14) -> 3.0633263e-10 | BD14: =AP14/AY14 -> 3.0633263e-10 | BE14: =(BD14-AZ14)/AZ14 -> 0.22044872 | BF14: =AU14/BH14 -> 0.00022872489 | BG14: =BH14/1000 -> 1.3986 | BH14: =AC14+AD14*N14 -> 1398.6 | BJ14: =AP14/BF14 -> 1706.9196 | BK14: =(BJ14-BH14)/BH14 -> 0.22044872 | BL14: =AU14/BM14 -> 0.003231259 | BM14: 99 | BN14: =1.380649E-23*(Q14^(-3)) -> 688781.09 | BO14: =BN14*AN14 -> 1033171.6 | BP14: =1/3*BX14*10^6 -> 911254.56 | BQ14: =BO14*0.000001 -> 1.0331716 | BR14: =BP14*0.000001 -> 0.91125456 | BS14: =BO14-BP14 -> 121917.07 | BT14: =(BO14-BP14)/BO14 -> 0.11800273 | BU14: =Q14*BO14 -> 0.00028065525 | BV14: =S14*BP14 -> 1.8812265e-05 | BW14: =(BU14-BV14)/BU14 -> 0.9329702 | BX14: =BY14/1000000 -> 2.7337637 | BY14: =BM14/O14 -> 2733763.7 | BZ14: =AP14/(BL14) -> 120.82442 | CA14: =(BZ14-BM14)/BM14 -> 0.22044872 | CB14: =BH14*BP14 -> 1.2744806e+09 | CC14: =CB14*0.000000001 -> 1.2744806 | CD14: =BH14*BO14 -> 1.4449938e+09 | CE14: =CD14*0.000000001 -> 1.4449938 | CF14: =CB14*R14 -> 0.31989464 | CG14: =CD14*Q14 -> 0.39252443 | CH14: 15.613065 | CI14: -0.00046321913 | CL14: =SQRT(1/CH14) -> 0.25307889 | CN14: =R14*SQRT(0.9/CH14) -> 6.026302e-11 | CO14: =SQRT(ABS(CI14))/CH14 -> 0.0013784946 | CP14: =BH14^(2/3)*O14 -> 0.0045290096 | CQ14: =L14/(AB14/1000*(AC14+AD14*N14)) -> 6.1875642e-10
A15: MgCl2 | B15: 0.8 | C15: 1 | D15: 29 | E15: 28 | F15: =D15*1.6726219E-27 -> 4.8506035e-26 | G15: =E15*9.1093856E-31 -> 2.550628e-29 | H15: =((F15*D15)/(G15*E15)) -> 1969.648 | I15: =D15/E15 -> 1.0357143 | J15: =(F15)-(G15) -> 4.8480529e-26 | K15: 95.211 | L15: =0.18*EXP(20500/(8.3144598*N15))/1000 -> 0.0021885965 | M15: =N15^-1 -> 0.0010131712 | N15: 987 | O15: =K15/AB15 -> 5.6510276e-05 | P15: 0.00018 | Q15: =((6.02214076E+23*AM15)/O15)^(-1/3) -> 3.1507825e-10 | R15: =V15+U15 -> 2.53e-10 | S15: =Q15-R15 -> 6.207825e-11 | T15: =(Q15-R15)/Q15 -> 0.19702487 | U15: 7.2e-11 | V15: 1.81e-10 | W15: =(( (O15/6.02214076E+23)^(1/3)) + (R15)) / 2 -> 3.5371074e-10 | X15: 2.36 | Y15: =V15/U15 -> 2.5138889 | Z15: =Q15*10000000000 -> 3.1507825 | AA15: =R15*10000000000 -> 2.53 | AB15: =(AE15+N15*AF15)*1000000 -> 1684844 | AC15: 2101 | AD15: 0 | AE15: 1.9691 | AF15: -0.000288 | AG15: 24.305 | AH15: 35.45 | AI15: =ABS(AH15-AG15) -> 11.145 | AJ15: =K15/CH15 -> 6.6031249 | AK15: 1 | AL15: 2 | AM15: =AK15+AL15 -> 3 | AN15: =1+AK15/AL15 -> 1.5 | AO15: 0.4568 | AP15: 0.54390686 | AQ15: =1/3*BY15*BH15*R15 -> 0.28861058 | AR15: =ABS((AP15-AQ15)/AP15) -> 0.469375 | AS15: =1/3*BY15*BH15*BA15 -> 0.26994066 | AT15: =1/3*BY15*BH15*BB15 -> 0.33370075 | AU15: 0.28861058 | AV15: =(AP15-AU15)/AP15 -> 0.469375 | AW15: =AP15/(1/3*BH15*R15) -> 3069723.2 | AX15: =AP15/(1/3*BH15*BC15) -> 1628871.9 | AY15: 1.1407533e+09 | AZ15: =AU15/AY15 -> 2.53e-10 | BA15: 2.3663369e-10 | BB15: 2.9252667e-10 | BC15: =AP15/(1/3*BY15*BH15) -> 4.7679623e-10 | BD15: =AP15/AY15 -> 4.7679623e-10 | BE15: =(BD15-AZ15)/AZ15 -> 0.88457007 | BF15: =AU15/BH15 -> 0.0001373682 | BG15: =BH15/1000 -> 2.101 | BH15: =AC15+AD15*N15 -> 2101 | BI15: 3400 | BJ15: =AP15/BF15 -> 3959.4817 | BK15: =(BJ15-BH15)/BH15 -> 0.88457007 | BL15: =AU15/BM15 -> 0.0031354356 | BM15: 92.048 | BN15: =1.380649E-23*(Q15^(-3)) -> 441395.61 | BO15: =BN15*AN15 -> 662093.41 | BP15: =1/3*BX15*10^6 -> 542957.29 | BQ15: =BO15*0.000001 -> 0.66209341 | BR15: =BP15*0.000001 -> 0.54295729 | BS15: =BO15-BP15 -> 119136.12 | BT15: =(BO15-BP15)/BO15 -> 0.17993854 | BU15: =Q15*BO15 -> 0.00020861123 | BV15: =S15*BP15 -> 3.3705839e-05 | BW15: =(BU15-BV15)/BU15 -> 0.8384275 | BX15: =BY15/1000000 -> 1.6288719 | BY15: =BM15/O15 -> 1628871.9 | BZ15: =AP15/(BL15) -> 173.47091 | CA15: =(BZ15-BM15)/BM15 -> 0.88457007 | CB15: =BH15*BP15 -> 1.1407533e+09 | CC15: =CB15*0.000000001 -> 1.1407533 | CD15: =BH15*BO15 -> 1.3910583e+09 | CE15: =CD15*0.000000001 -> 1.3910583 | CF15: =CB15*R15 -> 0.28861058 | CG15: =CD15*Q15 -> 0.4382922 | CH15: 14.419082 | CI15: -0.00017252442 | CJ15: 0.94057284 | CK15: =SQRT(CJ15/CH15) -> 0.25540383 | CL15: =SQRT(1/CH15) -> 0.26334871 | CM15: 2.36e-10 | CN15: =CM15*SQRT(CJ15/CH15) -> 6.0275304e-11 | CO15: =SQRT(ABS(CI15))/CH15 -> 0.0009109356 | CP15: =BH15^(2/3)*O15 -> 0.0092699658 | CQ15: =L15/(AB15/1000*(AC15+AD15*N15)) -> 6.1827252e-10
A16: CaCl2 | B16: 2.5 | C16: 1 | D16: 37 | E16: 36 | F16: =D16*1.6726219E-27 -> 6.188701e-26 | G16: =E16*9.1093856E-31 -> 3.2793788e-29 | H16: =((F16*D16)/(G16*E16)) -> 1939.5775 | I16: =D16/E16 -> 1.0277778 | J16: =(F16)-(G16) -> 6.1854217e-26 | K16: 110.984 | L16: =10^(-0.545+597/N16+546000/N16^2)/1000 -> 0.0033595447 | M16: =N16^-1 -> 0.0009569378 | N16: 1045 | O16: =K16/AB16 -> 5.3154148e-05 | P16: 0.000203 | Q16: =((6.02214076E+23*AM16)/O16)^(-1/3) -> 3.0871306e-10 | R16: =V16+U16 -> 2.81e-10 | S16: =Q16-R16 -> 2.7713059e-11 | T16: =(Q16-R16)/Q16 -> 0.089769635 | U16: 1e-10 | V16: 1.81e-10 | W16: =(( (O16/6.02214076E+23)^(1/3)) + (R16)) / 2 -> 3.6312064e-10 | X16: 2.70336 | Y16: =V16/U16 -> 1.81 | Z16: =Q16*10000000000 -> 3.0871306 | AA16: =R16*10000000000 -> 2.81 | AB16: =(AE16+N16*AF16)*1000000 -> 2087965 | AC16: 2065.03 | AD16: 0 | AE16: 2.53 | AF16: -0.000423 | AG16: 40.078 | AH16: 35.45 | AI16: =ABS(AH16-AG16) -> 4.628 | AJ16: =K16/CH16 -> 5.8999195 | AK16: 1 | AL16: 2 | AM16: =AK16+AL16 -> 3 | AN16: =1+AK16/AL16 -> 1.5 | AO16: 0.44125 | AP16: 1.025853 | AQ16: =1/3*BY16*BH16*R16 -> 0.3731109 | AR16: =ABS((AP16-AQ16)/AP16) -> 0.63629202 | AS16: =1/3*BY16*BH16*BA16 -> 0.3702431 | AT16: =1/3*BY16*BH16*BB16 -> 0.400395 | AW16: =AP16/(1/3*BH16*R16) -> 5303635.7 | AX16: =AP16/(1/3*BH16*BC16) -> 1928974.6 | BA16: 2.7884018e-10 | BB16: 3.015484e-10 | BC16: =AP16/(1/3*BY16*BH16) -> 7.7259785e-10 | BG16: =BH16/1000 -> 2.06503 | BH16: =AC16+AD16*N16 -> 2065.03 | BI16: 2200 | BL16: =AU16/BM16 -> 0 | BM16: 102.533 | BN16: =1.380649E-23*(Q16^(-3)) -> 469265.13 | BO16: =BN16*AN16 -> 703897.69 | BP16: =1/3*BX16*10^6 -> 642991.53 | BQ16: =BO16*0.000001 -> 0.70389769 | BR16: =BP16*0.000001 -> 0.64299153 | BS16: =BO16-BP16 -> 60906.162 | BT16: =(BO16-BP16)/BO16 -> 0.086527009 | BU16: =Q16*BO16 -> 0.00021730241 | BV16: =S16*BP16 -> 1.7819262e-05 | BW16: =(BU16-BV16)/BU16 -> 0.91799786 | BX16: =BY16/1000000 -> 1.9289746 | BY16: =BM16/O16 -> 1928974.6 | CB16: =BH16*BP16 -> 1.3277968e+09 | CC16: =CB16*0.000000001 -> 1.3277968 | CD16: =BH16*BO16 -> 1.4535698e+09 | CE16: =CD16*0.000000001 -> 1.4535698 | CF16: =CB16*R16 -> 0.3731109 | CG16: =CD16*Q16 -> 0.44873599 | CH16: 18.811104 | CI16: -0.00016920232 | CJ16: 0.99389548 | CK16: =SQRT(CJ16/CH16) -> 0.2298599 | CL16: =SQRT(1/CH16) -> 0.23056472 | CM16: 2.78e-10 | CN16: =CM16*SQRT(CJ16/CH16) -> 6.3901053e-11 | CO16: =SQRT(ABS(CI16))/CH16 -> 0.00069149472 | CP16: =BH16^(2/3)*O16 -> 0.008619619 | CQ16: =L16/(AB16/1000*(AC16+AD16*N16)) -> 7.7916752e-10
A17: SrCl2 | C17: 1 | D17: 55 | E17: 54 | F17: =D17*1.6726219E-27 -> 9.1994204e-26 | G17: =E17*9.1093856E-31 -> 4.9190682e-29 | H17: =((F17*D17)/(G17*E17)) -> 1904.7876 | I17: =D17/E17 -> 1.0185185 | J17: =(F17)-(G17) -> 9.1945014e-26 | K17: 158.526 | L17: =10^(-0.439+398/N17+879000/N17^2)/1000 -> 0.0037808819 | M17: =N17^-1 -> 0.00087260035 | N17: 1146 | O17: =K17/AB17 -> 5.811897e-05 | P17: 0.000212 | Q17: =((6.02214076E+23*AM17)/O17)^(-1/3) -> 3.1804013e-10 | R17: =V17+U17 -> 2.99e-10 | S17: =Q17-R17 -> 1.9040126e-11 | T17: =(Q17-R17)/Q17 -> 0.059867057 | U17: 1.18e-10 | V17: 1.81e-10 | W17: =(( (O17/6.02214076E+23)^(1/3)) + (R17)) / 2 -> 3.7884662e-10 | X17: 2.9 | Y17: =V17/U17 -> 1.5338983 | Z17: =Q17*10000000000 -> 3.1804013 | AA17: =R17*10000000000 -> 2.99 | AB17: =(AE17+N17*AF17)*1000000 -> 2727612 | AC17: 1873.13 | AD17: 0 | AE17: 3.39 | AF17: -0.000578 | AG17: 87.62 | AH17: 35.45 | AI17: =ABS(AH17-AG17) -> 52.17 | AJ17: =K17/CH17 -> 6.2810639 | AK17: 1 | AL17: 2 | AM17: =AK17+AL17 -> 3 | AN17: =1+AK17/AL17 -> 1.5 | AO17: 0.37705 | AP17: 0.37705 | AQ17: =1/3*BY17*BH17*R17 -> 0.33599408 | AR17: =ABS((AP17-AQ17)/AP17) -> 0.1088872 | AS17: =1/3*BY17*BH17*BA17 -> 0.32666099 | AT17: =1/3*BY17*BH17*BB17 -> 0.36759448 | AU17: 0.33599408 | AV17: =(AP17-AU17)/AP17 -> 0.1088872 | AW17: =AP17/(1/3*BH17*R17) -> 2019673.2 | AX17: =AP17/(1/3*BH17*BC17) -> 1799756.6 | AY17: 1.123726e+09 | AZ17: =AU17/AY17 -> 2.99e-10 | BA17: 2.9069451e-10 | BB17: 3.2712108e-10 | BC17: =AP17/(1/3*BY17*BH17) -> 3.3553552e-10 | BD17: =AP17/AY17 -> 3.3553552e-10 | BE17: =(BD17-AZ17)/AZ17 -> 0.12219238 | BF17: =AU17/BH17 -> 0.00017937574 | BG17: =BH17/1000 -> 1.87313 | BH17: =AC17+AD17*N17 -> 1873.13 | BJ17: =AP17/BF17 -> 2102.0122 | BK17: =(BJ17-BH17)/BH17 -> 0.12219238 | BL17: =AU17/BM17 -> 0.0032121805 | BM17: 104.6 | BN17: =1.380649E-23*(Q17^(-3)) -> 429178.08 | BO17: =BN17*AN17 -> 643767.12 | BP17: =1/3*BX17*10^6 -> 599918.87 | BQ17: =BO17*0.000001 -> 0.64376712 | BR17: =BP17*0.000001 -> 0.59991887 | BS17: =BO17-BP17 -> 43848.25 | BT17: =(BO17-BP17)/BO17 -> 0.068111975 | BU17: =Q17*BO17 -> 0.00020474378 | BV17: =S17*BP17 -> 1.1422531e-05 | BW17: =(BU17-BV17)/BU17 -> 0.94421061 | BX17: =BY17/1000000 -> 1.7997566 | BY17: =BM17/O17 -> 1799756.6 | BZ17: =AP17/(BL17) -> 117.38132 | CA17: =(BZ17-BM17)/BM17 -> 0.12219238 | CB17: =BH17*BP17 -> 1.123726e+09 | CC17: =CB17*0.000000001 -> 1.123726 | CD17: =BH17*BO17 -> 1.2058595e+09 | CE17: =CD17*0.000000001 -> 1.2058595 | CF17: =CB17*R17 -> 0.33599408 | CG17: =CD17*Q17 -> 0.38351171 | CH17: 25.238718 | CI17: -0.00038382394 | CJ17: 0.9081546 | CK17: =SQRT(CJ17/CH17) -> 0.18969079 | CL17: =SQRT(1/CH17) -> 0.19905191 | CM17: 2.9e-10 | CN17: =CM17*SQRT(CJ17/CH17) -> 5.501033e-11 | CO17: =SQRT(ABS(CI17))/CH17 -> 0.00077624486 | CP17: =BH17^(2/3)*O17 -> 0.0088314061 | CQ17: =L17/(AB17/1000*(AC17+AD17*N17)) -> 7.4001854e-10
A18: NaNO3 | B18: 0.3 | C18: 1 | D18: 26 | E18: 25 | F18: =D18*1.6726219E-27 -> 4.3488169e-26 | G18: =E18*9.1093856E-31 -> 2.2773464e-29 | H18: =((F18*D18)/(G18*E18)) -> 1985.9823 | I18: =D18/E18 -> 1.04 | J18: =(F18)-(G18) -> 4.3465396e-26 | K18: 84.99 | M18: =N18^-1 -> 0.0017148247 | N18: 583.15 | O18: 4.467e-05 | P18: 0.000376 | Q18: =((6.02214076E+23*AM18)/O18)^(-1/3) -> 2.4571501e-10 | R18: =V18+U18 -> 3.33e-10 | S18: =Q18-R18 -> -8.7284993e-11 | T18: =(Q18-R18)/Q18 -> -0.35522858 | U18: 1.02e-10 | V18: 2.31e-10 | W18: =(( (O18/6.02214076E+23)^(1/3)) + (R18)) / 2 -> 3.7658338e-10 | Y18: =V18/U18 -> 2.2647059 | Z18: =Q18*10000000000 -> 2.4571501 | AA18: =R18*10000000000 -> 3.33 | AB18: =(AE18+N18*AF18)*1000000 -> 1886915.5 | AC18: 2490.4882 | AD18: -1.155 | AE18: 2.3339 | AF18: -0.0007665 | AG18: 22.989769 | AH18: 62.0037 | AI18: =ABS(AH18-AG18) -> 39.013931 | AJ18: =K18/CH18 -> 5.06758 | AK18: 1 | AL18: 4 | AM18: =AK18+AL18 -> 5 | AN18: =1+AK18/AL18 -> 1.25 | AO18: 0.51225 | AP18: 0.51225 | AQ18: =1/3*BY18*BH18*R18 -> 0.70252146 | AR18: =ABS((AP18-AQ18)/AP18) -> 0.37144258 | AS18: =1/3*BY18*BH18*BA18 -> 0.43236429 | AU18: 0.6982846 | AV18: =(AP18-AU18)/AP18 -> -0.36317149 | AW18: =AP18/(1/3*BH18*R18) -> 2539896.5 | AX18: =AP18/(1/3*BH18*BC18) -> 3483322.1 | AY18: 2.0969507e+09 | AZ18: =AU18/AY18 -> 3.33e-10 | BA18: 2.0494365e-10 | BC18: =AP18/(1/3*BY18*BH18) -> 2.4281002e-10 | BD18: =AP18/AY18 -> 2.4428328e-10 | BE18: =(BD18-AZ18)/AZ18 -> -0.26641658 | BF18: =AU18/BH18 -> 0.0003843169 | BG18: =BH18/1000 -> 1.81695 | BH18: =AC18+AD18*N18 -> 1816.95 | BJ18: =AP18/BF18 -> 1332.8844 | BK18: =(BJ18-BH18)/BH18 -> -0.26641658 | BL18: =AU18/BM18 -> 0.0044876902 | BM18: 155.6 | BN18: =1.380649E-23*(Q18^(-3)) -> 930653.98 | BO18: =BN18*AN18 -> 1163317.5 | BP18: =1/3*BX18*10^6 -> 1161107.4 | BQ18: =BO18*0.000001 -> 1.1633175 | BR18: =BP18*0.000001 -> 1.1611074 | BS18: =BO18-BP18 -> 2210.0895 | BT18: =(BO18-BP18)/BO18 -> 0.0018998163 | BU18: =Q18*BO18 -> 0.00028584456 | BV18: =S18*BP18 -> -0.00010134725 | BW18: =(BU18-BV18)/BU18 -> 1.3545537 | BX18: =BY18/1000000 -> 3.4833221 | BY18: =BM18/O18 -> 3483322.1 | BZ18: =AP18/(BL18) -> 114.14558 | CA18: =(BZ18-BM18)/BM18 -> -0.26641658 | CB18: =BH18*BP18 -> 2.1096741e+09 | CC18: =CB18*0.000000001 -> 2.1096741 | CD18: =BH18*BO18 -> 2.1136897e+09 | CE18: =CD18*0.000000001 -> 2.1136897 | CF18: =CB18*R18 -> 0.70252146 | CG18: =CD18*Q18 -> 0.51936527 | CH18: 16.771319 | CI18: -0.0062307897 | CL18: =SQRT(1/CH18) -> 0.24418354 | CN18: =R18*SQRT(0.9/CH18) -> 7.7140399e-11 | CO18: =SQRT(ABS(CI18))/CH18 -> 0.0047065679 | CP18: =BH18^(2/3)*O18 -> 0.0066513725
A19: KNO3 | B19: 0.2 | C19: 1 | D19: 34 | E19: 33 | F19: =D19*1.6726219E-27 -> 5.6869145e-26 | G19: =E19*9.1093856E-31 -> 3.0060972e-29 | H19: =((F19*D19)/(G19*E19)) -> 1949.1203 | I19: =D19/E19 -> 1.030303 | J19: =(F19)-(G19) -> 5.6839084e-26 | K19: 101.1 | M19: =N19^-1 -> 0.0016389412 | N19: 610.15 | O19: 5.406e-05 | P19: 0.00039 | Q19: =((6.02214076E+23*AM19)/O19)^(-1/3) -> 2.6184948e-10 | R19: =V19+U19 -> 3.69e-10 | S19: =Q19-R19 -> -1.0715052e-10 | T19: =(Q19-R19)/Q19 -> -0.40920655 | U19: 1.38e-10 | V19: 2.31e-10 | W19: =(( (O19/6.02214076E+23)^(1/3)) + (R19)) / 2 -> 4.0837815e-10 | Y19: =V19/U19 -> 1.673913 | Z19: =Q19*10000000000 -> 2.6184948 | AA19: =R19*10000000000 -> 3.69 | AB19: =(AE19+N19*AF19)*1000000 -> 1870200.6 | AC19: 2449.928 | AD19: -1.12 | AE19: 2.315 | AF19: -0.000729 | AG19: 39.0983 | AH19: 62.0037 | AI19: =ABS(AH19-AG19) -> 22.9054 | AJ19: =K19/CH19 -> 4.2163302 | AK19: 1 | AL19: 4 | AM19: =AK19+AL19 -> 5 | AN19: =1+AK19/AL19 -> 1.25 | AO19: 0.4092 | AP19: 0.4092 | AQ19: =1/3*BY19*BH19*R19 -> 0.56673049 | AR19: =ABS((AP19-AQ19)/AP19) -> 0.38497186 | AU19: 0.53083305 | AV19: =(AP19-AU19)/AP19 -> -0.29724596 | AW19: =AP19/(1/3*BH19*R19) -> 1883224.6 | AX19: =AP19/(1/3*BH19*BC19) -> 2608213.1 | AY19: 1.4385719e+09 | AZ19: =AU19/AY19 -> 3.69e-10 | BC19: =AP19/(1/3*BY19*BH19) -> 2.6643141e-10 | BD19: =AP19/AY19 -> 2.8444876e-10 | BE19: =(BD19-AZ19)/AZ19 -> -0.22913616 | BF19: =AU19/BH19 -> 0.00030048968 | BG19: =BH19/1000 -> 1.76656 | BH19: =AC19+AD19*N19 -> 1766.56 | BJ19: =AP19/BF19 -> 1361.7772 | BK19: =(BJ19-BH19)/BH19 -> -0.22913616 | BL19: =AU19/BM19 -> 0.0037647734 | BM19: 141 | BN19: =1.380649E-23*(Q19^(-3)) -> 769003.2 | BO19: =BN19*AN19 -> 961254 | BP19: =1/3*BX19*10^6 -> 869404.37 | BQ19: =BO19*0.000001 -> 0.961254 | BR19: =BP19*0.000001 -> 0.86940437 | BS19: =BO19-BP19 -> 91849.637 | BT19: =(BO19-BP19)/BO19 -> 0.09555189 | BU19: =Q19*BO19 -> 0.00025170386 | BV19: =S19*BP19 -> -9.3157132e-05 | BW19: =(BU19-BV19)/BU19 -> 1.3701061 | BX19: =BY19/1000000 -> 2.6082131 | BY19: =BM19/O19 -> 2608213.1 | BZ19: =AP19/(BL19) -> 108.6918 | CA19: =(BZ19-BM19)/BM19 -> -0.22913616 | CB19: =BH19*BP19 -> 1.535855e+09 | CC19: =CB19*0.000000001 -> 1.535855 | CD19: =BH19*BO19 -> 1.6981129e+09 | CE19: =CD19*0.000000001 -> 1.6981129 | CF19: =CB19*R19 -> 0.56673049 | CG19: =CD19*Q19 -> 0.44464997 | CH19: 23.978198 | CI19: -0.010344196 | CL19: =SQRT(1/CH19) -> 0.20421692 | CN19: =R19*SQRT(0.9/CH19) -> 7.1489021e-11 | CO19: =SQRT(ABS(CI19))/CH19 -> 0.0042416208 | CP19: =BH19^(2/3)*O19 -> 0.007900022
A20: ZrF4 | B20: 0.05 | C20: 1 | D20: 49 | E20: 46 | F20: =D20*1.6726219E-27 -> 8.1958473e-26 | G20: =E20*9.1093856E-31 -> 4.1903174e-29 | H20: =((F20*D20)/(G20*E20)) -> 2083.4601 | I20: =D20/E20 -> 1.0652174 | J20: =(F20)-(G20) -> 8.191657e-26 | K20: 167.21 | M20: =N20^-1 -> 0.00083963056 | N20: 1191 | O20: =K20/AB20 -> 4.2928625e-05 | P20: 0.000309 | Q20: =((6.02214076E+23*AM20)/O20)^(-1/3) -> 2.4247968e-10 | R20: =V20+U20 -> 2.05e-10 | S20: =Q20-R20 -> 3.7479684e-11 | T20: =(Q20-R20)/Q20 -> 0.15456835 | U20: 7.2e-11 | V20: 1.33e-10 | W20: =(( (O20/6.02214076E+23)^(1/3)) + (R20)) / 2 -> 3.0981721e-10 | Y20: =V20/U20 -> 1.8472222 | Z20: =Q20*10000000000 -> 2.4247968 | AA20: =R20*10000000000 -> 2.05 | AB20: =(5.36-0.00123*N20)*1000000 -> 3895070 | AC20: 1700 | AD20: 0 | AE20: 5.36 | AF20: -0.00123 | AG20: 91.224 | AH20: 18.998403 | AI20: =ABS(AH20-AG20) -> 72.225597 | AJ20: =K20/CH20 -> 10.634227 | AK20: 1 | AL20: 4 | AM20: =AK20+AL20 -> 5 | AN20: =1+AK20/AL20 -> 1.25 | AQ20: =1/3*BY20*BH20*R20 -> 0.33284318 | AW20: =AP20/(1/3*BH20*R20) -> 0 | AX20: =AP20/(1/3*BH20*BC20) -> #DIV/0! | BC20: =AP20/(1/3*BY20*BH20) -> 0 | BG20: =BH20/1000 -> 1.7 | BH20: =AC20+AD20*N20 -> 1700 | BL20: =AU20/BM20 -> 0 | BM20: 123 | BN20: =1.380649E-23*(Q20^(-3)) -> 968405.42 | BO20: =BN20*AN20 -> 1210506.8 | BP20: =1/3*BX20*10^6 -> 955073.68 | BQ20: =BO20*0.000001 -> 1.2105068 | BR20: =BP20*0.000001 -> 0.95507368 | BS20: =BO20-BP20 -> 255433.09 | BT20: =(BO20-BP20)/BO20 -> 0.21101335 | BU20: =Q20*BO20 -> 0.0002935233 | BV20: =S20*BP20 -> 3.579586e-05 | BW20: =(BU20-BV20)/BU20 -> 0.87804764 | BX20: =BY20/1000000 -> 2.865221 | BY20: =BM20/O20 -> 2865221 | CB20: =BH20*BP20 -> 1.6236253e+09 | CC20: =CB20*0.000000001 -> 1.6236253 | CD20: =BH20*BO20 -> 2.0578615e+09 | CE20: =CD20*0.000000001 -> 2.0578615 | CF20: =CB20*R20 -> 0.33284318 | CG20: =CD20*Q20 -> 0.49898961 | CH20: 15.723757 | CI20: -1.6744797e-08 | CL20: =SQRT(1/CH20) -> 0.2521865 | CN20: =R20*SQRT(0.9/CH20) -> 4.904525e-11 | CO20: =SQRT(ABS(CI20))/CH20 -> 8.2296928e-06 | CP20: =BH20^(2/3)*O20 -> 0.0061147625
A21: ThF4 | B21: 0.08 | C21: 1 | D21: 99 | E21: 96 | F21: =D21*1.6726219E-27 -> 1.6558957e-25 | G21: =E21*9.1093856E-31 -> 8.7450102e-29 | H21: =((F21*D21)/(G21*E21)) -> 1952.7049 | I21: =D21/E21 -> 1.03125 | J21: =(F21)-(G21) -> 1.6550212e-25 | K21: 308.0317 | M21: =N21^-1 -> 0.00072254335 | N21: 1384 | O21: =K21/AB21 -> 5.0331977e-05 | P21: 0.000121 | Q21: =((6.02214076E+23*AM21)/O21)^(-1/3) -> 2.5568644e-10 | R21: =V21+U21 -> 2.27e-10 | S21: =Q21-R21 -> 2.8686439e-11 | T21: =(Q21-R21)/Q21 -> 0.11219382 | U21: 9.4e-11 | V21: 1.33e-10 | W21: =(( (O21/6.02214076E+23)^(1/3)) + (R21)) / 2 -> 3.3210883e-10 | Y21: =V21/U21 -> 1.4148936 | Z21: =Q21*10000000000 -> 2.5568644 | AA21: =R21*10000000000 -> 2.27 | AB21: 6120000 | AC21: 1362 | AD21: 0 | AE21: 7.34 | AF21: -0.000808 | AG21: 232.0377 | AH21: 18.998403 | AI21: =ABS(AH21-AG21) -> 213.0393 | AJ21: =K21/CH21 -> 17.541064 | AK21: 1 | AL21: 4 | AM21: =AK21+AL21 -> 5 | AN21: =1+AK21/AL21 -> 1.25 | AQ21: =1/3*BY21*BH21*R21 -> 0.34399094 | AW21: =AP21/(1/3*BH21*R21) -> 0 | AX21: =AP21/(1/3*BH21*BC21) -> #DIV/0! | BC21: =AP21/(1/3*BY21*BH21) -> 0 | BG21: =BH21/1000 -> 1.362 | BH21: =AC21+AD21*N21 -> 1362 | BL21: =AU21/BM21 -> 0 | BM21: 168 | BN21: =1.380649E-23*(Q21^(-3)) -> 825962.25 | BO21: =BN21*AN21 -> 1032452.8 | BP21: =1/3*BX21*10^6 -> 1112612.8 | BQ21: =BO21*0.000001 -> 1.0324528 | BR21: =BP21*0.000001 -> 1.1126128 | BS21: =BO21-BP21 -> -80159.947 | BT21: =(BO21-BP21)/BO21 -> -0.077640301 | BU21: =Q21*BO21 -> 0.00026398418 | BV21: =S21*BP21 -> 3.1916898e-05 | BW21: =(BU21-BV21)/BU21 -> 0.87909542 | BX21: =BY21/1000000 -> 3.3378383 | BY21: =BM21/O21 -> 3337838.3 | CB21: =BH21*BP21 -> 1.5153786e+09 | CC21: =CB21*0.000000001 -> 1.5153786 | CD21: =BH21*BO21 -> 1.4062007e+09 | CE21: =CD21*0.000000001 -> 1.4062007 | CF21: =CB21*R21 -> 0.34399094 | CG21: =CD21*Q21 -> 0.35954646 | CH21: 17.560605 | CI21: -2.6317443e-07 | CL21: =SQRT(1/CH21) -> 0.23863287 | CN21: =R21*SQRT(0.9/CH21) -> 5.1389853e-11 | CO21: =SQRT(ABS(CI21))/CH21 -> 2.9213418e-05 | CP21: =BH21^(2/3)*O21 -> 0.006184369
A22: UF4 | B22: 0.09 | C22: 1 | D22: 101 | E22: 98 | F22: =D22*1.6726219E-27 -> 1.6893481e-25 | G22: =E22*9.1093856E-31 -> 8.9271979e-29 | H22: =((F22*D22)/(G22*E22)) -> 1950.2904 | I22: =D22/E22 -> 1.0306122 | J22: =(F22)-(G22) -> 1.6884554e-25 | K22: 314.0225 | L22: =10^(11.4-35400/N22+27700000/N22^2)/1000 -> 0.003329486 | M22: =N22^-1 -> 0.00076394194 | N22: 1309 | O22: =K22/AB22 -> 4.8535162e-05 | P22: 0.000149 | Q22: =((6.02214076E+23*AM22)/O22)^(-1/3) -> 2.5260689e-10 | R22: =V22+U22 -> 2.22e-10 | S22: =Q22-R22 -> 3.0606891e-11 | T22: =(Q22-R22)/Q22 -> 0.12116412 | U22: 8.9e-11 | V22: 1.33e-10 | W22: =(( (O22/6.02214076E+23)^(1/3)) + (R22)) / 2 -> 3.2697585e-10 | Y22: =V22/U22 -> 1.494382 | Z22: =Q22*10000000000 -> 2.5260689 | AA22: =R22*10000000000 -> 2.22 | AB22: 6470000 | AC22: 1062 | AD22: 0 | AE22: 7.604 | AF22: -0.000791 | AG22: 238.02891 | AH22: 18.998403 | AI22: =ABS(AH22-AG22) -> 219.03051 | AJ22: =K22/CH22 -> 17.848151 | AK22: 1 | AL22: 4 | AM22: =AK22+AL22 -> 5 | AN22: =1+AK22/AL22 -> 1.25 | AQ22: =1/3*BY22*BH22*R22 -> 0.28174032 | AW22: =AP22/(1/3*BH22*R22) -> 0 | AX22: =AP22/(1/3*BH22*BC22) -> #DIV/0! | BC22: =AP22/(1/3*BY22*BH22) -> 0 | BG22: =BH22/1000 -> 1.062 | BH22: =AC22+AD22*N22 -> 1062 | BL22: =AU22/BM22 -> 0 | BM22: 174 | BN22: =1.380649E-23*(Q22^(-3)) -> 856540.11 | BO22: =BN22*AN22 -> 1070675.1 | BP22: =1/3*BX22*10^6 -> 1195009.9 | BQ22: =BO22*0.000001 -> 1.0706751 | BR22: =BP22*0.000001 -> 1.1950099 | BS22: =BO22-BP22 -> -124334.78 | BT22: =(BO22-BP22)/BO22 -> -0.11612745 | BU22: =Q22*BO22 -> 0.00027045992 | BV22: =S22*BP22 -> 3.6575538e-05 | BW22: =(BU22-BV22)/BU22 -> 0.8647654 | BX22: =BY22/1000000 -> 3.5850297 | BY22: =BM22/O22 -> 3585029.7 | CB22: =BH22*BP22 -> 1.2691005e+09 | CC22: =CB22*0.000000001 -> 1.2691005 | CD22: =BH22*BO22 -> 1.137057e+09 | CE22: =CD22*0.000000001 -> 1.137057 | CF22: =CB22*R22 -> 0.28174032 | CG22: =CD22*Q22 -> 0.28722843 | CH22: 17.594119 | CI22: -1.2112877e-07 | CL22: =SQRT(1/CH22) -> 0.23840548 | CN22: =R22*SQRT(0.9/CH22) -> 5.0210028e-11 | CO22: =SQRT(ABS(CI22))/CH22 -> 1.9781359e-05 | CP22: =BH22^(2/3)*O22 -> 0.0050521104 | CQ22: =L22/(AB22/1000*(AC22+AD22*N22)) -> 4.8456093e-10
A23: UCl3 | C23: 1 | D23: 109 | E23: 107 | F23: =D23*1.6726219E-27 -> 1.8231579e-25 | G23: =E23*9.1093856E-31 -> 9.7470426e-29 | H23: =((F23*D23)/(G23*E23)) -> 1905.435 | I23: =D23/E23 -> 1.0186916 | J23: =(F23)-(G23) -> 1.8221832e-25 | K23: 344.3879 | L23: =0.478*EXP(10900/(8.3144598*N23))/1000 -> 0.0015506403 | M23: =N23^-1 -> 0.00089766607 | N23: 1114 | O23: =K23/AB23 -> 7.5193865e-05 | P23: 0.000333 | Q23: =((6.02214076E+23*AM23)/O23)^(-1/3) -> 3.148646e-10 | R23: =V23+U23 -> 2.97e-10 | S23: =Q23-R23 -> 1.7864601e-11 | T23: =(Q23-R23)/Q23 -> 0.056737407 | U23: 1.16e-10 | V23: 1.81e-10 | W23: =(( (O23/6.02214076E+23)^(1/3)) + (R23)) / 2 -> 3.984082e-10 | Y23: =V23/U23 -> 1.5603448 | Z23: =Q23*10000000000 -> 3.148646 | AA23: =R23*10000000000 -> 2.97 | AB23: 4580000 | AC23: 1248 | AD23: 0 | AE23: 6.3747 | AF23: -0.0015222 | AG23: 238.02891 | AH23: 35.45 | AI23: =ABS(AH23-AG23) -> 202.57891 | AJ23: =K23/CH23 -> 11.161583 | AK23: 1 | AL23: 3 | AM23: =AK23+AL23 -> 4 | AN23: =1+AK23/AL23 -> 1.3333333 | AQ23: =1/3*BY23*BH23*R23 -> 0.24646692 | AW23: =AP23/(1/3*BH23*R23) -> 0 | AX23: =AP23/(1/3*BH23*BC23) -> #DIV/0! | BC23: =AP23/(1/3*BY23*BH23) -> 0 | BG23: =BH23/1000 -> 1.248 | BH23: =AC23+AD23*N23 -> 1248 | BL23: =AU23/BM23 -> 0 | BM23: 150 | BN23: =1.380649E-23*(Q23^(-3)) -> 442294.74 | BO23: =BN23*AN23 -> 589726.31 | BP23: =1/3*BX23*10^6 -> 664947.87 | BQ23: =BO23*0.000001 -> 0.58972631 | BR23: =BP23*0.000001 -> 0.66494787 | BS23: =BO23-BP23 -> -75221.554 | BT23: =(BO23-BP23)/BO23 -> -0.12755333 | BU23: =Q23*BO23 -> 0.00018568394 | BV23: =S23*BP23 -> 1.1879028e-05 | BW23: =(BU23-BV23)/BU23 -> 0.93602555 | BX23: =BY23/1000000 -> 1.9948436 | BY23: =BM23/O23 -> 1994843.6 | CB23: =BH23*BP23 -> 8.2985494e+08 | CC23: =CB23*0.000000001 -> 0.82985494 | CD23: =BH23*BO23 -> 7.3597844e+08 | CE23: =CD23*0.000000001 -> 0.73597844 | CF23: =CB23*R23 -> 0.24646692 | CG23: =CD23*Q23 -> 0.23173356 | CH23: 30.854755 | CI23: -2.5395582e-05 | CL23: =SQRT(1/CH23) -> 0.18002754 | CN23: =R23*SQRT(0.9/CH23) -> 5.0724369e-11 | CO23: =SQRT(ABS(CI23))/CH23 -> 0.00016332662 | CP23: =BH23^(2/3)*O23 -> 0.0087161654 | CQ23: =L23/(AB23/1000*(AC23+AD23*N23)) -> 2.7128826e-10
A25: 0.66LiF-0.34BeF2 | C25: 2 | D25: 12.34 | E25: 11.34 | F25: =D25*1.6726219E-27 -> 2.0640154e-26 | G25: =E25*9.1093856E-31 -> 1.0330043e-29 | H25: =((F25*D25)/(G25*E25)) -> 2174.2671 | I25: =D25/E25 -> 1.0881834 | J25: =(F25)-(G25) -> 2.0629824e-26 | K25: 33.10314 | L25: =0.116*EXP(31200/(8.3144598*N25))/1000 -> 0.019398692 | M25: =N25^-1 -> 0.0013642565 | N25: 733 | O25: 1.6714174e-05 | P25: 0.00014095269 | Q25: =(6.02214076E+23/O25)^(-1/3) -> 3.0276895e-10 | R25: =0.66*R3+0.34*R11 -> 1.9472e-10 | S25: =Q25-R25 -> 1.0804895e-10 | T25: =(Q25-R25)/Q25 -> 0.35686933 | W25: =(( (O25/6.02214076E+23)^(1/3)) + (R25)) / 2 -> 2.4874448e-10 | Z25: =Q25*10000000000 -> 3.0276895 | AA25: =R25*10000000000 -> 1.9472 | AB25: 1986063.4 | AC25: 2547.6864 | AK25: 2 | AL25: 3 | AM25: =AK25+AL25 -> 5 | AN25: =0.66*AN3+0.34*AN11 -> 1.83 | AO25: 1.1 | AP25: 1.1000358 | AQ25: =1/3*BY25*BH25*R25 -> 0.71488518 | AR25: =ABS((AP25-AQ25)/AP25) -> 0.35012556 | AS25: =1/3*BY25*BH25*BA25 -> 0.60953584 | AT25: =1/3*BY25*BH25*BB25 -> 1.2830584 | AU25: 0.62426159 | AV25: =(AP25-AU25)/AP25 -> 0.43250796 | AW25: =AP25/(1/3*BH25*R25) -> 6652296 | AX25: =AP25/(1/3*BH25*BC25) -> 4323157.2 | AY25: 3.6713495e+09 | AZ25: =AU25/AY25 -> 1.70036e-10 | BA25: 1.6602501e-10 | BB25: 3.494787e-10 | BC25: =AP25/(1/3*BY25*BH25) -> 2.9962711e-10 | BD25: =AP25/AY25 -> 2.9962711e-10 | BE25: =(BD25-AZ25)/AZ25 -> 0.76213924 | BF25: =AU25/BH25 -> 0.00024503078 | BG25: =BH25/1000 -> 2.5476864 | BH25: =AC25+AD25*N25 -> 2547.6864 | BJ25: =AP25/BF25 -> 4489.3781 | BK25: =(BJ25-BH25)/BH25 -> 0.76213924 | BL25: =AU25/BM25 -> 0.0086393422 | BM25: 72.258 | BN25: =1.380649E-23*(Q25^(-3)) -> 497449.81 | BO25: =BN25*AN25 -> 910333.16 | BP25: =1/3*BX25*10^6 -> 1441052.4 | BQ25: =BO25*0.000001 -> 0.91033316 | BR25: =BP25*0.000001 -> 1.4410524 | BS25: =BO25-BP25 -> -530719.23 | BT25: =(BO25-BP25)/BO25 -> -0.5829945 | BU25: =Q25*BO25 -> 0.00027562062 | BV25: =S25*BP25 -> 0.0001557042 | BW25: =(BU25-BV25)/BU25 -> 0.43507782 | BX25: =BY25/1000000 -> 4.3231572 | BY25: =BM25/O25 -> 4323157.2 | BZ25: =AP25/(BL25) -> 127.32866 | CA25: =(BZ25-BM25)/BM25 -> 0.76213924 | CB25: =BH25*BP25 -> 3.6713495e+09 | CC25: =CB25*0.000000001 -> 3.6713495 | CD25: =BH25*BO25 -> 2.3192434e+09 | CE25: =CD25*0.000000001 -> 2.3192434 | CF25: =CB25*R25 -> 0.71488518 | CG25: =CD25*Q25 -> 0.70219489 | CH25: 5.433515 | CJ25: 0.94088178 | CK25: =SQRT(CJ25/CH25) -> 0.41612815 | CL25: =SQRT(1/CH25) -> 0.42900224 | CN25: =R25*SQRT(0.9/CH25) -> 7.924856e-11 | CQ25: =L25/(AB25/1000*(AC25+AD25*N25)) -> 3.8338347e-09
A26: 0.465LiF-0.115NaF-0.42KF | C26: 3 | D26: 19.64 | E26: 19.64 | F26: =D26*1.6726219E-27 -> 3.2850294e-26 | G26: =E26*9.1093856E-31 -> 1.7890833e-29 | H26: =((F26*D26)/(G26*E26)) -> 1836.1523 | I26: =D26/E26 -> 1 | J26: =(F26)-(G26) -> 3.2832403e-26 | K26: 41.290995 | L26: =10^(0.213+-1200/N26+1350000/N26^2)/1000 -> 0.012003439 | M26: =N26^-1 -> 0.0013605442 | N26: 735 | O26: 1.9405588e-05 | P26: 0.00031252325 | Q26: =(6.02214076E+23/O26)^(-1/3) -> 3.1821841e-10 | R26: =0.465*R3+0.115*R4+0.42*R5 -> 2.3803e-10 | S26: =Q26-R26 -> 8.0188412e-11 | T26: =(Q26-R26)/Q26 -> 0.25199174 | W26: =(( (O26/6.02214076E+23)^(1/3)) + (R26)) / 2 -> 2.7812421e-10 | Z26: =Q26*10000000000 -> 3.1821841 | AA26: =R26*10000000000 -> 2.3803 | AB26: 2102415.4 | AC26: 2012.4687 | AK26: 3 | AL26: 3 | AM26: =AK26+AL26 -> 6 | AN26: =0.465*AN3+0.115*AN4+0.42*AN5 -> 2 | AO26: 0.78024247 | AP26: 0.79004699 | AQ26: =1/3*BY26*BH26*R26 -> 0.54326859 | AR26: =ABS((AP26-AQ26)/AP26) -> 0.31235914 | AS26: =1/3*BY26*BH26*BA26 -> 0.48209295 | AT26: =1/3*BY26*BH26*BB26 -> 0.85046707 | AU26: 0.39969772 | AV26: =(AP26-AU26)/AP26 -> 0.49408362 | AW26: =AP26/(1/3*BH26*R26) -> 4947813.8 | AX26: =AP26/(1/3*BH26*BC26) -> 3402318.9 | AY26: 2.2823534e+09 | AZ26: =AU26/AY26 -> 1.7512525e-10 | BA26: 2.1122625e-10 | BB26: 3.7262724e-10 | BC26: =AP26/(1/3*BY26*BH26) -> 3.4615453e-10 | BD26: =AP26/AY26 -> 3.4615453e-10 | BE26: =(BD26-AZ26)/AZ26 -> 0.97661122 | BF26: =AU26/BH26 -> 0.00019861065 | BG26: =BH26/1000 -> 2.0124687 | BH26: =AC26+AD26*N26 -> 2012.4687 | BJ26: =AP26/BF26 -> 3977.8682 | BK26: =(BJ26-BH26)/BH26 -> 0.97661122 | BL26: =AU26/BM26 -> 0.0060538246 | BM26: 66.024 | BN26: =1.380649E-23*(Q26^(-3)) -> 428457.13 | BO26: =BN26*AN26 -> 856914.25 | BP26: =1/3*BX26*10^6 -> 1134106.3 | BQ26: =BO26*0.000001 -> 0.85691425 | BR26: =BP26*0.000001 -> 1.1341063 | BS26: =BO26-BP26 -> -277192.05 | BT26: =(BO26-BP26)/BO26 -> -0.32347699 | BU26: =Q26*BO26 -> 0.00027268589 | BV26: =S26*BP26 -> 9.0942183e-05 | BW26: =(BU26-BV26)/BU26 -> 0.66649473 | BX26: =BY26/1000000 -> 3.4023189 | BY26: =BM26/O26 -> 3402318.9 | BZ26: =AP26/(BL26) -> 130.50378 | CA26: =(BZ26-BM26)/BM26 -> 0.97661122 | CB26: =BH26*BP26 -> 2.2823534e+09 | CC26: =CB26*0.000000001 -> 2.2823534 | CD26: =BH26*BO26 -> 1.7245131e+09 | CE26: =CD26*0.000000001 -> 1.7245131 | CF26: =CB26*R26 -> 0.54326859 | CG26: =CD26*Q26 -> 0.54877183 | CH26: 8.930149 | CJ26: 0.88069482 | CK26: =SQRT(CJ26/CH26) -> 0.31403884 | CL26: =SQRT(1/CH26) -> 0.33463445 | CN26: =R26*SQRT(0.9/CH26) -> 7.5565507e-11 | CQ26: =L26/(AB26/1000*(AC26+AD26*N26)) -> 2.8369915e-09
A27: 0.675LiF-0.2BeF2-0.005ThF4-0.12UF4 | C27: 4 | D27: 23.315 | E27: 22.74 | F27: =D27*1.6726219E-27 -> 3.899718e-26 | G27: =E27*9.1093856E-31 -> 2.0714743e-29 | H27: =((F27*D27)/(G27*E27)) -> 1930.1836 | I27: =D27/E27 -> 1.0252858 | J27: =(F27)-(G27) -> 3.8976465e-26 | K27: 66.133684 | L27: =0.062*EXP(38800/(8.3144598*N27))/1000 -> 0.030468149 | M27: =N27^-1 -> 0.0013280212 | N27: 753 | O27: 1.9202817e-05 | P27: 0.00016787041 | Q27: =(6.02214076E+23/O27)^(-1/3) -> 3.1710616e-10 | R27: =0.675*R3+0.2*R11+0.005*R21+0.12*R22 -> 2.0225e-10 | S27: =Q27-R27 -> 1.1485616e-10 | T27: =(Q27-R27)/Q27 -> 0.36220098 | W27: =(( (O27/6.02214076E+23)^(1/3)) + (R27)) / 2 -> 2.5967808e-10 | Z27: =Q27*10000000000 -> 3.1710616 | AA27: =R27*10000000000 -> 2.0225 | AB27: 2609440.5 | AC27: 1781.4332 | AK27: 4 | AL27: 11 | AM27: =AK27+AL27 -> 15 | AN27: =0.675*AN3+0.2*AN11+0.005*AN21+0.12*AN22 -> 1.80625 | AO27: 1.16 | AP27: 1.2649079 | AQ27: =1/3*BY27*BH27*R27 -> 0.51681595 | AR27: =ABS((AP27-AQ27)/AP27) -> 0.59142009 | AU27: 0.43510013 | AV27: =(AP27-AU27)/AP27 -> 0.65602228 | AW27: =AP27/(1/3*BH27*R27) -> 10532272 | AX27: =AP27/(1/3*BH27*BC27) -> 4303274.9 | AY27: 2.5553323e+09 | AZ27: =AU27/AY27 -> 1.7027145e-10 | BC27: =AP27/(1/3*BY27*BH27) -> 4.9500721e-10 | BD27: =AP27/AY27 -> 4.9500721e-10 | BE27: =(BD27-AZ27)/AZ27 -> 1.9071651 | BF27: =AU27/BH27 -> 0.00024424162 | BG27: =BH27/1000 -> 1.7814332 | BH27: =AC27+AD27*N27 -> 1781.4332 | BJ27: =AP27/BF27 -> 5178.9204 | BK27: =(BJ27-BH27)/BH27 -> 1.9071651 | BL27: =AU27/BM27 -> 0.005265325 | BM27: 82.635 | BN27: =1.380649E-23*(Q27^(-3)) -> 432981.4 | BO27: =BN27*AN27 -> 782072.65 | BP27: =1/3*BX27*10^6 -> 1434425 | BQ27: =BO27*0.000001 -> 0.78207265 | BR27: =BP27*0.000001 -> 1.434425 | BS27: =BO27-BP27 -> -652352.3 | BT27: =(BO27-BP27)/BO27 -> -0.83413261 | BU27: =Q27*BO27 -> 0.00024800006 | BV27: =S27*BP27 -> 0.00016475254 | BW27: =(BU27-BV27)/BU27 -> 0.33567538 | BX27: =BY27/1000000 -> 4.3032749 | BY27: =BM27/O27 -> 4303274.9 | BZ27: =AP27/(BL27) -> 240.23358 | CA27: =(BZ27-BM27)/BM27 -> 1.9071651 | CB27: =BH27*BP27 -> 2.5553323e+09 | CC27: =CB27*0.000000001 -> 2.5553323 | CD27: =BH27*BO27 -> 1.3932102e+09 | CE27: =CD27*0.000000001 -> 1.3932102 | CF27: =CB27*R27 -> 0.51681595 | CG27: =CD27*Q27 -> 0.44179554 | CH27: 6.853106 | CJ27: 0.94088178 | CK27: =SQRT(CJ27/CH27) -> 0.37053036 | CL27: =SQRT(1/CH27) -> 0.38199377 | CN27: =R27*SQRT(0.9/CH27) -> 7.3293601e-11 | CQ27: =L27/(AB27/1000*(AC27+AD27*N27)) -> 6.5543424e-09
A28: 0.712LiF-0.23BeF2-0.05ZrF4-0.008UF4 | C28: 4 | D28: 14.792 | E28: 14.388 | F28: =D28*1.6726219E-27 -> 2.4741423e-26 | G28: =E28*9.1093856E-31 -> 1.3106584e-29 | H28: =((F28*D28)/(G28*E28)) -> 1940.7144 | I28: =D28/E28 -> 1.028079 | J28: =(F28)-(G28) -> 2.4728317e-26 | K28: 40.153548 | M28: =N28^-1 -> 0.0014084507 | N28: 710 | O28: 1.6919881e-05 | P28: 0.00018512202 | Q28: =(6.02214076E+23/O28)^(-1/3) -> 3.0400599e-10 | R28: =0.712*R3+0.23*R11+0.05*R20+0.008*R22 -> 1.99244e-10 | S28: =Q28-R28 -> 1.0476199e-10 | T28: =(Q28-R28)/Q28 -> 0.34460501 | W28: =(( (O28/6.02214076E+23)^(1/3)) + (R28)) / 2 -> 2.5162499e-10 | Z28: =Q28*10000000000 -> 3.0400599 | AA28: =R28*10000000000 -> 1.99244 | AB28: 2163027.6 | AC28: 2319.1206 | AK28: 4 | AL28: 11 | AM28: =AK28+AL28 -> 15 | AN28: =0.712*AN3+0.23*AN11+0.05*AN20+0.008*AN22 -> 1.8415 | AO28: 1.24 | AP28: 1.2506481 | AQ28: =1/3*BY28*BH28*R28 -> 0.6688004 | AR28: =ABS((AP28-AQ28)/AP28) -> 0.46523692 | AU28: 0.58242618 | AV28: =(AP28-AU28)/AP28 -> 0.53430049 | AW28: =AP28/(1/3*BH28*R28) -> 8119845.7 | AX28: =AP28/(1/3*BH28*BC28) -> 4342193.6 | AY28: 3.3566903e+09 | AZ28: =AU28/AY28 -> 1.7351204e-10 | BC28: =AP28/(1/3*BY28*BH28) -> 3.7258369e-10 | BD28: =AP28/AY28 -> 3.7258369e-10 | BE28: =(BD28-AZ28)/AZ28 -> 1.1473074 | BF28: =AU28/BH28 -> 0.00025114096 | BG28: =BH28/1000 -> 2.3191206 | BH28: =AC28+AD28*N28 -> 2319.1206 | BJ28: =AP28/BF28 -> 4979.865 | BK28: =(BJ28-BH28)/BH28 -> 1.1473074 | BL28: =AU28/BM28 -> 0.0079274662 | BM28: 73.4694 | BN28: =1.380649E-23*(Q28^(-3)) -> 491401.95 | BO28: =BN28*AN28 -> 904916.7 | BP28: =1/3*BX28*10^6 -> 1447397.9 | BQ28: =BO28*0.000001 -> 0.9049167 | BR28: =BP28*0.000001 -> 1.4473979 | BS28: =BO28-BP28 -> -542481.18 | BT28: =(BO28-BP28)/BO28 -> -0.5994819 | BU28: =Q28*BO28 -> 0.00027510009 | BV28: =S28*BP28 -> 0.00015163228 | BW28: =(BU28-BV28)/BU28 -> 0.44881052 | BX28: =BY28/1000000 -> 4.3421936 | BY28: =BM28/O28 -> 4342193.6 | BZ28: =AP28/(BL28) -> 157.76139 | CA28: =(BZ28-BM28)/BM28 -> 1.1473074 | CB28: =BH28*BP28 -> 3.3566903e+09 | CC28: =CB28*0.000000001 -> 3.3566903 | CD28: =BH28*BO28 -> 2.098611e+09 | CE28: =CD28*0.000000001 -> 2.098611 | CF28: =CB28*R28 -> 0.6688004 | CG28: =CD28*Q28 -> 0.63799031 | CH28: 5.952423 | CJ28: 0.94088178 | CK28: =SQRT(CJ28/CH28) -> 0.39757644 | CL28: =SQRT(1/CH28) -> 0.40987658 | CN28: =R28*SQRT(0.9/CH28) -> 7.7474648e-11
A29: 0.73LiF-0.27BeF2 | C29: 2 | D29: 12.27 | E29: 11.73 | F29: =D29*1.6726219E-27 -> 2.0523071e-26 | G29: =E29*9.1093856E-31 -> 1.0685309e-29 | H29: =((F29*D29)/(G29*E29)) -> 2009.1011 | I29: =D29/E29 -> 1.0460358 | J29: =(F29)-(G29) -> 2.0512385e-26 | K29: 31.62817 | L29: =0.118*EXP(30100/(8.3144598*N29))/1000 -> 0.01658596 | M29: =N29^-1 -> 0.0013661202 | N29: 732 | O29: 1.5942466e-05 | P29: 0.00016222659 | Q29: =(6.02214076E+23/O29)^(-1/3) -> 2.9803564e-10 | R29: =0.73*R3+0.27*R11 -> 1.9766e-10 | S29: =Q29-R29 -> 1.0037564e-10 | T29: =(Q29-R29)/Q29 -> 0.33679073 | W29: =(( (O29/6.02214076E+23)^(1/3)) + (R29)) / 2 -> 2.4784782e-10 | Z29: =Q29*10000000000 -> 2.9803564 | AA29: =R29*10000000000 -> 1.9766 | AB29: 1989043.9 | AC29: 2547.6876 | AK29: 2 | AL29: 3 | AM29: =AK29+AL29 -> 5 | AN29: =0.73*AN3+0.27*AN11 -> 1.865 | AO29: 0.98602842 | AP29: 0.90656933 | AQ29: =1/3*BY29*BH29*R29 -> 0.74333871 | AR29: =ABS((AP29-AQ29)/AP29) -> 0.18005311 | AU29: 0.66180311 | AV29: =(AP29-AU29)/AP29 -> 0.26999173 | AW29: =AP29/(1/3*BH29*R29) -> 5400790.4 | AX29: =AP29/(1/3*BH29*BC29) -> 4428361.3 | AY29: 3.7606936e+09 | AZ29: =AU29/AY29 -> 1.75979e-10 | BC29: =AP29/(1/3*BY29*BH29) -> 2.4106439e-10 | BD29: =AP29/AY29 -> 2.4106439e-10 | BE29: =(BD29-AZ29)/AZ29 -> 0.3698475 | BF29: =AU29/BH29 -> 0.0002597662 | BG29: =BH29/1000 -> 2.5476876 | BH29: =AC29+AD29*N29 -> 2547.6876 | BJ29: =AP29/BF29 -> 3489.9434 | BK29: =(BJ29-BH29)/BH29 -> 0.3698475 | BL29: =AU29/BM29 -> 0.0093741145 | BM29: 70.599 | BN29: =1.380649E-23*(Q29^(-3)) -> 521529.26 | BO29: =BN29*AN29 -> 972652.08 | BP29: =1/3*BX29*10^6 -> 1476120.4 | BQ29: =BO29*0.000001 -> 0.97265208 | BR29: =BP29*0.000001 -> 1.4761204 | BS29: =BO29-BP29 -> -503468.36 | BT29: =(BO29-BP29)/BO29 -> -0.51762431 | BU29: =Q29*BO29 -> 0.00028988498 | BV29: =S29*BP29 -> 0.00014816653 | BW29: =(BU29-BV29)/BU29 -> 0.48887821 | BX29: =BY29/1000000 -> 4.4283613 | BY29: =BM29/O29 -> 4428361.3 | BZ29: =AP29/(BL29) -> 96.709864 | CA29: =(BZ29-BM29)/BM29 -> 0.3698475 | CB29: =BH29*BP29 -> 3.7606936e+09 | CC29: =CB29*0.000000001 -> 3.7606936 | CD29: =BH29*BO29 -> 2.4780136e+09 | CE29: =CD29*0.000000001 -> 2.4780136 | CF29: =CB29*R29 -> 0.74333871 | CG29: =CD29*Q29 -> 0.73853636 | CH29: 5.361492 | CJ29: 0.94088178 | CK29: =SQRT(CJ29/CH29) -> 0.41891383 | CL29: =SQRT(1/CH29) -> 0.43187411 | CN29: =R29*SQRT(0.9/CH29) -> 8.0983625e-11 | CQ29: =L29/(AB29/1000*(AC29+AD29*N29)) -> 3.2730306e-09
A30: 0.725LiF-0.265BeF2-0.01UF4 | C30: 3 | D30: 13.155 | E30: 12.86 | F30: =D30*1.6726219E-27 -> 2.2003341e-26 | G30: =E30*9.1093856E-31 -> 1.171467e-29 | H30: =((F30*D30)/(G30*E30)) -> 1921.3587 | I30: =D30/E30 -> 1.0229393 | J30: =(F30)-(G30) -> 2.1991626e-26 | K30: 34.40365 | L30: =0.123*EXP(29800/(8.3144598*N30))/1000 -> 0.01645722 | M30: =N30^-1 -> 0.0013661202 | N30: 732 | O30: 1.6204764e-05 | P30: 0.00016258314 | Q30: =(6.02214076E+23/O30)^(-1/3) -> 2.9966126e-10 | R30: =0.725*R3+0.265*R11+0.01*R22 -> 1.98e-10 | S30: =Q30-R30 -> 1.0166126e-10 | T30: =(Q30-R30)/Q30 -> 0.33925394 | W30: =(( (O30/6.02214076E+23)^(1/3)) + (R30)) / 2 -> 2.4883063e-10 | Z30: =Q30*10000000000 -> 2.9966126 | AA30: =R30*10000000000 -> 1.98 | AB30: 2039490.5 | AC30: 2441.8706 | AK30: 3 | AL30: 7 | AM30: =AK30+AL30 -> 10 | AN30: =0.725*AN3+0.265*AN11+0.01*AN22 -> 1.86 | AO30: 0.89056772 | AP30: 0.76966315 | AQ30: =1/3*BY30*BH30*R30 -> 0.71187944 | AR30: =ABS((AP30-AQ30)/AP30) -> 0.075076616 | AU30: 0.63042336 | AV30: =(AP30-AU30)/AP30 -> 0.18091004 | AW30: =AP30/(1/3*BH30*R30) -> 4775667.9 | AX30: =AP30/(1/3*BH30*BC30) -> 4417126.9 | AY30: 3.5953507e+09 | AZ30: =AU30/AY30 -> 1.7534405e-10 | BC30: =AP30/(1/3*BY30*BH30) -> 2.1407179e-10 | BD30: =AP30/AY30 -> 2.1407179e-10 | BE30: =(BD30-AZ30)/AZ30 -> 0.22086712 | BF30: =AU30/BH30 -> 0.00025817231 | BG30: =BH30/1000 -> 2.4418706 | BH30: =AC30+AD30*N30 -> 2441.8706 | BJ30: =AP30/BF30 -> 2981.1995 | BK30: =(BJ30-BH30)/BH30 -> 0.22086712 | BL30: =AU30/BM30 -> 0.0088074402 | BM30: 71.5785 | BN30: =1.380649E-23*(Q30^(-3)) -> 513087.54 | BO30: =BN30*AN30 -> 954342.82 | BP30: =1/3*BX30*10^6 -> 1472375.6 | BQ30: =BO30*0.000001 -> 0.95434282 | BR30: =BP30*0.000001 -> 1.4723756 | BS30: =BO30-BP30 -> -518032.81 | BT30: =(BO30-BP30)/BO30 -> -0.54281627 | BU30: =Q30*BO30 -> 0.00028597958 | BV30: =S30*BP30 -> 0.00014968357 | BW30: =(BU30-BV30)/BU30 -> 0.47659351 | BX30: =BY30/1000000 -> 4.4171269 | BY30: =BM30/O30 -> 4417126.9 | BZ30: =AP30/(BL30) -> 87.387837 | CA30: =(BZ30-BM30)/BM30 -> 0.22086712 | CB30: =BH30*BP30 -> 3.5953507e+09 | CC30: =CB30*0.000000001 -> 3.5953507 | CD30: =BH30*BO30 -> 2.3303817e+09 | CE30: =CD30*0.000000001 -> 2.3303817 | CF30: =CB30*R30 -> 0.71187944 | CG30: =CD30*Q30 -> 0.69832511 | CH30: 5.481452 | CJ30: 0.94088178 | CK30: =SQRT(CJ30/CH30) -> 0.41430457 | CL30: =SQRT(1/CH30) -> 0.42712225 | CN30: =R30*SQRT(0.9/CH30) -> 8.0230341e-11 | CQ30: =L30/(AB30/1000*(AC30+AD30*N30)) -> 3.3045487e-09
A31: 0.72LiF-0.26BeF2-0.02UF4 | C31: 3 | D31: 14.04 | E31: 13.72 | F31: =D31*1.6726219E-27 -> 2.3483611e-26 | G31: =E31*9.1093856E-31 -> 1.2498077e-29 | H31: =((F31*D31)/(G31*E31)) -> 1922.8025 | I31: =D31/E31 -> 1.0233236 | J31: =(F31)-(G31) -> 2.3471113e-26 | K31: 37.17913 | L31: =0.123*EXP(29800/(8.3144598*N31))/1000 -> 0.01645722 | M31: =N31^-1 -> 0.0013661202 | N31: 732 | O31: 1.6467062e-05 | P31: 0.00016292833 | Q31: =(6.02214076E+23/O31)^(-1/3) -> 3.0126944e-10 | R31: =0.72*R3+0.26*R11+0.02*R22 -> 1.9834e-10 | S31: =Q31-R31 -> 1.0292944e-10 | T31: =(Q31-R31)/Q31 -> 0.34165244 | W31: =(( (O31/6.02214076E+23)^(1/3)) + (R31)) / 2 -> 2.4980472e-10 | Z31: =Q31*10000000000 -> 3.0126944 | AA31: =R31*10000000000 -> 1.9834 | AB31: 2089937.1 | AC31: 2348.752 | AK31: 3 | AL31: 7 | AM31: =AK31+AL31 -> 10 | AN31: =0.72*AN3+0.26*AN11+0.02*AN22 -> 1.855 | AO31: 0.80397278 | AP31: 0.71518308 | AQ31: =1/3*BY31*BH31*R31 -> 0.68421942 | AR31: =ABS((AP31-AQ31)/AP31) -> 0.043294731 | AU31: 0.60277958 | AV31: =(AP31-AU31)/AP31 -> 0.15716745 | AW31: =AP31/(1/3*BH31*R31) -> 4605650.8 | AX31: =AP31/(1/3*BH31*BC31) -> 4406250.4 | AY31: 3.4497298e+09 | AZ31: =AU31/AY31 -> 1.747324e-10 | BC31: =AP31/(1/3*BY31*BH31) -> 2.0731568e-10 | BD31: =AP31/AY31 -> 2.0731568e-10 | BE31: =(BD31-AZ31)/AZ31 -> 0.1864753 | BF31: =AU31/BH31 -> 0.00025663824 | BG31: =BH31/1000 -> 2.348752 | BH31: =AC31+AD31*N31 -> 2348.752 | BJ31: =AP31/BF31 -> 2786.7363 | BK31: =(BJ31-BH31)/BH31 -> 0.1864753 | BL31: =AU31/BM31 -> 0.008307555 | BM31: 72.558 | BN31: =1.380649E-23*(Q31^(-3)) -> 504914.75 | BO31: =BN31*AN31 -> 936616.86 | BP31: =1/3*BX31*10^6 -> 1468750.1 | BQ31: =BO31*0.000001 -> 0.93661686 | BR31: =BP31*0.000001 -> 1.4687501 | BS31: =BO31-BP31 -> -532133.28 | BT31: =(BO31-BP31)/BO31 -> -0.56814403 | BU31: =Q31*BO31 -> 0.00028217403 | BV31: =S31*BP31 -> 0.00015117762 | BW31: =(BU31-BV31)/BU31 -> 0.46423977 | BX31: =BY31/1000000 -> 4.4062504 | BY31: =BM31/O31 -> 4406250.4 | BZ31: =AP31/(BL31) -> 86.088275 | CA31: =(BZ31-BM31)/BM31 -> 0.1864753 | CB31: =BH31*BP31 -> 3.4497298e+09 | CC31: =CB31*0.000000001 -> 3.4497298 | CD31: =BH31*BO31 -> 2.1998807e+09 | CE31: =CD31*0.000000001 -> 2.1998807 | CF31: =CB31*R31 -> 0.68421942 | CG31: =CD31*Q31 -> 0.66275683 | CH31: 5.601412 | CJ31: 0.94088178 | CK31: =SQRT(CJ31/CH31) -> 0.40984418 | CL31: =SQRT(1/CH31) -> 0.42252386 | CN31: =R31*SQRT(0.9/CH31) -> 7.950287e-11 | CQ31: =L31/(AB31/1000*(AC31+AD31*N31)) -> 3.3526337e-09
A32: 0.32KCl-0.68MgCl2 | C32: 2 | D32: 31.24 | E32: 30.56 | F32: =D32*1.6726219E-27 -> 5.2252708e-26 | G32: =E32*9.1093856E-31 -> 2.7838282e-29 | H32: =((F32*D32)/(G32*E32)) -> 1918.775 | I32: =D32/E32 -> 1.0222513 | J32: =(F32)-(G32) -> 5.222487e-26 | K32: 88.599896 | M32: =N32^-1 -> 0.001433589 | N32: 697.55 | O32: 5.0411903e-05 | P32: 0.00023528262 | Q32: =(6.02214076E+23/O32)^(-1/3) -> 4.3744897e-10 | R32: =0.32*R10+0.68*R15 -> 2.7412e-10 | S32: =Q32-R32 -> 1.6332897e-10 | T32: =(Q32-R32)/Q32 -> 0.37336691 | W32: =(( (O32/6.02214076E+23)^(1/3)) + (R32)) / 2 -> 3.5578448e-10 | Z32: =Q32*10000000000 -> 4.3744897 | AA32: =R32*10000000000 -> 2.7412 | AB32: 1755710.6 | AC32: 2039.5015 | AK32: 2 | AL32: 3 | AM32: =AK32+AL32 -> 5 | AN32: =0.32*AN10+0.68*AN15 -> 1.66 | AO32: 0.45966667 | AP32: 0.45966667 | AQ32: =1/3*BY32*BH32*R32 -> 0.31844809 | AR32: =ABS((AP32-AQ32)/AP32) -> 0.30721952 | AU32: 0.26536257 | AV32: =(AP32-AU32)/AP32 -> 0.42270652 | AW32: =AP32/(1/3*BH32*R32) -> 2466604.5 | AX32: =AP32/(1/3*BH32*BC32) -> 1708815.5 | AY32: 1.1617105e+09 | AZ32: =AU32/AY32 -> 2.28424e-10 | BC32: =AP32/(1/3*BY32*BH32) -> 3.9568089e-10 | BD32: =AP32/AY32 -> 3.9568089e-10 | BE32: =(BD32-AZ32)/AZ32 -> 0.73222119 | BF32: =AU32/BH32 -> 0.00013011149 | BG32: =BH32/1000 -> 2.0395015 | BH32: =AC32+AD32*N32 -> 2039.5015 | BJ32: =AP32/BF32 -> 3532.8677 | BK32: =(BJ32-BH32)/BH32 -> 0.73222119 | BL32: =AU32/BM32 -> 0.0030804304 | BM32: 86.14464 | BN32: =1.380649E-23*(Q32^(-3)) -> 164930.54 | BO32: =BN32*AN32 -> 273784.7 | BP32: =1/3*BX32*10^6 -> 569605.15 | BQ32: =BO32*0.000001 -> 0.2737847 | BR32: =BP32*0.000001 -> 0.56960515 | BS32: =BO32-BP32 -> -295820.45 | BT32: =(BO32-BP32)/BO32 -> -1.0804857 | BU32: =Q32*BO32 -> 0.00011976684 | BV32: =S32*BP32 -> 9.3033023e-05 | BW32: =(BU32-BV32)/BU32 -> 0.22321549 | BX32: =BY32/1000000 -> 1.7088155 | BY32: =BM32/O32 -> 1708815.5 | BZ32: =AP32/(BL32) -> 149.22157 | CA32: =(BZ32-BM32)/BM32 -> 0.73222119 | CB32: =BH32*BP32 -> 1.1617105e+09 | CC32: =CB32*0.000000001 -> 1.1617105 | CD32: =BH32*BO32 -> 5.583843e+08 | CE32: =CD32*0.000000001 -> 0.5583843 | CF32: =CB32*R32 -> 0.31844809 | CG32: =CD32*Q32 -> 0.24426464 | CH32: 15.754556 | CL32: =SQRT(1/CH32) -> 0.25193988 | CN32: =R32*SQRT(0.9/CH32) -> 6.5517738e-11
A33: 0.4598NaCl-0.3891KCl-0.1511MgCl2 | C33: 3 | D33: 31.2639 | E33: 31.1128 | F33: =D33*1.6726219E-27 -> 5.2292684e-26 | G33: =E33*9.1093856E-31 -> 2.8341849e-29 | H33: =((F33*D33)/(G33*E33)) -> 1854.0302 | I33: =D33/E33 -> 1.0048565 | J33: =(F33)-(G33) -> 5.2264342e-26 | K33: 70.265005 | M33: =N33^-1 -> 0.0014824698 | N33: 674.55 | O33: 3.990775e-05 | P33: 0.00032881888 | Q33: =(6.02214076E+23/O33)^(-1/3) -> 4.0467103e-10 | R33: =0.4598*R9+0.3891*R10+0.1511*R15 -> 2.924746e-10 | S33: =Q33-R33 -> 1.1219643e-10 | T33: =(Q33-R33)/Q33 -> 0.27725342 | W33: =(( (O33/6.02214076E+23)^(1/3)) + (R33)) / 2 -> 3.4857281e-10 | Z33: =Q33*10000000000 -> 4.0467103 | AA33: =R33*10000000000 -> 2.924746 | AB33: 1761445 | AC33: 2024.7769 | AK33: 3 | AL33: 4 | AM33: =AK33+AL33 -> 7 | AN33: =0.4598*AN9+0.3891*AN10+0.1511*AN15 -> 1.92445 | AO33: 0.46554762 | AP33: 0.46554762 | AQ33: =1/3*BY33*BH33*R33 -> 0.36878913 | AR33: =ABS((AP33-AQ33)/AP33) -> 0.207838 | AU33: 0.28383634 | AV33: =(AP33-AU33)/AP33 -> 0.39031728 | AW33: =AP33/(1/3*BH33*R33) -> 2358413.9 | AX33: =AP33/(1/3*BH33*BC33) -> 1868245.9 | AY33: 1.260927e+09 | AZ33: =AU33/AY33 -> 2.2510132e-10 | BC33: =AP33/(1/3*BY33*BH33) -> 3.6921059e-10 | BD33: =AP33/AY33 -> 3.6921059e-10 | BE33: =(BD33-AZ33)/AZ33 -> 0.64019737 | BF33: =AU33/BH33 -> 0.00014018154 | BG33: =BH33/1000 -> 2.0247769 | BH33: =AC33+AD33*N33 -> 2024.7769 | BJ33: =AP33/BF33 -> 3321.0338 | BK33: =(BJ33-BH33)/BH33 -> 0.64019737 | BL33: =AU33/BM33 -> 0.0038069461 | BM33: 74.557489 | BN33: =1.380649E-23*(Q33^(-3)) -> 208342.06 | BO33: =BN33*AN33 -> 400943.87 | BP33: =1/3*BX33*10^6 -> 622748.63 | BQ33: =BO33*0.000001 -> 0.40094387 | BR33: =BP33*0.000001 -> 0.62274863 | BS33: =BO33-BP33 -> -221804.76 | BT33: =(BO33-BP33)/BO33 -> -0.5532065 | BU33: =Q33*BO33 -> 0.00016225037 | BV33: =S33*BP33 -> 6.9870171e-05 | BW33: =(BU33-BV33)/BU33 -> 0.56936818 | BX33: =BY33/1000000 -> 1.8682459 | BY33: =BM33/O33 -> 1868245.9 | BZ33: =AP33/(BL33) -> 122.289 | CA33: =(BZ33-BM33)/BM33 -> 0.64019737 | CB33: =BH33*BP33 -> 1.260927e+09 | CC33: =CB33*0.000000001 -> 1.260927 | CD33: =BH33*BO33 -> 8.1182189e+08 | CE33: =CD33*0.000000001 -> 0.81182189 | CF33: =CB33*R33 -> 0.36878913 | CG33: =CD33*Q33 -> 0.3285208 | CH33: 15.825305 | CL33: =SQRT(1/CH33) -> 0.25137608 | CN33: =R33*SQRT(0.9/CH33) -> 6.9748258e-11
A34: 0.5097CaCl2-0.4903NaCl | O34: =0.5097*O16+0.4903*O9 -> 4.5552464e-05 | Q34: =(6.02214076E+23/O34)^(-1/3) -> 4.2291555e-10 | R34: =0.5097*R16+0.4903*R9 -> 2.819806e-10 | S34: =Q34-R34 -> 1.4093495e-10 | T34: =(Q34-R34)/Q34 -> 0.33324609 | AN34: =0.5097*AN16+0.4903*AN9 -> 1.74515
A35: 0.15CaCl2-0.315MgCl2-0.535NaCl | O35: =O15*0.315+O16*0.15+O9*0.535 -> 4.5916609e-05 | Q35: =(6.02214076E+23/O35)^(-1/3) -> 4.2403949e-10 | R35: =0.535*R9+0.315*R15+0.15*R16 -> 2.7325e-10 | S35: =Q35-R35 -> 1.5078949e-10 | T35: =(Q35-R35)/Q35 -> 0.35560247 | AN35: =0.15*AN16+0.315*AN15+0.535*AN9 -> 1.7675
A36: 0.345NaF-0.59KF-0.065MgF2 | C36: 3 | D36: 24.785 | E36: 24.72 | F36: =D36*1.6726219E-27 -> 4.1455934e-26 | G36: =E36*9.1093856E-31 -> 2.2518401e-29 | H36: =((F36*D36)/(G36*E36)) -> 1845.8211 | I36: =D36/E36 -> 1.0026294 | J36: =(F36)-(G36) -> 4.1433415e-26 | K36: 52.812707 | M36: =N36^-1 -> 0.0010416667 | N36: 960 | O36: 2.5195547e-05 | P36: 0.00031944978 | Q36: =(6.02214076E+23/O36)^(-1/3) -> 3.471557e-10 | R36: =0.345*R4+0.59*R5+0.065*R12 -> 2.5429e-10 | S36: =Q36-R36 -> 9.2865699e-11 | T36: =(Q36-R36)/Q36 -> 0.26750446 | W36: =(( (O36/6.02214076E+23)^(1/3)) + (R36)) / 2 -> 3.0072285e-10 | Z36: =Q36*10000000000 -> 3.471557 | AA36: =R36*10000000000 -> 2.5429 | AB36: 2110100.6 | AC36: 1885.1934 | AK36: 3 | AL36: 4 | AM36: =AK36+AL36 -> 7 | AN36: =0.345*AN4+0.59*AN5+0.065*AN12 -> 1.9675 | AO36: 0.82855604 | AP36: 0.82855604 | AQ36: =1/3*BY36*BH36*R36 -> 0.4430568 | AR36: =ABS((AP36-AQ36)/AP36) -> 0.46526635 | AU36: 0.33711022 | AV36: =(AP36-AU36)/AP36 -> 0.59313528 | AW36: =AP36/(1/3*BH36*R36) -> 5185109.6 | AX36: =AP36/(1/3*BH36*BC36) -> 2772652.6 | AY36: 1.7423288e+09 | AZ36: =AU36/AY36 -> 1.9348255e-10 | BC36: =AP36/(1/3*BY36*BH36) -> 4.7554516e-10 | BD36: =AP36/AY36 -> 4.7554516e-10 | BE36: =(BD36-AZ36)/AZ36 -> 1.4578194 | BF36: =AU36/BH36 -> 0.00017881997 | BG36: =BH36/1000 -> 1.8851934 | BH36: =AC36+AD36*N36 -> 1885.1934 | BJ36: =AP36/BF36 -> 4633.4649 | BK36: =(BJ36-BH36)/BH36 -> 1.4578194 | BL36: =AU36/BM36 -> 0.004825615 | BM36: 69.8585 | BN36: =1.380649E-23*(Q36^(-3)) -> 329997.3 | BO36: =BN36*AN36 -> 649269.69 | BP36: =1/3*BX36*10^6 -> 924217.53 | BQ36: =BO36*0.000001 -> 0.64926969 | BR36: =BP36*0.000001 -> 0.92421753 | BS36: =BO36-BP36 -> -274947.85 | BT36: =(BO36-BP36)/BO36 -> -0.42347248 | BU36: =Q36*BO36 -> 0.00022539767 | BV36: =S36*BP36 -> 8.5828107e-05 | BW36: =(BU36-BV36)/BU36 -> 0.61921476 | BX36: =BY36/1000000 -> 2.7726526 | BY36: =BM36/O36 -> 2772652.6 | BZ36: =AP36/(BL36) -> 171.69957 | CA36: =(BZ36-BM36)/BM36 -> 1.4578194 | CB36: =BH36*BP36 -> 1.7423288e+09 | CC36: =CB36*0.000000001 -> 1.7423288 | CD36: =BH36*BO36 -> 1.223999e+09 | CE36: =CD36*0.000000001 -> 1.223999 | CF36: =CB36*R36 -> 0.4430568 | CG36: =CD36*Q36 -> 0.42491821 | CH36: 11.825414 | CJ36: 0.86751984 | CK36: =SQRT(CJ36/CH36) -> 0.27085168 | CL36: =SQRT(1/CH36) -> 0.29079827 | CN36: =R36*SQRT(0.9/CH36) -> 7.0152372e-11
A37: 0.582LiCl-0.418KCl | C37: 2 | D37: 26.688 | E37: 26.688 | F37: =D37*1.6726219E-27 -> 4.4638933e-26 | G37: =E37*9.1093856E-31 -> 2.4311128e-29 | H37: =((F37*D37)/(G37*E37)) -> 1836.1523 | I37: =D37/E37 -> 1 | J37: =(F37)-(G37) -> 4.4614622e-26 | K37: 55.835751 | L37: =0.087*EXP(20900/(8.3144598*N37))/1000 -> 0.0046437178 | M37: =N37^-1 -> 0.0015822785 | N37: 632 | O37: 3.2950649e-05 | P37: 0.00033829968 | Q37: =(6.02214076E+23/O37)^(-1/3) -> 3.7963918e-10 | R37: =0.582*R8+0.418*R10 -> 2.82916e-10 | S37: =Q37-R37 -> 9.6723177e-11 | T37: =(Q37-R37)/Q37 -> 0.2547766 | W37: =(( (O37/6.02214076E+23)^(1/3)) + (R37)) / 2 -> 3.3127759e-10 | Z37: =Q37*10000000000 -> 3.7963918 | AA37: =R37*10000000000 -> 2.82916 | AB37: 1676175.3 | AC37: 2084.8843 | AK37: 2 | AL37: 2 | AM37: =AK37+AL37 -> 4 | AN37: =0.582*AN8+0.418*AN10 -> 2 | AO37: 0.58438111 | AP37: 0.58438111 | AQ37: =1/3*BY37*BH37*R37 -> 0.40937294 | AR37: =ABS((AP37-AQ37)/AP37) -> 0.29947609 | AU37: 0.33404178 | AV37: =(AP37-AU37)/AP37 -> 0.42838368 | AW37: =AP37/(1/3*BH37*R37) -> 2972199.4 | AX37: =AP37/(1/3*BH37*BC37) -> 2082096.8 | AY37: 1.446977e+09 | AZ37: =AU37/AY37 -> 2.3085494e-10 | BC37: =AP37/(1/3*BY37*BH37) -> 4.0386344e-10 | BD37: =AP37/AY37 -> 4.0386344e-10 | BE37: =(BD37-AZ37)/AZ37 -> 0.74942521 | BF37: =AU37/BH37 -> 0.00016022077 | BG37: =BH37/1000 -> 2.0848843 | BH37: =AC37+AD37*N37 -> 2084.8843 | BJ37: =AP37/BF37 -> 3647.3492 | BK37: =(BJ37-BH37)/BH37 -> 0.74942521 | BL37: =AU37/BM37 -> 0.0048689566 | BM37: 68.60644 | BN37: =1.380649E-23*(Q37^(-3)) -> 252330.77 | BO37: =BN37*AN37 -> 504661.54 | BP37: =1/3*BX37*10^6 -> 694032.26 | BQ37: =BO37*0.000001 -> 0.50466154 | BR37: =BP37*0.000001 -> 0.69403226 | BS37: =BO37-BP37 -> -189370.72 | BT37: =(BO37-BP37)/BO37 -> -0.37524302 | BU37: =Q37*BO37 -> 0.00019158929 | BV37: =S37*BP37 -> 6.7129005e-05 | BW37: =(BU37-BV37)/BU37 -> 0.64962027 | BX37: =BY37/1000000 -> 2.0820968 | BY37: =BM37/O37 -> 2082096.8 | BZ37: =AP37/(BL37) -> 120.02184 | CA37: =(BZ37-BM37)/BM37 -> 0.74942521 | CB37: =BH37*BP37 -> 1.446977e+09 | CC37: =CB37*0.000000001 -> 1.446977 | CD37: =BH37*BO37 -> 1.0521609e+09 | CE37: =CD37*0.000000001 -> 1.0521609 | CF37: =CB37*R37 -> 0.40937294 | CG37: =CD37*Q37 -> 0.39944151 | CH37: 11.149857 | CL37: =SQRT(1/CH37) -> 0.29947829 | CN37: =R37*SQRT(0.9/CH37) -> 8.0379281e-11 | CQ37: =L37/(AB37/1000*(AC37+AD37*N37)) -> 1.3288146e-09
A38: 0.6LiF-0.4NaF | C38: 2 | D38: 15.2 | E38: 15.2 | F38: =D38*1.6726219E-27 -> 2.5423853e-26 | G38: =E38*9.1093856E-31 -> 1.3846266e-29 | H38: =((F38*D38)/(G38*E38)) -> 1836.1523 | I38: =D38/E38 -> 1 | J38: =(F38)-(G38) -> 2.5410007e-26 | K38: 32.3586 | L38: =0.116*EXP(26800/(8.3144598*N38))/1000 -> 0.0039071252 | M38: =N38^-1 -> 0.0010911075 | N38: 916.5 | O38: 1.5885584e-05 | P38: 0.00027773489 | Q38: =(6.02214076E+23/O38)^(-1/3) -> 2.9768075e-10 | R38: =0.6*R3+0.4*R4 -> 2.194e-10 | S38: =Q38-R38 -> 7.8280754e-11 | T38: =(Q38-R38)/Q38 -> 0.26296881 | W38: =(( (O38/6.02214076E+23)^(1/3)) + (R38)) / 2 -> 2.5854038e-10 | Z38: =Q38*10000000000 -> 2.9768075 | AA38: =R38*10000000000 -> 2.194 | AB38: 2014141.4 | AC38: 2298.2284 | AK38: 2 | AL38: 2 | AM38: =AK38+AL38 -> 4 | AN38: =0.6*AN3+0.4*AN4 -> 2 | AO38: 0.86544945 | AP38: 0.86868921 | AQ38: =1/3*BY38*BH38*R38 -> 0.70465998 | AR38: =ABS((AP38-AQ38)/AP38) -> 0.18882384 | AS38: =1/3*BY38*BH38*BA38 -> 0.61490801 | AT38: =1/3*BY38*BH38*BB38 -> 0.73223098 | AU38: 0.56745362 | AV38: =(AP38-AU38)/AP38 -> 0.34677026 | AW38: =AP38/(1/3*BH38*R38) -> 5168397.1 | AX38: =AP38/(1/3*BH38*BC38) -> 4192480.6 | AY38: 3.2117592e+09 | AZ38: =AU38/AY38 -> 1.7668e-10 | BA38: 1.914552e-10 | BB38: 2.2798439e-10 | BC38: =AP38/(1/3*BY38*BH38) -> 2.7047146e-10 | BD38: =AP38/AY38 -> 2.7047146e-10 | BE38: =(BD38-AZ38)/AZ38 -> 0.53085499 | BF38: =AU38/BH38 -> 0.00024690915 | BG38: =BH38/1000 -> 2.2982284 | BH38: =AC38+AD38*N38 -> 2298.2284 | BJ38: =AP38/BF38 -> 3518.2544 | BK38: =(BJ38-BH38)/BH38 -> 0.53085499 | BL38: =AU38/BM38 -> 0.0085203247 | BM38: 66.6 | BN38: =1.380649E-23*(Q38^(-3)) -> 523396.74 | BO38: =BN38*AN38 -> 1046793.5 | BP38: =1/3*BX38*10^6 -> 1397493.5 | BQ38: =BO38*0.000001 -> 1.0467935 | BR38: =BP38*0.000001 -> 1.3974935 | BS38: =BO38-BP38 -> -350700.04 | BT38: =(BO38-BP38)/BO38 -> -0.33502314 | BU38: =Q38*BO38 -> 0.00031161027 | BV38: =S38*BP38 -> 0.00010939685 | BW38: =(BU38-BV38)/BU38 -> 0.64893055 | BX38: =BY38/1000000 -> 4.1924806 | BY38: =BM38/O38 -> 4192480.6 | BZ38: =AP38/(BL38) -> 101.95494 | CA38: =(BZ38-BM38)/BM38 -> 0.53085499 | CB38: =BH38*BP38 -> 3.2117592e+09 | CC38: =CB38*0.000000001 -> 3.2117592 | CD38: =BH38*BO38 -> 2.4057705e+09 | CE38: =CD38*0.000000001 -> 2.4057705 | CF38: =CB38*R38 -> 0.70465998 | CG38: =CD38*Q38 -> 0.71615157 | CH38: 7.21109 | CJ38: 0.84938809 | CK38: =SQRT(CJ38/CH38) -> 0.34320422 | CL38: =SQRT(1/CH38) -> 0.37239131 | CN38: =R38*SQRT(0.9/CH38) -> 7.7509943e-11 | CQ38: =L38/(AB38/1000*(AC38+AD38*N38)) -> 8.4406168e-10
A39: 0.64NaCl-0.36UCl3 (PDF) | C39: 2 | D39: 57.97 | E39: 57.23 | F39: =D39*1.6726219E-27 -> 9.6961892e-26 | G39: =E39*9.1093856E-31 -> 5.2133014e-29 | H39: =((F39*D39)/(G39*E39)) -> 1883.9432 | I39: =D39/E39 -> 1.0129303 | J39: =(F39)-(G39) -> 9.6909759e-26 | K39: 164.24072 | L39: =10^(-1.2675+1704/N39+0/N39^2)/1000 -> 0.0080532167 | M39: =N39^-1 -> 0.0012755102 | N39: 784 | O39: 4.6078431e-05 | P39: 0.00034092676 | Q39: =(6.02214076E+23/O39)^(-1/3) -> 4.2453705e-10 | R39: =0.63*R8+0.37*R22 -> 2.4405e-10 | S39: =Q39-R39 -> 1.8048705e-10 | T39: =(Q39-R39)/Q39 -> 0.42513851 | W39: =(( (O39/6.02214076E+23)^(1/3)) + (R39)) / 2 -> 3.3429352e-10 | X39: 2.65819 | Z39: =Q39*10000000000 -> 4.2453705 | AA39: =R39*10000000000 -> 2.4405 | AB39: 2996639.7 | AC39: 1451.7495 | AK39: 2 | AL39: 4 | AM39: =AK39+AL39 -> 6 | AN39: =0.64*AN8+0.36*AN22 -> 1.73 | AO39: 0.23926258 | AP39: 0.23926258 | AQ39: =1/3*BY39*BH39*R39 -> 0.25466294 | AR39: =ABS((AP39-AQ39)/AP39) -> 0.064365959 | AS39: =1/3*BY39*BH39*BA39 -> 0.28418198 | AT39: =1/3*BY39*BH39*BB39 -> 0.2930153 | AU39: 0.2476864 | AV39: =(AP39-AU39)/AP39 -> -0.035207434 | AW39: =AP39/(1/3*BH39*R39) -> 2025935.2 | AX39: =AP39/(1/3*BH39*BC39) -> 2156336.4 | AY39: 1.0434868e+09 | AZ39: =AU39/AY39 -> 2.373642e-10 | BA39: 2.7233885e-10 | BB39: 2.8080404e-10 | BC39: =AP39/(1/3*BY39*BH39) -> 2.2929144e-10 | BD39: =AP39/AY39 -> 2.2929144e-10 | BE39: =(BD39-AZ39)/AZ39 -> -0.034010028 | BF39: =AU39/BH39 -> 0.00017061236 | BG39: =BH39/1000 -> 1.4517495 | BH39: =AC39+AD39*N39 -> 1451.7495 | BJ39: =AP39/BF39 -> 1402.3754 | BK39: =(BJ39-BH39)/BH39 -> -0.034010028 | BL39: =AU39/BM39 -> 0.002492803 | BM39: 99.3606 | BN39: =1.380649E-23*(Q39^(-3)) -> 180441.53 | BO39: =BN39*AN39 -> 312163.85 | BP39: =1/3*BX39*10^6 -> 718778.81 | BQ39: =BO39*0.000001 -> 0.31216385 | BR39: =BP39*0.000001 -> 0.71877881 | BS39: =BO39-BP39 -> -406614.97 | BT39: =(BO39-BP39)/BO39 -> -1.302569 | BU39: =Q39*BO39 -> 0.00013252512 | BV39: =S39*BP39 -> 0.00012973026 | BW39: =(BU39-BV39)/BU39 -> 0.021089232 | BX39: =BY39/1000000 -> 2.1563364 | BY39: =BM39/O39 -> 2156336.4 | BZ39: =AP39/(BL39) -> 95.981343 | CA39: =(BZ39-BM39)/BM39 -> -0.034010028 | CB39: =BH39*BP39 -> 1.0434868e+09 | CC39: =CB39*0.000000001 -> 1.0434868 | CD39: =BH39*BO39 -> 4.531837e+08 | CE39: =CD39*0.000000001 -> 0.4531837 | CF39: =CB39*R39 -> 0.25466294 | CG39: =CD39*Q39 -> 0.19239327 | CH39: 20.202092 | CJ39: 0.8503299 | CK39: =SQRT(CJ39/CH39) -> 0.20516135 | CL39: =SQRT(1/CH39) -> 0.22248556 | CN39: =R39*SQRT(0.9/CH39) -> 5.1511227e-11 | CQ39: =L39/(AB39/1000*(AC39+AD39*N39)) -> 1.8511567e-09
A40: 0.63NaCl-0.37UCl3 (ORNL) | C40: 2 | D40: 57.97 | E40: 57.23 | F40: =D40*1.6726219E-27 -> 9.6961892e-26 | G40: =E40*9.1093856E-31 -> 5.2133014e-29 | H40: =((F40*D40)/(G40*E40)) -> 1883.9432 | I40: =D40/E40 -> 1.0129303 | J40: =(F40)-(G40) -> 9.6909759e-26 | K40: 164.24072 | L40: =10^(-1.2675+1704/N40+0/N40^2)/1000 -> 0.0080532167 | M40: =N40^-1 -> 0.0012755102 | N40: 784 | O40: 4.6078431e-05 | P40: 0.00034092676 | Q40: =(6.02214076E+23/O40)^(-1/3) -> 4.2453705e-10 | R40: =0.63*R9+0.37*R23 -> 2.8818e-10 | S40: =Q40-R40 -> 1.3635705e-10 | T40: =(Q40-R40)/Q40 -> 0.32118998 | W40: =(( (O40/6.02214076E+23)^(1/3)) + (R40)) / 2 -> 3.5635852e-10 | X40: 2.65819 | Z40: =Q40*10000000000 -> 4.2453705 | AA40: =R40*10000000000 -> 2.8818 | AB40: 2996639.7 | AC40: 1451.7495 | AK40: 2 | AL40: 4 | AM40: =AK40+AL40 -> 6 | AN40: =0.63*AN9+0.37*AN23 -> 1.7533333 | AO40: 0.23926258 | AP40: 0.23926258 | AQ40: =1/3*BY40*BH40*R40 -> 0.30071201 | AR40: =ABS((AP40-AQ40)/AP40) -> 0.25682845 | AS40: =1/3*BY40*BH40*BA40 -> 0.28418198 | AT40: =1/3*BY40*BH40*BB40 -> 0.2930153 | AU40: 0.2476864 | AV40: =(AP40-AU40)/AP40 -> -0.035207434 | AW40: =AP40/(1/3*BH40*R40) -> 1715696.7 | AX40: =AP40/(1/3*BH40*BC40) -> 2156336.4 | AY40: 1.0434868e+09 | AZ40: =AU40/AY40 -> 2.373642e-10 | BA40: 2.7233885e-10 | BB40: 2.8080404e-10 | BC40: =AP40/(1/3*BY40*BH40) -> 2.2929144e-10 | BD40: =AP40/AY40 -> 2.2929144e-10 | BE40: =(BD40-AZ40)/AZ40 -> -0.034010028 | BF40: =AU40/BH40 -> 0.00017061236 | BG40: =BH40/1000 -> 1.4517495 | BH40: =AC40+AD40*N40 -> 1451.7495 | BJ40: =AP40/BF40 -> 1402.3754 | BK40: =(BJ40-BH40)/BH40 -> -0.034010028 | BL40: =AU40/BM40 -> 0.002492803 | BM40: 99.3606 | BN40: =1.380649E-23*(Q40^(-3)) -> 180441.53 | BO40: =BN40*AN40 -> 316374.15 | BP40: =1/3*BX40*10^6 -> 718778.81 | BQ40: =BO40*0.000001 -> 0.31637415 | BR40: =BP40*0.000001 -> 0.71877881 | BS40: =BO40-BP40 -> -402404.66 | BT40: =(BO40-BP40)/BO40 -> -1.2719265 | BU40: =Q40*BO40 -> 0.00013431255 | BV40: =S40*BP40 -> 9.8010556e-05 | BW40: =(BU40-BV40)/BU40 -> 0.27027997 | BX40: =BY40/1000000 -> 2.1563364 | BY40: =BM40/O40 -> 2156336.4 | BZ40: =AP40/(BL40) -> 95.981343 | CA40: =(BZ40-BM40)/BM40 -> -0.034010028 | CB40: =BH40*BP40 -> 1.0434868e+09 | CC40: =CB40*0.000000001 -> 1.0434868 | CD40: =BH40*BO40 -> 4.59296e+08 | CE40: =CD40*0.000000001 -> 0.459296 | CF40: =CB40*R40 -> 0.30071201 | CG40: =CD40*Q40 -> 0.19498817 | CH40: 20.202092 | CJ40: 0.8503299 | CK40: =SQRT(CJ40/CH40) -> 0.20516135 | CL40: =SQRT(1/CH40) -> 0.22248556 | CN40: =R40*SQRT(0.9/CH40) -> 6.0825673e-11 | CQ40: =L40/(AB40/1000*(AC40+AD40*N40)) -> 1.8511567e-09
A41: 0.658NaCl-0.342UCl3 (ANL) | C41: 2 | D41: 55.702 | E41: 55.018 | F41: =D41*1.6726219E-27 -> 9.3168385e-26 | G41: =E41*9.1093856E-31 -> 5.0118018e-29 | H41: =((F41*D41)/(G41*E41)) -> 1882.0912 | I41: =D41/E41 -> 1.0124323 | J41: =(F41)-(G41) -> 9.3118267e-26 | K41: 156.23418 | L41: =10^(-1.2179+1557/N41+0/N41^2)/1000 -> 0.0058623182 | M41: =N41^-1 -> 0.0012755102 | N41: 784 | O41: 4.5172249e-05 | P41: 0.00034144514 | Q41: =(6.02214076E+23/O41)^(-1/3) -> 4.2173561e-10 | R41: =0.658*R9+0.342*R23 -> 2.87788e-10 | S41: =Q41-R41 -> 1.3394761e-10 | T41: =(Q41-R41)/Q41 -> 0.31761038 | W41: =(( (O41/6.02214076E+23)^(1/3)) + (R41)) / 2 -> 3.547618e-10 | Z41: =Q41*10000000000 -> 4.2173561 | AA41: =R41*10000000000 -> 2.87788 | AB41: 2899543.9 | AC41: 1470.4556 | AK41: 2 | AL41: 4 | AM41: =AK41+AL41 -> 6 | AN41: =0.658*AN9+0.342*AN23 -> 1.772 | AO41: 0.27567442 | AP41: 0.27567442 | AQ41: =1/3*BY41*BH41*R41 -> 0.30324622 | AR41: =ABS((AP41-AQ41)/AP41) -> 0.10001579 | AS41: =1/3*BY41*BH41*BA41 -> 0.28696723 | AT41: =1/3*BY41*BH41*BB41 -> 0.3165179 | AU41: 0.25155328 | AV41: =(AP41-AU41)/AP41 -> 0.087498657 | AW41: =AP41/(1/3*BH41*R41) -> 1954308.6 | AX41: =AP41/(1/3*BH41*BC41) -> 2149770.3 | AY41: 1.0537139e+09 | AZ41: =AU41/AY41 -> 2.3873015e-10 | BA41: 2.7233885e-10 | BB41: 3.0038315e-10 | BC41: =AP41/(1/3*BY41*BH41) -> 2.616217e-10 | BD41: =AP41/AY41 -> 2.616217e-10 | BE41: =(BD41-AZ41)/AZ41 -> 0.095888798 | BF41: =AU41/BH41 -> 0.00017107167 | BG41: =BH41/1000 -> 1.4704556 | BH41: =AC41+AD41*N41 -> 1470.4556 | BJ41: =AP41/BF41 -> 1611.4558 | BK41: =(BJ41-BH41)/BH41 -> 0.095888798 | BL41: =AU41/BM41 -> 0.0025903963 | BM41: 97.10996 | BN41: =1.380649E-23*(Q41^(-3)) -> 184061.29 | BO41: =BN41*AN41 -> 326156.61 | BP41: =1/3*BX41*10^6 -> 716590.11 | BQ41: =BO41*0.000001 -> 0.32615661 | BR41: =BP41*0.000001 -> 0.71659011 | BS41: =BO41-BP41 -> -390433.49 | BT41: =(BO41-BP41)/BO41 -> -1.1970737 | BU41: =Q41*BO41 -> 0.00013755186 | BV41: =S41*BP41 -> 9.598553e-05 | BW41: =(BU41-BV41)/BU41 -> 0.3021866 | BX41: =BY41/1000000 -> 2.1497703 | BY41: =BM41/O41 -> 2149770.3 | BZ41: =AP41/(BL41) -> 106.42172 | CA41: =(BZ41-BM41)/BM41 -> 0.095888798 | CB41: =BH41*BP41 -> 1.0537139e+09 | CC41: =CB41*0.000000001 -> 1.0537139 | CD41: =BH41*BO41 -> 4.7959881e+08 | CE41: =CD41*0.000000001 -> 0.47959881 | CF41: =CB41*R41 -> 0.30324622 | CG41: =CD41*Q41 -> 0.20226389 | CH41: 19.72864 | CJ41: 0.8503299 | CK41: =SQRT(CJ41/CH41) -> 0.20760851 | CL41: =SQRT(1/CH41) -> 0.22513936 | CN41: =R41*SQRT(0.9/CH41) -> 6.1467473e-11 | CQ41: =L41/(AB41/1000*(AC41+AD41*N41)) -> 1.3749528e-09
A42: (NaF-KF)-.3UF4 | K42: 128.10887 | L42: =0.0767*EXP(39300/(8.3144598*N42))/1000 -> 0.0090410767 | N42: 991 | O42: 3.0243424e-05 | P42: 0.00023876282 | Q42: =(6.02214076E+23/O42)^(-1/3) -> 3.6894363e-10 | R42: =0.582*R4+0.388*R5+0.3*R22 -> 3.08518e-10 | S42: =Q42-R42 -> 6.0425633e-11 | T42: =(Q42-R42)/Q42 -> 0.16378012 | W42: =(( (O42/6.02214076E+23)^(1/3)) + (R42)) / 2 -> 3.3873082e-10 | Z42: =Q42*10000000000 -> 3.6894363 | AA42: =R42*10000000000 -> 3.08518 | AB42: 3498633.6 | AC42: =BH42 -> 1348.6175 | AK42: 3 | AL42: 6 | AM42: =AK42+AL42 -> 9 | AN42: =0.7*2+0.3*AN22 -> 1.775 | AO42: 0.49395062 | AP42: 0.51901235 | AQ42: =1/3*BY42*BH42*R42 -> 0.46048979 | AR42: =ABS((AP42-AQ42)/AP42) -> 0.11275755 | AU42: 0.25347402 | AV42: =(AP42-AU42)/AP42 -> 0.51162238 | AW42: =AP42/(1/3*BH42*R42) -> 3742222.8 | AX42: =AP42/(1/3*BH42*BC42) -> 3320258.9 | AY42: 1.4925865e+09 | AZ42: =AU42/AY42 -> 1.69822e-10 | BC42: =AP42/(1/3*BY42*BH42) -> 3.4772682e-10 | BD42: =AP42/AY42 -> 3.4772682e-10 | BE42: =(BD42-AZ42)/AZ42 -> 1.0475959 | BF42: =AU42/BH42 -> 0.000187951 | BG42: =BH42/1000 -> 1.3486175 | BH42: 1348.6175 | BJ42: =AP42/BF42 -> 2761.4236 | BK42: =(BJ42-BH42)/BH42 -> 1.0475959 | BL42: =AU42/BM42 -> 0.0025242393 | BM42: 100.416 | BN42: =1.380649E-23*(Q42^(-3)) -> 274918.03 | BO42: =BN42*AN42 -> 487979.5 | BP42: =1/3*BX42*10^6 -> 1106753 | BQ42: =BO42*0.000001 -> 0.4879795 | BR42: =BP42*0.000001 -> 1.106753 | BS42: =BO42-BP42 -> -618773.48 | BT42: =(BO42-BP42)/BO42 -> -1.2680317 | BU42: =Q42*BO42 -> 0.00018003693 | BV42: =S42*BP42 -> 6.687625e-05 | BW42: =(BU42-BV42)/BU42 -> 0.62854149 | BX42: =BY42/1000000 -> 3.3202589 | BY42: =BM42/O42 -> 3320258.9 | BZ42: =AP42/(BL42) -> 205.61139 | CA42: =(BZ42-BM42)/BM42 -> 1.0475959 | CB42: =BH42*BP42 -> 1.4925865e+09 | CC42: =CB42*0.000000001 -> 1.4925865 | CD42: =BH42*BO42 -> 6.580977e+08 | CE42: =CD42*0.000000001 -> 0.6580977 | CF42: =CB42*R42 -> 0.46048979 | CG42: =CD42*Q42 -> 0.24280096 | CH42: 13.56083 | CL42: =SQRT(1/CH42) -> 0.27155441 | CN42: =R42*SQRT(0.9/CH42) -> 7.9480141e-11 | CQ42: =L42/(AB42/1000*(AC42+AD42*N42)) -> 1.916165e-09
A43: (NaF-KF)-.4UF4 | K43: 154.66796 | L43: =0.0767*EXP(39300/(8.3144598*N43))/1000 -> 0.0081514268 | N43: 1013 | O43: 3.2645143e-05 | P43: 0.00022077563 | Q43: =(6.02214076E+23/O43)^(-1/3) -> 3.7846224e-10 | R43: =0.576*R4+0.384*R5+0.4*R22 -> 3.28224e-10 | S43: =Q43-R43 -> 5.0238242e-11 | T43: =(Q43-R43)/Q43 -> 0.13274308 | W43: =(( (O43/6.02214076E+23)^(1/3)) + (R43)) / 2 -> 3.5334312e-10 | Z43: =Q43*10000000000 -> 3.7846224 | AA43: =R43*10000000000 -> 3.28224 | AB43: 3957693.6 | AC43: =BH43 -> 1272.126 | AK43: 3 | AL43: 6 | AM43: =AK43+AL43 -> 9 | AN43: =0.6*2+0.4*AN22 -> 1.7 | AO43: 0.45693694 | AP43: 0.50823423 | AQ43: =1/3*BY43*BH43*R43 -> 0.4729354 | AR43: =ABS((AP43-AQ43)/AP43) -> 0.069453869 | AU43: 0.24265777 | AV43: =(AP43-AU43)/AP43 -> 0.52254737 | AW43: =AP43/(1/3*BH43*R43) -> 3651612.6 | AX43: =AP43/(1/3*BH43*BC43) -> 3397994 | AY43: 1.4408922e+09 | AZ43: =AU43/AY43 -> 1.68408e-10 | BC43: =AP43/(1/3*BY43*BH43) -> 3.527219e-10 | BD43: =AP43/AY43 -> 3.527219e-10 | BE43: =(BD43-AZ43)/AZ43 -> 1.0944486 | BF43: =AU43/BH43 -> 0.00019074979 | BG43: =BH43/1000 -> 1.272126 | BH43: 1272.126 | BJ43: =AP43/BF43 -> 2664.4026 | BK43: =(BJ43-BH43)/BH43 -> 1.0944486 | BL43: =AU43/BM43 -> 0.002187525 | BM43: 110.928 | BN43: =1.380649E-23*(Q43^(-3)) -> 254692.18 | BO43: =BN43*AN43 -> 432976.7 | BP43: =1/3*BX43*10^6 -> 1132664.7 | BQ43: =BO43*0.000001 -> 0.4329767 | BR43: =BP43*0.000001 -> 1.1326647 | BS43: =BO43-BP43 -> -699687.96 | BT43: =(BO43-BP43)/BO43 -> -1.6159945 | BU43: =Q43*BO43 -> 0.00016386533 | BV43: =S43*BP43 -> 5.6903082e-05 | BW43: =(BU43-BV43)/BU43 -> 0.65274485 | BX43: =BY43/1000000 -> 3.397994 | BY43: =BM43/O43 -> 3397994 | BZ43: =AP43/(BL43) -> 232.33299 | CA43: =(BZ43-BM43)/BM43 -> 1.0944486 | CB43: =BH43*BP43 -> 1.4408922e+09 | CC43: =CB43*0.000000001 -> 1.4408922 | CD43: =BH43*BO43 -> 5.5080093e+08 | CE43: =CD43*0.000000001 -> 0.55080093 | CF43: =CB43*R43 -> 0.4729354 | CG43: =CD43*Q43 -> 0.20845736 | CH43: 14.137014 | CL43: =SQRT(1/CH43) -> 0.26596296 | CN43: =R43*SQRT(0.9/CH43) -> 8.2815713e-11 | CQ43: =L43/(AB43/1000*(AC43+AD43*N43)) -> 1.619054e-09
A44: (NaF-KF)-.5UF4 | K44: 181.22705 | L44: =0.0767*EXP(39300/(8.3144598*N44))/1000 -> 0.0078587879 | N44: 1021 | O44: 3.494914e-05 | P44: 0.00020501178 | Q44: =(6.02214076E+23/O44)^(-1/3) -> 3.871642e-10 | R44: =0.57*R4+0.38*R5+0.5*R22 -> 3.4793e-10 | S44: =Q44-R44 -> 3.9234204e-11 | T44: =(Q44-R44)/Q44 -> 0.10133738 | W44: =(( (O44/6.02214076E+23)^(1/3)) + (R44)) / 2 -> 3.675471e-10 | Z44: =Q44*10000000000 -> 3.871642 | AA44: =R44*10000000000 -> 3.4793 | AB44: 4426131.4 | AC44: =BH44 -> 1215.1718 | AK44: 3 | AL44: 6 | AM44: =AK44+AL44 -> 9 | AN44: =0.5*2+0.5*AN22 -> 1.625 | AO44: 0.43928571 | AP44: 0.40028571 | AQ44: =1/3*BY44*BH44*R44 -> 0.48970392 | AR44: =ABS((AP44-AQ44)/AP44) -> 0.22338595 | AU44: 0.23920093 | AV44: =(AP44-AU44)/AP44 -> 0.4024245 | AW44: =AP44/(1/3*BH44*R44) -> 2840284 | AX44: =AP44/(1/3*BH44*BC44) -> 3474763.6 | AY44: 1.4074783e+09 | AZ44: =AU44/AY44 -> 1.6995e-10 | BC44: =AP44/(1/3*BY44*BH44) -> 2.8439921e-10 | BD44: =AP44/AY44 -> 2.8439921e-10 | BE44: =(BD44-AZ44)/AZ44 -> 0.67342872 | BF44: =AU44/BH44 -> 0.00019684536 | BG44: =BH44/1000 -> 1.2151718 | BH44: 1215.1718 | BJ44: =AP44/BF44 -> 2033.5034 | BK44: =(BJ44-BH44)/BH44 -> 0.67342872 | BL44: =AU44/BM44 -> 0.0019697047 | BM44: 121.44 | BN44: =1.380649E-23*(Q44^(-3)) -> 237901.78 | BO44: =BN44*AN44 -> 386590.39 | BP44: =1/3*BX44*10^6 -> 1158254.5 | BQ44: =BO44*0.000001 -> 0.38659039 | BR44: =BP44*0.000001 -> 1.1582545 | BS44: =BO44-BP44 -> -771664.14 | BT44: =(BO44-BP44)/BO44 -> -1.9960769 | BU44: =Q44*BO44 -> 0.00014967396 | BV44: =S44*BP44 -> 4.5443195e-05 | BW44: =(BU44-BV44)/BU44 -> 0.69638543 | BX44: =BY44/1000000 -> 3.4747636 | BY44: =BM44/O44 -> 3474763.6 | BZ44: =AP44/(BL44) -> 203.22118 | CA44: =(BZ44-BM44)/BM44 -> 0.67342872 | CB44: =BH44*BP44 -> 1.4074783e+09 | CC44: =CB44*0.000000001 -> 1.4074783 | CD44: =BH44*BO44 -> 4.6977376e+08 | CE44: =CD44*0.000000001 -> 0.46977376 | CF44: =CB44*R44 -> 0.48970392 | CG44: =CD44*Q44 -> 0.18187958 | CH44: 14.713198 | CL44: =SQRT(1/CH44) -> 0.26070326 | CN44: =R44*SQRT(0.9/CH44) -> 8.6051727e-11 | CQ44: =L44/(AB44/1000*(AC44+AD44*N44)) -> 1.4611459e-09
A45: H2O | B45: 0.01 | C45: 1 | D45: 10 | E45: 10 | F45: =D45*1.6726219E-27 -> 1.6726219e-26 | G45: =E45*9.1093856E-31 -> 9.1093856e-30 | H45: =((F45*D45)/(G45*E45)) -> 1836.1523 | I45: =D45/E45 -> 1 | J45: =(F45)-(G45) -> 1.671711e-26 | K45: 18.015 | L45: 0.001793 | M45: =N45^-1 -> 0.0036609921 | N45: 273.15 | O45: 1.802e-05 | P45: 5.1e-05 | Q45: =(6.02214076E+23/O45)^(-1/3) -> 3.1045688e-10 | R45: 3.1e-10 | S45: =Q45-R45 -> 4.5688437e-13 | T45: =(Q45-R45)/Q45 -> 0.0014716516 | W45: =(( (O45/6.02214076E+23)^(1/3)) + (R45)) / 2 -> 3.1022844e-10 | Z45: =Q45*10000000000 -> 3.1045688 | AA45: =R45*10000000000 -> 3.1 | AB45: 999840 | AC45: 1403 | AD45: 0 | AE45: 999840 | AF45: 0 | AO45: 0.561 | AP45: 0.561 | AQ45: =1/3*BY45*BH45*R45 -> 0.60645622 | AR45: =ABS((AP45-AQ45)/AP45) -> 0.081027135 | AU45: =AY45*R45 -> 0.60645622 | AV45: =(AP45-AU45)/AP45 -> -0.081027135 | AW45: =AP45/(1/3*BH45*R45) -> 3869588.2 | AX45: =AP45/(1/3*BH45*BC45) -> 4183129.9 | AY45: =1/3*BM45/O45*AC45 -> 1.9563104e+09 | AZ45: =R45 -> 3.1e-10 | BC45: =AP45/(1/3*BY45*BH45) -> 2.8676431e-10 | BD45: =AP45/(1/3*BM45/O45*AC45) -> 2.8676431e-10 | BE45: =(BD45-AZ45)/AZ45 -> -0.07495384 | BF45: =AU45/BH45 -> 0.00043225675 | BG45: =BH45/1000 -> 1.403 | BH45: =AC45+AD45*N45 -> 1403 | BJ45: =AP45/BF45 -> 1297.8398 | BK45: =(BJ45-BH45)/BH45 -> -0.07495384 | BL45: =AU45/BM45 -> 0.00804532 | BM45: 75.38 | BN45: =1.380649E-23*(Q45^(-3)) -> 461401.92 | BO45: =BN45*AN45 -> 0 | BP45: =1/3*BX45*10^6 -> 1394376.6 | BR45: =BP45*0.000001 -> 1.3943766 | BS45: =BO45-BP45 -> -1394376.6 | BT45: =(BO45-BP45)/BO45 -> #DIV/0! | BU45: =Q45*BO45 -> 0 | BV45: =S45*BP45 -> 6.3706888e-07 | BW45: =(BU45-BV45)/BU45 -> #DIV/0! | BX45: =BY45/1000000 -> 4.1831299 | BY45: =BM45/O45 -> 4183129.9 | BZ45: =AP45/(BL45) -> 69.72998 | CA45: =(BZ45-BM45)/BM45 -> -0.07495384 | CB45: =BH45*BP45 -> 1.9563104e+09 | CC45: =CB45*0.000000001 -> 1.9563104 | CF45: =CB45*R45 -> 0.60645622 | CQ45: =L45/(AB45/1000*(AC45+AD45*N45)) -> 1.2781803e-09
S46: =AVERAGE(S3:S23) -> 1.8831867e-11 | T46: =AVERAGE(T3:T23) -> 0.065189206 | AR46: =AVERAGE(AR3:AR45) -> 0.28355362 | BG46: =BH46/1000 -> 0 | BS46: =AVERAGE(BS3:BS24) -> 194733.91 | BT46: =AVERAGE(BT3:BT24) -> 0.16081205
AR47: =MAX(AR3:AR45) -> 0.63629202 | BG47: =BH47/1000 -> 0
AR48: =MIN(AR3:AR45) -> 0.043294731 | AZ48: 0 | BG48: =BH48/1000 -> 0
AZ49: 250 | BG49: =BH49/1000 -> 0
AQ50: Unary Flourides | BG50: =BH50/1000 -> 0
AQ51: Unary Chlorides | BG51: =BH51/1000 -> 0
AQ52: Unary Alkaline Earth Flourides | BG52: =BH52/1000 -> 0
AQ53: Unary Alkaline Earth Chlorides | BG53: =BH53/1000 -> 0
AQ54: Unary Nitrates | BG54: =BH54/1000 -> 0
G55: LiCl | H55: 5.6672852 | AQ55: Fluoride Mixtures | BG55: =BH55/1000 -> 0
G56: NaCl | H56: 3.6125286 | AQ56: Chloride Mixtures | BG56: =BH56/1000 -> 0
G57: KCl | H57: 2.160308 | AQ57: Fluoride Actinide Mixtures | BG57: =BH57/1000 -> 0
AQ58: Chloride Actinide Mixtures | BG58: =BH58/1000 -> 0
AQ59: Water | BG59: =BH59/1000 -> 0

Sheet GUI_plotter_results
E1: Mixture data, see Mixture_Data spreadsheet
AC2: Scaled | AG2: Scaled | AL2: scaled | AM2: Gheribi | AN2: Gheribi | AO2: Zhao | AP2: Gheribi | AS2: Zhao | AU2: Present | BA2: Present (SCALED)
E3: Salt Composition | F3: PDF Source | G3: Melting Temp (K) | H3: Min Measured Temp (K) | I3: Gheribi-KT24 at Melt Temp (W/m-K) | J3: Zhao-PGM at Melt Temp (W/m-K) | K3: Present Model at Melt Temp (W/m-K) | L3: Ideal at Melt Temp (W/m-K) | M3: Gheribi-KT24 at Min Meas Temp (W/m-K) | N3: Zhao-PGM at Min Meas Temp (W/m-K) | O3: Present Model at Min Meas Temp (W/m-K) | P3: Ideal at Min Meas Temp (W/m-K) | Q3: TC Experimental (W/m-K) | R3: Exp. Reference | S3: GECM c_m (J/kg-K) | T3: GECM c' (J/kg-KÂ²) | U3: GECM_Mix c_m (J/kg-K) | V3: GECM_Mix c' (J/kg-KÂ²) | W3: GECM v_m (m/s) | X3: GECM v' (m/s/K) | Y3: GECM_Mix v_m (m/s) | Z3: GECM_Mix v' (m/s/K) | AA3: KT_Dev | AB3: SCM_Dev | AC3: GECM c_m (J/kg-K) | AD3: GECM c' (J/kg-KÂ²) | AE3: GECM_Mix c_m (J/kg-K) | AF3: GECM_Mix c' (J/kg-KÂ²) | AG3: GECM v_m (m/s) | AH3: GECM v' (m/s/K) | AI3: GECM_Mix v_m (m/s) | AJ3: GECM_Mix v' (m/s/K) | AK3: l_sc | AL3: l_sc | AM3: c | AN3: l | AO3: l | AP3: c_bc | AQ3: v_bc | AR3: l_bc | AS3: c_bc | AT3: v_bc | AU3: l_bc | AV3: %dev | AW3: Avg | AY3: c_bc | AZ3: v_bc | BA3: l_bc | BB3: c_bc | BD3: v_bc | BF3: Present | BJ3: Gheribi | BO3: Zhao | BT3: Composition | BU3: Per-salt-weighted Cation Z | BV3: Per-salt-weighted Anion Z | BW3: Dif | BX3: Ion-count-weighted Cation Z | BY3: Ion-count-weighted Anion Z
A4: Dissociating | B4: D | C4: LiF | D4: LiF | E4: LiF | F4: Walz, 2019 | G4: 1121.2 | H4: 1121.2 | I4: 1.3498415 | J4: 0.80194503 | K4: 1.3235354 | M4: 1.3498415 | N4: 0.80194503 | O4: 1.3235354 | Q4: 1.2606752 | R4: LiF (Golyshev, 1992),LiF (Smirnov, 1987),LiF (Khlebnikov, 1981) | S4: 4476075.2 | T4: -1213.2634 | W4: 2571.7112 | X4: -1.174 | AA4: =ABS((Q4-M4)/Q4) -> 0.070728963 | AB4: =ABS((Q4-O4)/Q4) -> 0.049862332 | AC4: =S4/1000000 -> 4.4760752 | AD4: =T4/1000000 -> -0.0012132634 | AG4: =W4/1000 -> 2.5717112 | AH4: =X4/1000 -> -0.001174 | AK4: =K4/(1/3*S4*W4) -> 3.44935e-10 | AL4: =AK4*10000000000 -> 3.44935 | AM4: 2342102.1 | AN4: 2.2759837e-10 | AO4: 2.09e-10 | AP4: =Q4/(1/3*AN4*W4) -> 6461496.8 | AQ4: =Q4/(1/3*AN4*AM4) -> 7094.9526 | AR4: =Q4/(1/3*W4*AM4) -> 6.2790863e-10 | AS4: =Q4/(1/3*W4*AO4) -> 7036488.7 | AT4: =Q4/(1/3*S4*AO4) -> 4042.7866 | AU4: =Q4/(1/3*S4*W4) -> 3.285526e-10 | AV4: =ABS(AU4-AK4)/AU4 -> 0.049862332 | AW4: =AVERAGE(AV4:AV12) -> 0.084436769 | AY4: =Q4/(1/3*AK4*W4) -> 4263487.7 | AZ4: =Q4/(1/3*S4*AK4) -> 2449.5699 | BA4: =Q4/(1/3*AC4*AG4)*10 -> 3.285526 | BB4: =Q4/(1/3*AL4*AG4)*10 -> 4.2634877 | BC4: =IF(BB4>AC4,1, "") | BD4: =Q4/(1/3*AL4*AC4)*10 -> 2.4495699 | BT4: 1.0LiF | BU4: 3 | BV4: 9 | BW4: =BU4*BV4/(BU4+BV4) -> 2.25 | BX4: 3 | BY4: 9 | BZ4: =BX4*BY4/(BX4+BY4) -> 2.25
B5: D | C5: NaF | D5: NaF | E5: NaF | F5: Walz, 2019 | G5: 1268 | H5: 1276.2108 | I5: 0.8422681 | J5: 0.53047696 | K5: 0.8877024 | M5: 0.84014612 | N5: 0.52710334 | O5: 0.88205697 | Q5: 1.179152 | R5: NaF (Smirnov, 1987),NaF (Polyakov, 1975) | S5: 3257796.3 | T5: -1063.3324 | W5: 2078.72 | X5: -0.96 | AA5: =ABS((Q5-M5)/Q5) -> 0.28749975 | AB5: =ABS((Q5-O5)/Q5) -> 0.25195655 | AC5: =S5/1000000 -> 3.2577963 | AD5: =T5/1000000 -> -0.0010633324 | AG5: =W5/1000 -> 2.07872 | AH5: =X5/1000 -> -0.00096 | AK5: =K5/(1/3*S5*W5) -> 3.9325e-10 | AL5: =AK5*10000000000 -> 3.9325 | AM5: 1539715.3 | AN5: 2.6175257e-10 | AO5: 2.35e-10 | AP5: =Q5/(1/3*AN5*W5) -> 6501358.5 | AQ5: =Q5/(1/3*AN5*AM5) -> 8777.2746 | AR5: =Q5/(1/3*W5*AM5) -> 1.105235e-09 | AS5: =Q5/(1/3*W5*AO5) -> 7241477.9 | AT5: =Q5/(1/3*S5*AO5) -> 4620.6096 | AU5: =Q5/(1/3*S5*W5) -> 5.2236148e-10 | AV5: =ABS(AU5-AK5)/AU5 -> 0.24716884 | AY5: =Q5/(1/3*AK5*W5) -> 4327393 | AZ5: =Q5/(1/3*S5*AK5) -> 2761.2035 | BA5: =Q5/(1/3*AC5*AG5)*10 -> 5.2236148 | BB5: =Q5/(1/3*AL5*AG5)*10 -> 4.327393 | BC5: =IF(BB5>AC5,1, "") -> 1 | BD5: =Q5/(1/3*AL5*AC5)*10 -> 2.7612035 | BT5: 1.0NaF | BU5: 11 | BV5: 9 | BW5: =BU5*BV5/(BU5+BV5) -> 4.95 | BX5: 11 | BY5: 9 | BZ5: =BX5*BY5/(BX5+BY5) -> 4.95
B6: D | C6: KF | D6: KF | E6: KF | F6: Walz, 2019 | G6: 1131.2 | H6: 1130.597 | I6: 0.58268228 | J6: 0.36409719 | K6: 0.58671239 | M6: 0.58268228 | N6: 0.36409719 | O6: 0.58671239 | Q6: 0.62277172 | R6: KF (Smirnov, 1987) | S6: 2198743.7 | T6: -750.21688 | W6: 1833.136 | X6: -0.845 | AA6: =ABS((Q6-M6)/Q6) -> 0.064372614 | AB6: =ABS((Q6-O6)/Q6) -> 0.05790136 | AC6: =S6/1000000 -> 2.1987437 | AD6: =T6/1000000 -> -0.00075021688 | AG6: =W6/1000 -> 1.833136 | AH6: =X6/1000 -> -0.000845 | AK6: =K6/(1/3*S6*W6) -> 4.36694e-10 | AL6: =AK6*10000000000 -> 4.36694 | AM6: 1094008.2 | AN6: 2.9333523e-10 | AO6: 2.71e-10 | AP6: =Q6/(1/3*AN6*W6) -> 3474491.3 | AQ6: =Q6/(1/3*AN6*AM6) -> 5821.9077 | AR6: =Q6/(1/3*W6*AM6) -> 9.3161154e-10 | AS6: =Q6/(1/3*W6*AO6) -> 3760851.3 | AT6: =Q6/(1/3*S6*AO6) -> 3135.4959 | AU6: =Q6/(1/3*S6*W6) -> 4.635332e-10 | AV6: =ABS(AU6-AK6)/AU6 -> 0.05790136 | AY6: =Q6/(1/3*AK6*W6) -> 2333878.4 | AZ6: =Q6/(1/3*S6*AK6) -> 1945.8005 | BA6: =Q6/(1/3*AC6*AG6)*10 -> 4.635332 | BB6: =Q6/(1/3*AL6*AG6)*10 -> 2.3338784 | BC6: =IF(BB6>AC6,1, "") -> 1 | BD6: =Q6/(1/3*AL6*AC6)*10 -> 1.9458005 | BT6: 1.0KF | BU6: 19 | BV6: 9 | BW6: =BU6*BV6/(BU6+BV6) -> 6.1071429 | BX6: 19 | BY6: 9 | BZ6: =BX6*BY6/(BX6+BY6) -> 6.1071429
B7: D | C7: LiCl | D7: LiCl | E7: LiCl | F7: Walz, 2019 | G7: 883 | H7: 965.57734 | I7: 0.68631947 | J7: 0.41038419 | K7: 0.68012157 | M7: 0.66763394 | N7: 0.38646537 | O7: 0.6404814 | Q7: 0.65551426 | R7: LiCl (Nagasaka, 1992) | S7: 2303686.5 | T7: -663.78865 | W7: 2079.483 | X7: -0.849 | AA7: =ABS((Q7-M7)/Q7) -> 0.018488804 | AB7: =ABS((Q7-O7)/Q7) -> 0.022932934 | AC7: =S7/1000000 -> 2.3036865 | AD7: =T7/1000000 -> -0.00066378865 | AG7: =W7/1000 -> 2.079483 | AH7: =X7/1000 -> -0.000849 | AK7: =K7/(1/3*S7*W7) -> 4.25921e-10 | AL7: =AK7*10000000000 -> 4.25921 | AM7: 1175956.9 | AN7: 2.8635666e-10 | AO7: 2.57e-10 | AP7: =Q7/(1/3*AN7*W7) -> 3302484.1 | AQ7: =Q7/(1/3*AN7*AM7) -> 5839.8904 | AR7: =Q7/(1/3*W7*AM7) -> 8.0418619e-10 | AS7: =Q7/(1/3*W7*AO7) -> 3679721.1 | AT7: =Q7/(1/3*S7*AO7) -> 3321.5967 | AU7: =Q7/(1/3*S7*W7) -> 4.1051086e-10 | AV7: =ABS(AU7-AK7)/AU7 -> 0.037538934 | AY7: =Q7/(1/3*AK7*W7) -> 2220337.4 | AZ7: =Q7/(1/3*S7*AK7) -> 2004.2458 | BA7: =Q7/(1/3*AC7*AG7)*10 -> 4.1051086 | BB7: =Q7/(1/3*AL7*AG7)*10 -> 2.2203374 | BC7: =IF(BB7>AC7,1, "") | BD7: =Q7/(1/3*AL7*AC7)*10 -> 2.0042458 | BT7: 1.0LiCl | BU7: 3 | BV7: 17 | BW7: =BU7*BV7/(BU7+BV7) -> 2.55 | BX7: 3 | BY7: 17 | BZ7: =BX7*BY7/(BX7+BY7) -> 2.55
B8: D | C8: NaCl | D8: NaCl | E8: NaCl | F8: Lu, 2021 | G8: 1073.8 | H8: 1087.3181 | I8: 0.48681288 | J8: 0.31017075 | K8: 0.49727825 | M8: 0.4840583 | N8: 0.3066451 | O8: 0.49162578 | Q8: 0.4910426 | R8: NaCl (Harada, 1992),NaCl (Nagasaka 1992) | S8: 1853849 | T8: -646.84667 | W8: 1773.623 | X8: -0.915 | AA8: =ABS((Q8-M8)/Q8) -> 0.014223402 | AB8: =ABS((Q8-O8)/Q8) -> 0.0011876461 | AC8: =S8/1000000 -> 1.853849 | AD8: =T8/1000000 -> -0.00064684667 | AG8: =W8/1000 -> 1.773623 | AH8: =X8/1000 -> -0.000915 | AK8: =K8/(1/3*S8*W8) -> 4.53717e-10 | AL8: =AK8*10000000000 -> 4.53717 | AM8: 883342.64 | AN8: 3.1501267e-10 | AO8: 2.83e-10 | AP8: =Q8/(1/3*AN8*W8) -> 2636641.5 | AQ8: =Q8/(1/3*AN8*AM8) -> 5293.991 | AR8: =Q8/(1/3*W8*AM8) -> 9.4026423e-10 | AS8: =Q8/(1/3*W8*AO8) -> 2934895.7 | AT8: =Q8/(1/3*S8*AO8) -> 2807.8871 | AU8: =Q8/(1/3*S8*W8) -> 4.4802759e-10 | AV8: =ABS(AU8-AK8)/AU8 -> 0.012698798 | AY8: =Q8/(1/3*AK8*W8) -> 1830602.5 | AZ8: =Q8/(1/3*S8*AK8) -> 1751.3825 | BA8: =Q8/(1/3*AC8*AG8)*10 -> 4.4802759 | BB8: =Q8/(1/3*AL8*AG8)*10 -> 1.8306025 | BC8: =IF(BB8>AC8,1, "") | BD8: =Q8/(1/3*AL8*AC8)*10 -> 1.7513825 | BT8: 1.0NaCl_dup | BU8: 11 | BV8: 17 | BW8: =BU8*BV8/(BU8+BV8) -> 6.6785714 | BX8: 11 | BY8: 17 | BZ8: =BX8*BY8/(BX8+BY8) -> 6.6785714
B9: D | C9: KCl | D9: KCl | E9: KCl | F9: Walz, 2019 | G9: 1042.7 | H9: 1052.1639 | I9: 0.3742357 | J9: 0.26186835 | K9: 0.41800345 | M9: 0.37219192 | N9: 0.25926783 | O9: 0.41385242 | Q9: 0.36749822 | R9: KCl (Harada, 1992),KCl (Nagasaka, 1992) | S9: 1508405.1 | T9: -575.65945 | W9: 1632.6594 | X9: -0.878 | AA9: =ABS((Q9-M9)/Q9) -> 0.012772039 | AB9: =ABS((Q9-O9)/Q9) -> 0.1261345 | AC9: =S9/1000000 -> 1.5084051 | AD9: =T9/1000000 -> -0.00057565945 | AG9: =W9/1000 -> 1.6326594 | AH9: =X9/1000 -> -0.000878 | AK9: =K9/(1/3*S9*W9) -> 5.09199e-10 | AL9: =AK9*10000000000 -> 5.09199 | AM9: 680955.17 | AN9: 3.4355657e-10 | AO9: 3.19e-10 | AP9: =Q9/(1/3*AN9*W9) -> 1965543.4 | AQ9: =Q9/(1/3*AN9*AM9) -> 4712.5906 | AR9: =Q9/(1/3*W9*AM9) -> 9.9165904e-10 | AS9: =Q9/(1/3*W9*AO9) -> 2116850.6 | AT9: =Q9/(1/3*S9*AO9) -> 2291.2254 | AU9: =Q9/(1/3*S9*W9) -> 4.4767507e-10 | AV9: =ABS(AU9-AK9)/AU9 -> 0.13742988 | AY9: =Q9/(1/3*AK9*W9) -> 1326152.1 | AZ9: =Q9/(1/3*S9*AK9) -> 1435.3934 | BA9: =Q9/(1/3*AC9*AG9)*10 -> 4.4767507 | BB9: =Q9/(1/3*AL9*AG9)*10 -> 1.3261521 | BC9: =IF(BB9>AC9,1, "") | BD9: =Q9/(1/3*AL9*AC9)*10 -> 1.4353934 | BT9: 1.0KCl | BU9: 19 | BV9: 17 | BW9: =BU9*BV9/(BU9+BV9) -> 8.9722222 | BX9: 19 | BY9: 17 | BZ9: =BX9*BY9/(BX9+BY9) -> 8.9722222
B10: D | C10: MgCl2 | D10: MgCl2 | E10: MgCl2 | F10: Roy, 2021 | G10: 987 | H10: 986.86211 | I10: 0.4382922 | J10: 0.28861058 | K10: 0.51755063 | M10: 0.4382922 | N10: 0.28861058 | O10: 0.51755063 | Q10: 0.54390686 | R10: MgCl2 (Filatov, 2005) | S10: 1628871.9 | T10: -278.43237 | W10: 2101 | X10: 0 | AA10: =ABS((Q10-M10)/Q10) -> 0.19417783 | AB10: =ABS((Q10-O10)/Q10) -> 0.048457238 | AC10: =S10/1000000 -> 1.6288719 | AD10: =T10/1000000 -> -0.00027843237 | AG10: =W10/1000 -> 2.101 | AH10: =X10/1000 -> 0 | AK10: =K10/(1/3*S10*W10) -> 4.53692e-10 | AL10: =AK10*10000000000 -> 4.53692 | AM10: 662093.41 | AN10: 3.1507825e-10 | AO10: 2.53e-10 | AP10: =Q10/(1/3*AN10*W10) -> 2464911.4 | AQ10: =Q10/(1/3*AN10*AM10) -> 7821.825 | AR10: =Q10/(1/3*W10*AM10) -> 1.1730066e-09 | AS10: =Q10/(1/3*W10*AO10) -> 3069723.2 | AT10: =Q10/(1/3*S10*AO10) -> 3959.4817 | AU10: =Q10/(1/3*S10*W10) -> 4.7679623e-10 | AV10: =ABS(AU10-AK10)/AU10 -> 0.048457238 | AY10: =Q10/(1/3*AK10*W10) -> 1711822 | AZ10: =Q10/(1/3*S10*AK10) -> 2207.9933 | BA10: =Q10/(1/3*AC10*AG10)*10 -> 4.7679623 | BB10: =Q10/(1/3*AL10*AG10)*10 -> 1.711822 | BC10: =IF(BB10>AC10,1, "") -> 1 | BD10: =Q10/(1/3*AL10*AC10)*10 -> 2.2079933 | BT10: 1.0MgCl2 | BU10: 12 | BV10: 17 | BW10: =BU10*BV10/(BU10+BV10) -> 7.0344828 | BX10: 12 | BY10: 17 | BZ10: =BX10*BY10/(BX10+BY10) -> 7.0344828
B11: D | C11: CaCl2 | D11: CaCl2 | E11: CaCl2 | F11: Bu, 2021 | G11: 1045 | H11: 1100 | I11: 0.44873599 | J11: 0.3731109 | K11: 0.73070915 | M11: 0.44235385 | N11: 0.36894209 | O11: 0.72254485 | Q11: 1.4838367 | R11: CaCl2 (Janze, 1978) | S11: 1928974.6 | T11: -390.79019 | W11: 2065.03 | X11: 0 | AC11: =S11/1000000 -> 1.9289746 | AD11: =T11/1000000 -> -0.00039079019 | AG11: =W11/1000 -> 2.06503 | AH11: =X11/1000 -> 0 | AK11: =K11/(1/3*S11*W11) -> 5.50317e-10 | AL11: =AK11*10000000000 -> 5.50317 | AM11: 703897.69 | AN11: 3.0871306e-10 | AO11: 2.81e-10 | AP11: =Q11/(1/3*AN11*W11) -> 6982742.1 | AQ11: =Q11/(1/3*AN11*AM11) -> 20485.324 | AR11: =Q11/(1/3*W11*AM11) -> 3.0624673e-09 | AS11: =Q11/(1/3*W11*AO11) -> 7671401 | AT11: =Q11/(1/3*S11*AO11) -> 8212.4841 | AU11: =Q11/(1/3*S11*W11) -> 1.1175179e-09 | BC11: =IF(BB11>AC11,1, "") | BT11: 1.0CaCl2_2 | BU11: 20 | BV11: 17 | BW11: =BU11*BV11/(BU11+BV11) -> 9.1891892 | BX11: 20 | BY11: 17 | BZ11: =BX11*BY11/(BX11+BY11) -> 9.1891892
B12: D | C12: SrCl2 | D12: SrCl2 | E12: SrCl2 | F12: McGreevy, 1987 | G12: 1146 | I12: 0.38351171 | J12: 0.33599408 | K12: 0.56755132 | S12: 1799756.6 | T12: -381.38097 | W12: 1873.13 | X12: 0 | AC12: =S12/1000000 -> 1.7997566 | AD12: =T12/1000000 -> -0.00038138097 | AG12: =W12/1000 -> 1.87313 | AH12: =X12/1000 -> 0 | AK12: =K12/(1/3*S12*W12) -> 5.05062e-10 | AL12: =AK12*10000000000 -> 5.05062 | AM12: 643767.12 | AN12: 3.1804013e-10 | AO12: 2.99e-10 | BC12: =IF(BB12>AC12,1, "") | BT12: 1.0SrCl2 | BU12: 38 | BV12: 17 | BW12: =BU12*BV12/(BU12+BV12) -> 11.745455 | BX12: 38 | BY12: 17 | BZ12: =BX12*BY12/(BX12+BY12) -> 11.745455
B13: D | C13: LiF-NaF | D13: LiF-NaF | E13: 0.6LiF-0.4NaF | F13: Grizzi, 2024 | G13: 930 | H13: 933.1 | I13: 1.1663015 | J13: 0.72103393 | K13: 0.74994101 | L13: 1.3173135 | M13: 1.1652109 | N13: 0.71987639 | O13: 0.74873707 | P13: 1.3163396 | Q13: 0.86713739 | R13: 0.6LiF-0.4NaF (BYU) | S13: 4176953.8 | T13: -1150.5476 | U13: 3924688 | V13: -1081.6108 | W13: 2589.814 | X13: -1.0632373 | Y13: 2512.09 | Z13: -0.787 | AA13: =ABS((Q13-M13)/Q13) -> 0.34374424 | AB13: =ABS((Q13-O13)/Q13) -> 0.1365416 | AC13: 3.9395928 | AD13: =T13/1000000 -> -0.0011505476 | AE13: =U13/1000000 -> 3.924688 | AF13: =V13/1000000 -> -0.0010816108 | AG13: =W13/1000 -> 2.589814 | AH13: =X13/1000 -> -0.0010632373 | AI13: =Y13/1000 -> 2.51209 | AJ13: =Z13/1000 -> -0.000787 | AK13: =K13/(1/3*U13*Y13) -> 2.28196e-10 | AL13: =AK13*10000000000 -> 2.28196 | AM13: 1046793.5 | AN13: 2.9768075e-10 | AO13: 2.194e-10 | AP13: =Q13/(1/3*AN13*Y13) -> 3478750 | AQ13: =Q13/(1/3*AN13*AM13) -> 8348.2876 | AR13: =Q13/(1/3*Y13*AM13) -> 9.8926573e-10 | AS13: =Q13/(1/3*Y13*AO13) -> 4719949.5 | AT13: =Q13/(1/3*U13*AO13) -> 3021.1161 | AU13: =Q13/(1/3*U13*Y13) -> 2.6385713e-10 | AV13: =ABS(AU13-AK13)/AU13 -> 0.13515319 | AY13: =Q13/(1/3*AK13*Y13) -> 4538015.2 | AZ13: =Q13/(1/3*U13*AK13) -> 2904.6647 | BA13: =Q13/(1/3*AC13*AG13)*10 -> 2.5497011 | BB13: =Q13/(1/3*AL13*AG13)*10 -> 4.401823 | BC13: =IF(BB13>AC13,1, "") -> 1 | BD13: =Q13/(1/3*AL13*AC13)*10 -> 2.8936754 | BT13: 0.6LiF-0.4NaF | BU13: 6.2 | BV13: 9 | BW13: =BU13*BV13/(BU13+BV13) -> 3.6710526 | BX13: 6.2 | BY13: 9 | BZ13: =BX13*BY13/(BX13+BY13) -> 3.6710526
B14: D | C14: LiCl-KCl | D14: LiCl-KCl | E14: 0.5LiCl-0.5KCl | F14: Jiang, 2016 | G14: 738 | H14: 761.04532 | I14: 0.46028091 | J14: 0.38277518 | K14: 0.35618427 | L14: 0.55469718 | M14: 0.45611677 | N14: 0.37640589 | O14: 0.35025745 | P14: 0.55035809 | R14: 0.582LiCl-0.418KCl (Merritt, 2022) | S14: 1957831.5 | T14: -621.21906 | U14: 1988961 | V14: -640.21726 | W14: 2004.6856 | X14: -0.88459975 | Y14: 2004.6856 | Z14: -0.88459975 | AC14: 2.0260554 | AD14: =T14/1000000 -> -0.00062121906 | AE14: =U14/1000000 -> 1.988961 | AF14: =V14/1000000 -> -0.00064021726 | AG14: =W14/1000 -> 2.0046856 | AH14: =X14/1000 -> -0.00088459975 | AI14: =Y14/1000 -> 2.0046856 | AJ14: =Z14/1000 -> -0.00088459975 | AK14: =K14/(1/3*U14*Y14) -> 2.67993e-10 | AL14: =AK14*10000000000 -> 2.67993 | BC14: =IF(BB14>AC14,1, "") | BT14: 0.5KCl-0.5LiCl | BU14: 11 | BV14: 17 | BW14: =BU14*BV14/(BU14+BV14) -> 6.6785714 | BX14: 11 | BY14: 17 | BZ14: =BX14*BY14/(BX14+BY14) -> 6.6785714
B15: D | C15: LiCl-KCl | D15: LiCl-KCl | E15: 0.637LiCl-0.363KCl | F15: Jiang, 2016 | G15: 665.15 | H15: 761.04532 | I15: 0.51075907 | J15: 0.43268996 | K15: 0.43439282 | L15: 0.60504534 | M15: 0.49199959 | N15: 0.40266147 | O15: 0.40424615 | P15: 0.58560496 | Q15: 0.62505654 | R15: 0.582LiCl-0.418KCl (Merritt, 2022) | S15: 2103028.3 | T15: -633.94521 | U15: 2201467.7 | V15: -692.38409 | W15: 2109.5732 | X15: -0.88190287 | Y15: 2109.5732 | Z15: -0.88190287 | AA15: =ABS((Q15-M15)/Q15) -> 0.21287186 | AB15: =ABS((Q15-O15)/Q15) -> 0.35326467 | AC15: 2.1030283 | AD15: =T15/1000000 -> -0.00063394521 | AE15: =U15/1000000 -> 2.2014677 | AF15: =V15/1000000 -> -0.00069238409 | AG15: =W15/1000 -> 2.1095732 | AH15: =X15/1000 -> -0.00088190287 | AI15: =Y15/1000 -> 2.1095732 | AJ15: =Z15/1000 -> -0.00088190287 | AK15: =K15/(1/3*U15*Y15) -> 2.80606e-10 | AL15: =AK15*10000000000 -> 2.80606 | BA15: =Q15/(1/3*AC15*AG15)*10 -> 4.2266942 | BB15: =Q15/(1/3*AL15*AG15)*10 -> 3.1677361 | BC15: =IF(BB15>AC15,1, "") -> 1 | BD15: =Q15/(1/3*AL15*AC15)*10 -> 3.1775946 | BT15: 0.363KCl-0.637LiCl | BU15: 8.914 | BV15: 17 | BW15: =BU15*BV15/(BU15+BV15) -> 5.8477271 | BX15: 8.914 | BY15: 17 | BZ15: =BX15*BY15/(BX15+BY15) -> 5.8477271
B16: D | C16: NaCl-KCl | D16: NaCl-KCl | E16: 0.5NaCl-0.5KCl | F16: Manga, 2013 | G16: 930 | H16: 933.49754 | I16: 0.42530953 | J16: 0.31145037 | K16: 0.2980994 | L16: 0.45587518 | M16: 0.42476723 | N16: 0.31072606 | O16: 0.29740613 | P16: 0.45533493 | Q16: 0.44780366 | R16: 0.51NaCl-0.49KCl (Ruth, 2024),0.44NaCl-0.56KCl (Birri, 2023),0.44NaCl-0.56KCl (Birri, 2022) | S16: 1735132.7 | T16: -609.7292 | U16: 1724916.5 | V16: -611.67253 | W16: 1799.5981 | X16: -0.89755717 | Y16: 1799.5981 | Z16: -0.89755717 | AA16: =ABS((Q16-M16)/Q16) -> 0.051443133 | AB16: =ABS((Q16-O16)/Q16) -> 0.33585595 | AC16: 1.7249165 | AD16: =T16/1000000 -> -0.0006097292 | AE16: =U16/1000000 -> 1.7249165 | AF16: =V16/1000000 -> -0.00061167253 | AG16: =W16/1000 -> 1.7995981 | AH16: =X16/1000 -> -0.00089755717 | AI16: =Y16/1000 -> 1.7995981 | AJ16: =Z16/1000 -> -0.00089755717 | AK16: =K16/(1/3*U16*Y16) -> 2.88097e-10 | AL16: =AK16*10000000000 -> 2.88097 | AU16: =Q16/(1/3*U16*Y16) -> 4.327781e-10 | AV16: =ABS(AU16-AK16)/AU16 -> 0.33430781 | AY16: =Q16/(1/3*AK16*Y16) -> 2591162.4 | AZ16: =Q16/(1/3*U16*AK16) -> 2703.3487 | BA16: =Q16/(1/3*AC16*AG16)*10 -> 4.327781 | BB16: =Q16/(1/3*AL16*AG16)*10 -> 2.5911624 | BC16: =IF(BB16>AC16,1, "") -> 1 | BD16: =Q16/(1/3*AL16*AC16)*10 -> 2.7033487 | BT16: 0.5KCl-0.5NaCl | BU16: 15 | BV16: 17 | BW16: =BU16*BV16/(BU16+BV16) -> 7.96875 | BX16: 15 | BY16: 17 | BZ16: =BX16*BY16/(BX16+BY16) -> 7.96875
B17: D | C17: LiCl-CaCl2 | D17: LiCl-CaCl2 | E17: 0.7LiCl-0.3CaCl2 | F17: Liang, 2024 | G17: 771.15 | I17: 0.41872535 | J17: 0.41213211 | K17: 0.43162181 | L17: 0.95118349 | S17: 2227090.4 | T17: -538.48918 | U17: 2227090.4 | V17: -538.48918 | W17: 2101.2951 | X17: -0.60061054 | Y17: 2101.2951 | Z17: -0.60061054 | AC17: =S17/1000000 -> 2.2270904 | AD17: =T17/1000000 -> -0.00053848918 | AG17: =W17/1000 -> 2.1012951 | AH17: =X17/1000 -> -0.00060061054 | AK17: =K17/(1/3*S17*W17) -> 2.76694e-10 | AL17: =AK17*10000000000 -> 2.76694 | BC17: =IF(BB17>AC17,1, "") | BT17: 0.3CaCl2-0.7LiCl | BU17: 14.1 | BV17: 17 | BW17: =BU17*BV17/(BU17+BV17) -> 7.7073955 | BX17: 14.1 | BY17: 17 | BZ17: =BX17*BY17/(BX17+BY17) -> 7.7073955
B18: D | C18: NaCl-CaCl2 | D18: NaCl-CaCl2 | E18: 0.4903NaCl-0.5097CaCl2 | F18: Wei, 2022 | G18: 779.15 | H18: 822.88235 | I18: 0.41607265 | J18: 0.43446723 | K18: 0.43193791 | L18: 1.0801362 | M18: 0.41087302 | N18: 0.42673496 | O18: 0.42425065 | P18: 1.0675769 | Q18: 0.58073622 | R18: 0.52NaCl-0.48CaCl2 (Tian, 2021) | S18: 2037424.2 | T18: -495.73288 | U18: 2265862.9 | V18: -467.40255 | W18: 2039.9777 | X18: -0.5611816 | Y18: 2039.9777 | Z18: -0.5611816 | AA18: =ABS((Q18-M18)/Q18) -> 0.2924963 | AB18: =ABS((Q18-O18)/Q18) -> 0.26946067 | AC18: 2.9513639 | AD18: =T18/1000000 -> -0.00049573288 | AE18: =U18/1000000 -> 2.2658629 | AF18: =V18/1000000 -> -0.00046740255 | AG18: =W18/1000 -> 2.0399777 | AH18: =X18/1000 -> -0.0005611816 | AI18: =Y18/1000 -> 2.0399777 | AJ18: =Z18/1000 -> -0.0005611816 | AK18: =K18/(1/3*U18*Y18) -> 2.80339e-10 | AL18: =AK18*10000000000 -> 2.80339 | AU18: =Q18/(1/3*U18*Y18) -> 3.76913e-10 | AV18: =ABS(AU18-AK18)/AU18 -> 0.25622359 | AY18: =Q18/(1/3*AK18*Y18) -> 3046430.2 | AZ18: =Q18/(1/3*U18*AK18) -> 2742.7298 | BA18: =Q18/(1/3*AC18*AG18)*10 -> 2.8936899 | BB18: =Q18/(1/3*AL18*AG18)*10 -> 3.0464302 | BC18: =IF(BB18>AC18,1, "") -> 1 | BD18: =Q18/(1/3*AL18*AC18)*10 -> 2.1056874 | BT18: 0.5097CaCl2-0.4903NaCl | BU18: 15.0046 | BV18: 17 | BW18: =BU18*BV18/(BU18+BV18) -> 7.9700481 | BX18: 15.0046 | BY18: 17 | BZ18: =BX18*BY18/(BX18+BY18) -> 7.9700481
B19: D | C19: KCl-CaCl2 | D19: KCl-CaCl2 | E19: 0.718KCl-0.282CaCl2 | F19: Wei, 2022 | G19: 921.15 | I19: 0.35071278 | J19: 0.32276104 | K19: 0.41940802 | L19: 0.7121734 | S19: 1699665.5 | T19: -537.72361 | U19: 1755732.9 | V19: -474.21548 | W19: 1788.9283 | X19: -0.82097371 | Y19: 1788.9283 | Z19: -0.82097371 | AC19: =S19/1000000 -> 1.6996655 | AD19: =T19/1000000 -> -0.00053772361 | AG19: =W19/1000 -> 1.7889283 | AH19: =X19/1000 -> -0.00082097371 | AK19: =K19/(1/3*S19*W19) -> 4.1381058e-10 | AL19: =AK19*10000000000 -> 4.1381058 | BC19: =IF(BB19>AC19,1, "") | BT19: 0.282CaCl2-0.718KCl | BU19: 26.966 | BV19: 17 | BW19: =BU19*BV19/(BU19+BV19) -> 10.426739 | BX19: 26.966 | BY19: 17 | BZ19: =BX19*BY19/(BX19+BY19) -> 10.426739
B20: D | C20: NaCl-KCl-CaCl2 | D20: NaCl-KCl-CaCl2 | E20: 0.417NaCl-0.058KCl-0.525CaCl2 | F20: Wei, 2022 | G20: 769.45 | I20: 0.41953087 | J20: 0.38802897 | K20: 0.38099483 | L20: 1.0908156 | S20: 2019238.1 | T20: -492.59062 | U20: 2019238.1 | V20: -492.59062 | W20: 2029.6513 | X20: -0.56839564 | Y20: 2029.6513 | Z20: -0.56839564 | AC20: =S20/1000000 -> 2.0192381 | AD20: =T20/1000000 -> -0.00049259062 | AE20: =U20/1000000 -> 2.0192381 | AF20: =V20/1000000 -> -0.00049259062 | AG20: =W20/1000 -> 2.0296513 | AH20: =X20/1000 -> -0.00056839564 | AI20: =Y20/1000 -> 2.0296513 | AJ20: =Z20/1000 -> -0.00056839564 | AK20: =K20/(1/3*U20*Y20) -> 2.78889e-10 | AL20: =AK20*10000000000 -> 2.78889 | BC20: =IF(BB20>AC20,1, "") | BT20: 0.525CaCl2-0.058KCl-0.417NaCl | BU20: 23.835 | BV20: 17 | BW20: =BU20*BV20/(BU20+BV20) -> 9.9227378 | BX20: 23.835 | BY20: 17 | BZ20: =BX20*BY20/(BX20+BY20) -> 9.9227378
B21: D | C21: FLiNaK | D21: FLiNaK | E21: 0.465LiF-0.115NaF-0.42KF | F21: Frandsen, 2020 | G21: 735 | H21: 742.4 | I21: 1.0060771 | J21: 0.83573612 | K21: 0.82159008 | L21: 1.1143619 | M21: 1.0036205 | N21: 0.83285159 | O21: 0.81875438 | P21: 1.1125245 | Q21: 0.79370363 | R21: 0.465LiF-0.115NaF-0.42KF (Merritt, 2022),0.465LiF-0.115NaF-0.42KF (Gallagher, 2022),0.465LiF-0.115NaF-0.42KF (Rudenko, 2022),0.465LiF-0.115NaF-0.42KF (Robertson, 2022) | S21: 3402318.9 | T21: -957.23555 | U21: 4363761.9 | V21: -470.99427 | W21: 2408.0441 | X21: -0.94763242 | Y21: 2413.78 | Z21: -1.2 | AA21: =ABS((Q21-M21)/Q21) -> 0.26447761 | AB21: =ABS((Q21-O21)/Q21) -> 0.031561845 | AC21: 4.3637619 | AD21: =T21/1000000 -> -0.00095723555 | AE21: =U21/1000000 -> 4.3637619 | AF21: =V21/1000000 -> -0.00047099427 | AG21: =W21/1000 -> 2.4080441 | AH21: =X21/1000 -> -0.00094763242 | AI21: =Y21/1000 -> 2.41378 | AJ21: =Z21/1000 -> -0.0012 | AK21: =K21/(1/3*U21*Y21) -> 2.34001e-10 | AL21: =AK21*10000000000 -> 2.34001 | AM21: 856914.25 | AN21: 3.1821841e-10 | AO21: 2.3803e-10 | AP21: =Q21/(1/3*AN21*Y21) -> 3099963.9 | AQ21: =Q21/(1/3*AN21*AM21) -> 8732.0648 | AR21: =Q21/(1/3*Y21*AM21) -> 1.1511835e-09 | AS21: =Q21/(1/3*Y21*AO21) -> 4144291 | AT21: =Q21/(1/3*U21*AO21) -> 2292.3814 | AU21: =Q21/(1/3*U21*Y21) -> 2.2605853e-10 | AV21: =ABS(AU21-AK21)/AU21 -> 0.03513459 | AY21: =Q21/(1/3*AK21*Y21) -> 4215646.9 | AZ21: =Q21/(1/3*U21*AK21) -> 2331.8514 | BA21: =Q21/(1/3*AC21*AG21)*10 -> 2.2659699 | BB21: =Q21/(1/3*AL21*AG21)*10 -> 4.2256885 | BC21: =IF(BB21>AC21,1, "") | BD21: =Q21/(1/3*AL21*AC21)*10 -> 2.3318514 | BT21: 0.42KF-0.465LiF-0.115NaF | BU21: 10.64 | BV21: 9 | BW21: =BU21*BV21/(BU21+BV21) -> 4.8757637 | BX21: 10.64 | BY21: 9 | BZ21: =BX21*BY21/(BX21+BY21) -> 4.8757637
A22: Complexing | B22: C | C22: FLiBe | D22: FLiBe | E22: 0.5LiF-0.5BeF2 | F22: Sun, 2024 | G22: 654 | H22: 746.27899 | I22: 1.0427359 | J22: 0.7324483 | K22: 0.76334749 | L22: 1.1824537 | M22: 1.0362377 | N22: 0.71351443 | O22: 0.74361488 | P22: 1.1664334 | R22: 0.66LiF-0.34BeF2 (Redkin, 2022),0.66LiF-0.34BeF2 (Kato, 1983),0.66LiF-0.34BeF2 (Bobrova, 2023) | S22: 4146145.8 | T22: -384.77689 | U22: 4321625.8 | V22: -884.04776 | W22: 2704.5388 | X22: -0.28301779 | Y22: 2704.5388 | Z22: -0.28301779 | AC22: =S22/1000000 -> 4.1461458 | AD22: =T22/1000000 -> -0.00038477689 | AE22: =U22/1000000 -> 4.3216258 | AF22: =V22/1000000 -> -0.00088404776 | AG22: =W22/1000 -> 2.7045388 | AH22: =X22/1000 -> -0.00028301779 | AI22: =Y22/1000 -> 2.7045388 | AJ22: =Z22/1000 -> -0.00028301779 | AK22: =K22/(1/3*U22*Y22) -> 1.95931e-10 | AL22: =AK22*10000000000 -> 1.95931 | AW22: =AVERAGE(AV22:AV32) -> #DIV/0! | BC22: =IF(BB22>AC22,1, "") | BT22: 0.5BeF2-0.5LiF | BU22: 3.5 | BV22: 9 | BW22: =BU22*BV22/(BU22+BV22) -> 2.52 | BX22: 3.5 | BY22: 9 | BZ22: =BX22*BY22/(BX22+BY22) -> 2.52
B23: C | C23: FLiBe | D23: FLiBe | E23: 0.66LiF-0.34BeF2 | F23: Fayfar, 2023 | G23: 713.15 | H23: 742 | I23: 1.460408 | J23: 1.1262574 | K23: 1.2036934 | L23: 1.245766 | M23: 1.4533536 | N23: 1.1079629 | O23: 1.1841411 | P23: 1.238923 | Q23: 1.1000358 | R23: 0.66LiF-0.34BeF2 (Redkin, 2022),0.66LiF-0.34BeF2 (Kato, 1983),0.66LiF-0.34BeF2 (Bobrova, 2023) | S23: 4334227.3 | T23: -587.70578 | U23: 4976942.5 | V23: -1177.8701 | W23: 2768.0079 | X23: -0.53840648 | Y23: 3486.4683 | Z23: -1.1019299 | AA23: =ABS((Q23-M23)/Q23) -> 0.32118747 | AB23: =ABS((Q23-O23)/Q23) -> 0.076456808 | AC23: =S23/1000000 -> 4.3342273 | AD23: =T23/1000000 -> -0.00058770578 | AE23: =U23/1000000 -> 4.9769425 | AF23: =V23/1000000 -> -0.0011778701 | AG23: =W23/1000 -> 2.7680079 | AH23: =X23/1000 -> -0.00053840648 | AI23: =Y23/1000 -> 3.4864683 | AJ23: =Z23/1000 -> -0.0011019299 | AK23: =K23/(1/3*U23*Y23) -> 2.08108e-10 | AL23: =AK23*10000000000 -> 2.08108 | AM23: 910333.16 | AN23: 3.0276895e-10 | AO23: 1.9472e-10 | AP23: =Q23/(1/3*AN23*Y23) -> 3126302.7 | AQ23: =Q23/(1/3*AN23*AM23) -> 11973.37 | AR23: =Q23/(1/3*Y23*AM23) -> 1.0397813e-09 | AS23: =Q23/(1/3*Y23*AO23) -> 4861069.2 | AT23: =Q23/(1/3*U23*AO23) -> 3405.2963 | AU23: =Q23/(1/3*U23*Y23) -> 1.9018652e-10 | AV23: =ABS(AU23-AK23)/AU23 -> 0.094231059 | AY23: =Q23/(1/3*AK23*Y23) -> 4548347 | AZ23: =Q23/(1/3*U23*AK23) -> 3186.2268 | BA23: =Q23/(1/3*AC23*AG23)*10 -> 2.7507371 | BB23: =Q23/(1/3*AL23*AG23)*10 -> 5.7289099 | BC23: =IF(BB23>AC23,1, "") -> 1 | BD23: =Q23/(1/3*AL23*AC23)*10 -> 3.658707 | BT23: 0.34BeF2-0.66LiF | BU23: 3.02 | BV23: 9 | BW23: =BU23*BV23/(BU23+BV23) -> 2.2612313 | BX23: 3.02 | BY23: 9 | BZ23: =BX23*BY23/(BX23+BY23) -> 2.2612313
B24: C | C24: FMgNaK | D24: FMgNaK | E24: 0.345NaF-0.065MgF2-0.59KF | F24: Solano, 2021 | G24: 958 | H24: 993.01378 | I24: 0.60018578 | J24: 0.49658287 | K24: 0.50402312 | L24: 0.89798273 | M24: 0.59237574 | N24: 0.48425507 | O24: 0.49151062 | P24: 0.88755444 | Q24: 0.76602038 | R24: 0.345NaF-0.59KF-0.065MgF2 (Rudenko, 2024) | S24: 2774359.3 | T24: -854.31059 | U24: 2834508.6 | V24: -888.3 | W24: 2066.8356 | X24: -0.85529697 | Y24: 2066.8356 | Z24: -0.85529697 | AA24: =ABS((Q24-M24)/Q24) -> 0.22668411 | AB24: =ABS((Q24-O24)/Q24) -> 0.35835831 | AC24: =S24/1000000 -> 2.7743593 | AD24: =T24/1000000 -> -0.00085431059 | AE24: =U24/1000000 -> 2.8345086 | AF24: =V24/1000000 -> -0.0008883 | AG24: =W24/1000 -> 2.0668356 | AH24: =X24/1000 -> -0.00085529697 | AI24: =Y24/1000 -> 2.0668356 | AJ24: =Z24/1000 -> -0.00085529697 | AK24: =K24/(1/3*U24*Y24) -> 2.581e-10 | AL24: =AK24*10000000000 -> 2.581 | AM24: 649269.69 | AN24: 3.471557e-10 | AO24: 2.5429e-10 | AP24: =Q24/(1/3*AN24*Y24) -> 3202811.3 | AQ24: =Q24/(1/3*AN24*AM24) -> 10195.585 | AR24: =Q24/(1/3*Y24*AM24) -> 1.7124998e-09 | AS24: =Q24/(1/3*Y24*AO24) -> 4372465.3 | AT24: =Q24/(1/3*U24*AO24) -> 3188.2658 | AU24: =Q24/(1/3*U24*Y24) -> 3.9226348e-10 | AV24: =ABS(AU24-AK24)/AU24 -> 0.34202388 | AY24: =Q24/(1/3*AK24*Y24) -> 4307920.2 | AZ24: =Q24/(1/3*U24*AK24) -> 3141.2015 | BA24: =Q24/(1/3*AC24*AG24)*10 -> 4.0076792 | BB24: =Q24/(1/3*AL24*AG24)*10 -> 4.3079202 | BC24: =IF(BB24>AC24,1, "") -> 1 | BD24: =Q24/(1/3*AL24*AC24)*10 -> 3.2093042 | BT24: 0.59KF-0.065MgF2-0.345NaF | BU24: 15.345 | BV24: 9 | BW24: =BU24*BV24/(BU24+BV24) -> 5.6728281 | BX24: 15.345 | BY24: 9 | BZ24: =BX24*BY24/(BX24+BY24) -> 5.6728281
B25: C | C25: NaCl-KCl-MgCl21 | D25: NaCl-KCl-MgCl21 | E25: 0.33NaCl-0.45MgCl2-0.22KCl | F25: Jiang, 2024 | G25: 658.15 | H25: 722.73281 | I25: 0.43605808 | J25: 0.37157237 | K25: 0.35170928 | L25: 0.54959787 | M25: 0.4272597 | N25: 0.35874287 | O25: 0.33956561 | P25: 0.53914394 | R25: 0.1511NaCl-0.3891KCl-0.4598MgCl2 (Wang, 2021) | S25: 1820781 | T25: -432.48835 | U25: 1929233.2 | V25: -625.40832 | W25: 2082.7741 | X25: -0.59346861 | Y25: 2082.7741 | Z25: -0.59346861 | AC25: =S25/1000000 -> 1.820781 | AD25: =T25/1000000 -> -0.00043248835 | AE25: =U25/1000000 -> 1.9292332 | AF25: =V25/1000000 -> -0.00062540832 | AG25: =W25/1000 -> 2.0827741 | AH25: =X25/1000 -> -0.00059346861 | AI25: =Y25/1000 -> 2.0827741 | AJ25: =Z25/1000 -> -0.00059346861 | AK25: =K25/(1/3*U25*Y25) -> 2.6259e-10 | AL25: =AK25*10000000000 -> 2.6259 | BC25: =IF(BB25>AC25,1, "") | BT25: 0.22KCl-0.45MgCl2-0.33NaCl | BU25: 13.21 | BV25: 17 | BW25: =BU25*BV25/(BU25+BV25) -> 7.4336312 | BX25: 13.21 | BY25: 17 | BZ25: =BX25*BY25/(BX25+BY25) -> 7.4336312
B26: C | C26: NaCl-KCl-MgCl2 | D26: NaCl-KCl-MgCl2 | E26: 0.21NaCl-0.38MgCl2-0.41KCl | F26: Jiang, 2024 | G26: 660.15 | H26: 722.73281 | I26: 0.41576528 | J26: 0.37739704 | K26: 0.36645706 | L26: 0.5224228 | M26: 0.40669147 | N26: 0.36322413 | O26: 0.352695 | P26: 0.51187189 | R26: 0.1511NaCl-0.3891KCl-0.4598MgCl2 (Wang, 2021) | S26: 1785221.7 | T26: -456.59702 | U26: 1926243.7 | V26: -624.84432 | W26: 2052.5614 | X26: -0.67795651 | Y26: 2052.5614 | Z26: -0.67795651 | AC26: =S26/1000000 -> 1.7852217 | AD26: =T26/1000000 -> -0.00045659702 | AE26: =U26/1000000 -> 1.9262437 | AF26: =V26/1000000 -> -0.00062484432 | AG26: =W26/1000 -> 2.0525614 | AH26: =X26/1000 -> -0.00067795651 | AI26: =Y26/1000 -> 2.0525614 | AJ26: =Z26/1000 -> -0.00067795651 | AK26: =K26/(1/3*U26*Y26) -> 2.78059e-10 | AL26: =AK26*10000000000 -> 2.78059 | AV26: =ABS(AU26-AK26)/AU26 -> #DIV/0! | BC26: =IF(BB26>AC26,1, "") | BT26: 0.41KCl-0.38MgCl2-0.21NaCl | BU26: 14.66 | BV26: 17 | BW26: =BU26*BV26/(BU26+BV26) -> 7.8717625 | BX26: 14.66 | BY26: 17 | BZ26: =BX26*BY26/(BX26+BY26) -> 7.8717625
B27: C | C27: NaCl-MgCl2-CaCl2 | D27: NaCl-MgCl2-CaCl2 | E27: 0.535NaCl-0.315MgCl2-0.15CaCl2 | F27: Wei, 2022 | G27: 829 | H27: 849.27066 | I27: 0.40631024 | J27: 0.36292057 | K27: 0.3320182 | L27: 0.70307989 | M27: 0.4039794 | N27: 0.36058592 | O27: 0.32988235 | P27: 0.69922355 | Q27: 0.46754926 | R27: 0.535NaCl-0.315MgCl2-0.15CaCl2 (Rong, 2015) | S27: 1877142.1 | T27: -449.50288 | U27: 1954146.7 | V27: -234.88798 | W27: 2038.9919 | X27: -0.54596204 | Y27: 2038.9919 | Z27: -0.54596204 | AA27: =ABS((Q27-M27)/Q27) -> 0.13596398 | AB27: =ABS((Q27-O27)/Q27) -> 0.29444366 | AC27: =S27/1000000 -> 1.8771421 | AD27: =T27/1000000 -> -0.00044950288 | AE27: =U27/1000000 -> 1.9541467 | AF27: =V27/1000000 -> -0.00023488798 | AG27: =W27/1000 -> 2.0389919 | AH27: =X27/1000 -> -0.00054596204 | AI27: =Y27/1000 -> 2.0389919 | AJ27: =Z27/1000 -> -0.00054596204 | AK27: =K27/(1/3*U27*Y27) -> 2.49983e-10 | AL27: =AK27*10000000000 -> 2.49983 | AU27: =Q27/(1/3*U27*Y27) -> 3.5202699e-10 | AV27: =ABS(AU27-AK27)/AU27 -> 0.28987547 | AY27: =Q27/(1/3*AK27*Y27) -> 2751836.6 | AZ27: =Q27/(1/3*U27*AK27) -> 2871.316 | BA27: =Q27/(1/3*AC27*AG27)*10 -> 3.6646793 | BB27: =Q27/(1/3*AL27*AG27)*10 -> 2.7518366 | BC27: =IF(BB27>AC27,1, "") -> 1 | BD27: =Q27/(1/3*AL27*AC27)*10 -> 2.9891039 | BT27: 0.15CaCl2-0.315MgCl2-0.535NaCl | BU27: 12.665 | BV27: 17 | BW27: =BU27*BV27/(BU27+BV27) -> 7.2578797 | BX27: 12.665 | BY27: 17 | BZ27: =BX27*BY27/(BX27+BY27) -> 7.2578797
B28: A | C28: ThF4 | D28: ThF4 | E28: ThF4 | F28: Dai, 2015 | G28: 1384 | I28: 0.35954646 | J28: 0.34970883 | K28: 0.65076192 | S28: 3393320.6 | T28: -440.68192 | W28: 1362 | X28: 0 | AE28: 1362 | AF28: -6.4293322e-16
B29: A | C29: UF4 | D29: UF4 | E29: UF4 | F29: Ocadiz-Flores, 2021 | G29: 1309 | I29: 0.28722843 | J29: 0.28603309 | K29: 0.54042989 | S29: 3639653.5 | T29: -438.29343 | W29: 1062 | X29: 0 | AE29: 1062 | AF29: 1.4297464e-15
E30: 0.64NaCl-0.36UCl3 | F30: Andersson, 2022 | G30: 784.15 | H30: 802 | I30: 0.11450548 | J30: 0.26636049 | K30: 0.26746277 | L30: 0.45172916 | M30: 0.1136343 | N30: 0.26417574 | O30: 0.26526898 | P30: 0.4487508 | Q30: 0.23481755 | R30: 63NaCl-37UCl3 (Termini, 2024),65.8NaCl-34.2UCl3 (Rose, 2023) | S30: 2153870 | T30: -656.67115 | U30: 1891382.2 | V30: -489.79669 | W30: 1466.7597 | X30: -0.38913594 | Y30: 1466.7597 | Z30: -0.38913594 | AE30: 1062 | AF30: 1.4297464e-15 | AU30: =Q30/(1/3*U30*Y30) -> 2.5392973e-10
B31: A | C31: NaCl-UCl3 | D31: NaCl-UCl3 (37%UCl3) | E31: 0.63NaCl-0.37UCl3 | F31: Andersson, 2022 | G31: 784.15 | H31: 802 | I31: 0.11504793 | J31: 0.26527106 | K31: 0.26527106 | L31: 0.44889789 | M31: 0.11417382 | N31: 0.26311673 | O31: 0.26311673 | P31: 0.44593518 | Q31: 0.24299184 | R31: 63NaCl-37UCl3 (Termini, 2024) | S31: 2156186.3 | T31: -656.84165 | U31: 1891382.2 | V31: -489.79669 | W31: 1460.0509 | X31: -0.38048687 | Y31: 1460.0509 | Z31: -0.38048687 | AA31: =ABS((Q31-M31)/Q31) -> 0.5301331 | AB31: =ABS((Q31-O31)/Q31) -> 0.082821233 | AC31: =S31/1000000 -> 2.1561863 | AD31: =T31/1000000 -> -0.00065684165 | AE31: =U31/1000000 -> 1.8913822 | AF31: =V31/1000000 -> -0.00048979669 | AG31: =W31/1000 -> 1.4600509 | AH31: =X31/1000 -> -0.00038048687 | AI31: =Y31/1000 -> 1.4600509 | AJ31: =Z31/1000 -> -0.00038048687 | AK31: =K31/(1/3*U31*Y31) -> 2.8818e-10 | AL31: =AK31*10000000000 -> 2.8818 | AM31: 316374.15 | AN31: 4.2453705e-10 | AO31: 2.8818e-10 | AP31: =Q31/(1/3*AN31*Y31) -> 1176059.7 | AQ31: =Q31/(1/3*AN31*AM31) -> 5427.4567 | AR31: =Q31/(1/3*Y31*AM31) -> 1.5781343e-09 | AS31: =Q31/(1/3*Y31*AO31) -> 1732531.4 | AT31: =Q31/(1/3*U31*AO31) -> 1337.4262 | AU31: =Q31/(1/3*U31*Y31) -> 2.6397674e-10 | AV31: =ABS(AU31-AK31)/AU31 -> 0.09168711 | AY31: =Q31/(1/3*AK31*Y31) -> 1732531.4 | AZ31: =Q31/(1/3*U31*AK31) -> 1337.4262 | BA31: =Q31/(1/3*AC31*AG31)*10 -> 2.315574 | BB31: =Q31/(1/3*AL31*AG31)*10 -> 1.7325314 | BC31: =IF(BB31>AC31,1, "") | BD31: =Q31/(1/3*AL31*AC31)*10 -> 1.1731751 | BT31: 0.63NaCl-0.37UCl3 | BU31: 40.97 | BV31: 17 | BW31: =BU31*BV31/(BU31+BV31) -> 12.014663 | BX31: 40.97 | BY31: 17 | BZ31: =BX31*BY31/(BX31+BY31) -> 12.014663
B32: A | C32: NaCl-UCl3 | D32: NaCl-UCl3 (34.2%UCl3) | E32: 0.658NaCl-0.342UCl3 | F32: Andersson, 2022 | G32: 784.15 | H32: 869.15 | I32: 0.11369554 | J32: 0.26841692 | K32: 0.26841692 | L32: 0.45682546 | M32: 0.10939073 | N32: 0.25726786 | O32: 0.25726786 | P32: 0.44190727 | Q32: 0.22664326 | R32: 65.8NaCl-34.2UCl3 (Rose, 2023) | S32: 2149617.1 | T32: -656.39249 | U32: 1891382.2 | V32: -489.79669 | W32: 1479.378 | X32: -0.41906643 | Y32: 1479.378 | Z32: -0.41906643 | AA32: =ABS((Q32-M32)/Q32) -> 0.51734401 | AB32: =ABS((Q32-O32)/Q32) -> 0.13512246 | AC32: =S32/1000000 -> 2.1496171 | AD32: =T32/1000000 -> -0.00065639249 | AE32: =U32/1000000 -> 1.8913822 | AF32: =V32/1000000 -> -0.00048979669 | AG32: =W32/1000 -> 1.479378 | AH32: =X32/1000 -> -0.00041906643 | AI32: =Y32/1000 -> 1.479378 | AJ32: =Z32/1000 -> -0.00041906643 | AK32: =K32/(1/3*U32*Y32) -> 2.87788e-10 | AL32: =AK32*10000000000 -> 2.87788 | AM32: 326156.61 | AN32: 4.2173561e-10 | AO32: 2.87788e-10 | AP32: =Q32/(1/3*AN32*Y32) -> 1089794.6 | AQ32: =Q32/(1/3*AN32*AM32) -> 4943.0797 | AR32: =Q32/(1/3*Y32*AM32) -> 1.4091548e-09 | AS32: =Q32/(1/3*Y32*AO32) -> 1597026.9 | AT32: =Q32/(1/3*U32*AO32) -> 1249.1428 | AU32: =Q32/(1/3*U32*Y32) -> 2.4299963e-10 | AV32: =ABS(AU32-AK32)/AU32 -> 0.18431458 | AY32: =Q32/(1/3*AK32*Y32) -> 1597026.9 | AZ32: =Q32/(1/3*U32*AK32) -> 1249.1428 | BA32: =Q32/(1/3*AC32*AG32)*10 -> 2.1380793 | BB32: =Q32/(1/3*AL32*AG32)*10 -> 1.5970269 | BC32: =IF(BB32>AC32,1, "") | BD32: =Q32/(1/3*AL32*AC32)*10 -> 1.0990825 | BT32: 0.658NaCl-0.342UCl3 | BU32: 38.702 | BV32: 17 | BW32: =BU32*BV32/(BU32+BV32) -> 11.811676 | BX32: 38.702 | BY32: 17 | BZ32: =BX32*BY32/(BX32+BY32) -> 11.811676
C33: LiF | R33: MAE | AA33: =AVERAGE(AA4:AA32) -> 0.20932995 | AB33: =AVERAGE(AB4:AB32) -> 0.15484234 | AL33: =AK33*10000000000 -> 0
C34: NaF | AA34: =COUNT(AA4:AA32) -> 17 | AB34: =COUNT(AB4:AB32) -> 17
C35: KF
C36: LiCl
C37: NaCl
C38: KCl
C39: MgCl2
C40: CaCl2
C41: SrCl2 | E41: 0.393KCl-0.22NaCl-0.387ZnCl2 | F41: Xi373, 2024 | G41: 553 | H41: 522.63402 | I41: 0.26711546 | J41: 0.24308735 | K41: 0.23966293 | L41: 0.39939404 | M41: 0.26711546 | N41: 0.24308735 | O41: 0.23966293 | P41: 0.39939404 | Q41: 0.48332605 | R41: 0.22NaCl-0.393KCl-0.387ZnCl2 (Xi, 2024-MD),0.13.8NaCl-0.419KCl-0.443ZnCl2 (Xi, 2024) | S41: 1890474.8 | T41: -481.82318 | U41: 1890474.8 | V41: -481.82318 | W41: 1373.3153 | X41: -0.53944248 | Y41: 1373.3153 | Z41: -0.53944248 | AK41: =K41/(1/3*U41*Y41) -> 2.76937e-10
C42: FLiNa | E42: 0.393KCl-0.22NaCl-0.387ZnCl2 | F42: Xi1073, 2024 | G42: 553 | H42: 522.63402 | I42: 0.26711546 | J42: 0.24308735 | K42: 0.23371413 | L42: 0.39939404 | M42: 0.26711546 | N42: 0.24308735 | O42: 0.23371413 | P42: 0.39939404 | Q42: 0.48332605 | R42: 0.22NaCl-0.393KCl-0.387ZnCl2 (Xi, 2024-MD),0.13.8NaCl-0.419KCl-0.443ZnCl2 (Xi, 2024) | S42: 1890474.8 | T42: -481.82318 | U42: 1890474.8 | V42: -481.82318 | W42: 1373.3153 | X42: -0.53944248 | Y42: 1373.3153 | Z42: -0.53944248 | AK42: =K42/(1/3*U42*Y42) -> 2.70063e-10
C43: ClLiK
C44: ClLiK
C45: ClNaK
C46: ClLiCa | J46: Song 2015
C47: ClNaCa | K47: 749.59574 | L47: 0.51921459
C48: ClKCa | K48: 774.06383 | L48: 0.48828892
C49: ClNaKCa | K49: 799.06383 | L49: 0.46136045
C50: FLiNaK | K50: 824.32979 | L50: 0.46619916
C51: FLiBe | K51: 848.53191 | L51: 0.4558906
C52: FLiBe | K52: 874.06383 | L52: 0.44032258
C53: FMgNaK | K53: 899.06383 | L53: 0.42769986
C54: ClMgNaK
C55: ClMgNaK
C56: ClNaMgCa
C57: ThF4
C58: UF4
C59: ClNaU
C60: ClNaU

Sheet GUI_plotter_results (2)
C1: Mixture data, see Mixture_Data spreadsheet
AG2: Scaled | AO2: Scaled | AT2: scaled | AU2: Gheribi | AV2: Gheribi | AW2: Zhao | AX2: Gheribi | BA2: Zhao | BC2: Present | BI2: Present (SCALED)
C3: Salt Composition | D3: PDF Source | E3: Melting Temp (K) | F3: Min Measured Temp (K) | G3: Gheribi-KT24 at Melt Temp (W/m-K) | I3: Zhao-PGM at Melt Temp (W/m-K) | K3: Present Model at Melt Temp (W/m-K) | M3: Ideal at Melt Temp (W/m-K) | N3: Gheribi-KT24 at Min Meas Temp (W/m-K) | P3: Zhao-PGM at Min Meas Temp (W/m-K) | R3: Present Model at Min Meas Temp (W/m-K) | T3: Ideal at Min Meas Temp (W/m-K) | U3: TC Experimental (W/m-K) | V3: Exp. Reference | Y3: KT_Dev | Z3: SCM_Dev | AA3: TC MSTDB (W/m-K) | AB3: MSTDB Reference | AC3: GECM c_m (J/kg-K) | AD3: GECM c' (J/kg-KÂ²) | AE3: GECM_Mix c_m (J/kg-K) | AF3: GECM_Mix c' (J/kg-KÂ²) | AG3: GECM c_m (J/kg-K) | AH3: GECM c' (J/kg-KÂ²) | AI3: GECM_Mix c_m (J/kg-K) | AJ3: GECM_Mix c' (J/kg-KÂ²) | AK3: GECM v_m (m/s) | AL3: GECM v' (m/s/K) | AM3: GECM_Mix v_m (m/s) | AN3: GECM_Mix v' (m/s/K) | AO3: GECM v_m (m/s) | AP3: GECM v' (m/s/K) | AQ3: GECM_Mix v_m (m/s) | AR3: GECM_Mix v' (m/s/K) | AS3: l_sc | AT3: l_sc | AU3: c | AV3: l | AW3: l | AX3: c_bc | AY3: v_bc | AZ3: l_bc | BA3: c_bc | BB3: v_bc | BC3: l_bc | BD3: %dev | BE3: Avg | BG3: c_bc | BH3: v_bc | BI3: l_bc | BJ3: c_bc | BL3: v_bc | BN3: Present | BR3: Gheribi | BW3: Zhao | CB3: Composition | CC3: Per-salt-weighted Cation Z | CD3: Per-salt-weighted Anion Z | CE3: Dif | CF3: Ion-count-weighted Cation Z | CG3: Ion-count-weighted Anion Z
A4: Dissociating | B4: LiF | C4: 1.0LiF | D4: Walz, 2019 | E4: 1121.2 | F4: 1121.2 | G4: 1.3498415 | I4: 0.80194503 | K4: 1.3235354 | N4: 1.3498415 | P4: 0.80194503 | R4: 1.3235354 | U4: 1.2606752 | V4: LiF (Golyshev, 1992),LiF (Smirnov, 1987),LiF (Khlebnikov, 1981) | Y4: =ABS((U4-N4)/U4) -> 0.070728963 | Z4: =ABS((U4-R4)/U4) -> 0.049862332 | AC4: 4476075.2 | AD4: -1213.2634 | AG4: =AC4/1000000 -> 4.4760752 | AH4: =AD4/1000000 -> -0.0012132634 | AK4: 2571.7112 | AL4: -1.174 | AO4: =AK4/1000 -> 2.5717112 | AP4: =AL4/1000 -> -0.001174 | AS4: =K4/(1/3*AC4*AK4) -> 3.44935e-10 | AT4: =AS4*10000000000 -> 3.44935 | AU4: 2342102.1 | AV4: 2.2759837e-10 | AW4: 2.09e-10 | AX4: =U4/(1/3*AV4*AK4) -> 6461496.8 | AY4: =U4/(1/3*AV4*AU4) -> 7094.9526 | AZ4: =U4/(1/3*AK4*AU4) -> 6.2790863e-10 | BA4: =U4/(1/3*AK4*AW4) -> 7036488.7 | BB4: =U4/(1/3*AC4*AW4) -> 4042.7866 | BC4: =U4/(1/3*AC4*AK4) -> 3.285526e-10 | BD4: =ABS(BC4-AS4)/BC4 -> 0.049862332 | BE4: =AVERAGE(BD4:BD16) -> 0.084436769 | BG4: =U4/(1/3*AS4*AK4) -> 4263487.7 | BH4: =U4/(1/3*AC4*AS4) -> 2449.5699 | BI4: =U4/(1/3*AG4*AO4)*10 -> 3.285526 | BJ4: =U4/(1/3*AT4*AO4)*10 -> 4.2634877 | BK4: =IF(BJ4>AG4,1, "") | BL4: =U4/(1/3*AT4*AG4)*10 -> 2.4495699 | CB4: 1.0LiF | CC4: 3 | CD4: 9 | CE4: =CC4*CD4/(CC4+CD4) -> 2.25 | CF4: 3 | CG4: 9 | CH4: =CF4*CG4/(CF4+CG4) -> 2.25
B5: NaF | C5: 1.0NaF | D5: Walz, 2019 | E5: 1268 | F5: 1276.2108 | G5: 0.8422681 | I5: 0.53047696 | K5: 0.8877024 | N5: 0.83980661 | P5: 0.52656453 | R5: 0.88115532 | U5: 1.179152 | V5: NaF (Smirnov, 1987),NaF (Polyakov, 1975) | Y5: =ABS((U5-N5)/U5) -> 0.28778769 | Z5: =ABS((U5-R5)/U5) -> 0.25272121 | AC5: 3257796.3 | AD5: -1063.3324 | AG5: =AC5/1000000 -> 3.2577963 | AH5: =AD5/1000000 -> -0.0010633324 | AK5: 2078.72 | AL5: -0.96 | AO5: =AK5/1000 -> 2.07872 | AP5: =AL5/1000 -> -0.00096 | AS5: =K5/(1/3*AC5*AK5) -> 3.9325e-10 | AT5: =AS5*10000000000 -> 3.9325 | AU5: 1539715.3 | AV5: 2.6175257e-10 | AW5: 2.35e-10 | AX5: =U5/(1/3*AV5*AK5) -> 6501358.5 | AY5: =U5/(1/3*AV5*AU5) -> 8777.2746 | AZ5: =U5/(1/3*AK5*AU5) -> 1.105235e-09 | BA5: =U5/(1/3*AK5*AW5) -> 7241477.9 | BB5: =U5/(1/3*AC5*AW5) -> 4620.6096 | BC5: =U5/(1/3*AC5*AK5) -> 5.2236148e-10 | BD5: =ABS(BC5-AS5)/BC5 -> 0.24716884 | BG5: =U5/(1/3*AS5*AK5) -> 4327393 | BH5: =U5/(1/3*AC5*AS5) -> 2761.2035 | BI5: =U5/(1/3*AG5*AO5)*10 -> 5.2236148 | BJ5: =U5/(1/3*AT5*AO5)*10 -> 4.327393 | BK5: =IF(BJ5>AG5,1, "") -> 1 | BL5: =U5/(1/3*AT5*AG5)*10 -> 2.7612035 | CB5: 1.0NaF | CC5: 11 | CD5: 9 | CE5: =CC5*CD5/(CC5+CD5) -> 4.95 | CF5: 11 | CG5: 9 | CH5: =CF5*CG5/(CF5+CG5) -> 4.95
B6: KF | C6: 1.0KF | D6: Walz, 2019 | E6: 1131.2 | F6: 1130.597 | G6: 0.58268228 | I6: 0.36409719 | K6: 0.58671239 | N6: 0.58268228 | P6: 0.36409719 | R6: 0.58671239 | U6: 0.62277172 | V6: KF (Smirnov, 1987) | Y6: =ABS((U6-N6)/U6) -> 0.064372614 | Z6: =ABS((U6-R6)/U6) -> 0.05790136 | AC6: 2198743.7 | AD6: -750.21688 | AG6: =AC6/1000000 -> 2.1987437 | AH6: =AD6/1000000 -> -0.00075021688 | AK6: 1833.136 | AL6: -0.845 | AO6: =AK6/1000 -> 1.833136 | AP6: =AL6/1000 -> -0.000845 | AS6: =K6/(1/3*AC6*AK6) -> 4.36694e-10 | AT6: =AS6*10000000000 -> 4.36694 | AU6: 1094008.2 | AV6: 2.9333523e-10 | AW6: 2.71e-10 | AX6: =U6/(1/3*AV6*AK6) -> 3474491.3 | AY6: =U6/(1/3*AV6*AU6) -> 5821.9077 | AZ6: =U6/(1/3*AK6*AU6) -> 9.3161154e-10 | BA6: =U6/(1/3*AK6*AW6) -> 3760851.3 | BB6: =U6/(1/3*AC6*AW6) -> 3135.4959 | BC6: =U6/(1/3*AC6*AK6) -> 4.635332e-10 | BD6: =ABS(BC6-AS6)/BC6 -> 0.05790136 | BG6: =U6/(1/3*AS6*AK6) -> 2333878.4 | BH6: =U6/(1/3*AC6*AS6) -> 1945.8005 | BI6: =U6/(1/3*AG6*AO6)*10 -> 4.635332 | BJ6: =U6/(1/3*AT6*AO6)*10 -> 2.3338784 | BK6: =IF(BJ6>AG6,1, "") -> 1 | BL6: =U6/(1/3*AT6*AG6)*10 -> 1.9458005 | CB6: 1.0KF | CC6: 19 | CD6: 9 | CE6: =CC6*CD6/(CC6+CD6) -> 6.1071429 | CF6: 19 | CG6: 9 | CH6: =CF6*CG6/(CF6+CG6) -> 6.1071429
B7: LiCl | C7: 1.0LiCl | D7: Walz, 2019 | E7: 883 | F7: 965.57734 | G7: 0.68631947 | I7: 0.41038419 | K7: 0.68012157 | N7: 0.66848974 | P7: 0.38754566 | R7: 0.64227173 | U7: 0.65551426 | V7: LiCl (Nagasaka, 1992) | Y7: =ABS((U7-N7)/U7) -> 0.019794358 | Z7: =ABS((U7-R7)/U7) -> 0.020201743 | AC7: 2303686.5 | AD7: -663.78865 | AG7: =AC7/1000000 -> 2.3036865 | AH7: =AD7/1000000 -> -0.00066378865 | AK7: 2079.483 | AL7: -0.849 | AO7: =AK7/1000 -> 2.079483 | AP7: =AL7/1000 -> -0.000849 | AS7: =K7/(1/3*AC7*AK7) -> 4.25921e-10 | AT7: =AS7*10000000000 -> 4.25921 | AU7: 1175956.9 | AV7: 2.8635666e-10 | AW7: 2.57e-10 | AX7: =U7/(1/3*AV7*AK7) -> 3302484.1 | AY7: =U7/(1/3*AV7*AU7) -> 5839.8904 | AZ7: =U7/(1/3*AK7*AU7) -> 8.0418619e-10 | BA7: =U7/(1/3*AK7*AW7) -> 3679721.1 | BB7: =U7/(1/3*AC7*AW7) -> 3321.5967 | BC7: =U7/(1/3*AC7*AK7) -> 4.1051086e-10 | BD7: =ABS(BC7-AS7)/BC7 -> 0.037538934 | BG7: =U7/(1/3*AS7*AK7) -> 2220337.4 | BH7: =U7/(1/3*AC7*AS7) -> 2004.2458 | BI7: =U7/(1/3*AG7*AO7)*10 -> 4.1051086 | BJ7: =U7/(1/3*AT7*AO7)*10 -> 2.2203374 | BK7: =IF(BJ7>AG7,1, "") | BL7: =U7/(1/3*AT7*AG7)*10 -> 2.0042458 | CB7: 1.0LiCl | CC7: 3 | CD7: 17 | CE7: =CC7*CD7/(CC7+CD7) -> 2.55 | CF7: 3 | CG7: 17 | CH7: =CF7*CG7/(CF7+CG7) -> 2.55
B8: NaCl | C8: 1.0NaCl | D8: Walz, 2019 | E8: 1073.8 | F8: 1087.3181 | G8: 0.48681288 | I8: 0.31017075 | K8: 0.50769691 | N8: 0.48411361 | P8: 0.30671571 | R8: 0.50204159 | V8: NaCl (Harada, 1992),NaCl (Nagasaka 1992) | AC8: 1853849 | AD8: -646.84667 | AG8: =AC8/1000000 -> 1.853849 | AH8: =AD8/1000000 -> -0.00064684667 | AK8: 1773.623 | AL8: -0.915 | AO8: =AK8/1000 -> 1.773623 | AP8: =AL8/1000 -> -0.000915 | AS8: =K8/(1/3*AC8*AK8) -> 4.63223e-10 | AT8: =AS8*10000000000 -> 4.63223 | AU8: 883342.64 | AV8: 3.1501267e-10 | AW8: 2.83e-10 | BK8: =IF(BJ8>AG8,1, "") | CB8: 1.0NaCl | CC8: 11 | CD8: 17 | CE8: =CC8*CD8/(CC8+CD8) -> 6.6785714 | CF8: 11 | CG8: 17 | CH8: =CF8*CG8/(CF8+CG8) -> 6.6785714
B9: NaCl | C9: 1.0NaCl | D9: Lu, 2021 | E9: 1073.8 | F9: 1087.3181 | G9: 0.48681288 | I9: 0.31017075 | K9: 0.49727825 | N9: 0.48411361 | P9: 0.30671571 | R9: 0.49173897 | U9: 0.4910426 | V9: NaCl (Harada, 1992),NaCl (Nagasaka 1992) | Y9: =ABS((U9-N9)/U9) -> 0.014110761 | Z9: =ABS((U9-R9)/U9) -> 0.0014181636 | AC9: 1853849 | AD9: -646.84667 | AG9: =AC9/1000000 -> 1.853849 | AH9: =AD9/1000000 -> -0.00064684667 | AK9: 1773.623 | AL9: -0.915 | AO9: =AK9/1000 -> 1.773623 | AP9: =AL9/1000 -> -0.000915 | AS9: =K9/(1/3*AC9*AK9) -> 4.53717e-10 | AT9: =AS9*10000000000 -> 4.53717 | AU9: 883342.64 | AV9: 3.1501267e-10 | AW9: 2.83e-10 | AX9: =U9/(1/3*AV9*AK9) -> 2636641.5 | AY9: =U9/(1/3*AV9*AU9) -> 5293.991 | AZ9: =U9/(1/3*AK9*AU9) -> 9.4026423e-10 | BA9: =U9/(1/3*AK9*AW9) -> 2934895.7 | BB9: =U9/(1/3*AC9*AW9) -> 2807.8871 | BC9: =U9/(1/3*AC9*AK9) -> 4.4802759e-10 | BD9: =ABS(BC9-AS9)/BC9 -> 0.012698798 | BG9: =U9/(1/3*AS9*AK9) -> 1830602.5 | BH9: =U9/(1/3*AC9*AS9) -> 1751.3825 | BI9: =U9/(1/3*AG9*AO9)*10 -> 4.4802759 | BJ9: =U9/(1/3*AT9*AO9)*10 -> 1.8306025 | BK9: =IF(BJ9>AG9,1, "") | BL9: =U9/(1/3*AT9*AG9)*10 -> 1.7513825 | CB9: 1.0NaCl_dup | CC9: 11 | CD9: 17 | CE9: =CC9*CD9/(CC9+CD9) -> 6.6785714 | CF9: 11 | CG9: 17 | CH9: =CF9*CG9/(CF9+CG9) -> 6.6785714
B10: KCl | C10: 1.0KCl | D10: Walz, 2019 | E10: 1042.7 | F10: 1052.1639 | G10: 0.3742357 | I10: 0.26186835 | K10: 0.41800345 | N10: 0.37249184 | P10: 0.25964867 | R10: 0.41446032 | U10: 0.36749822 | V10: KCl (Harada, 1992),KCl (Nagasaka, 1992) | Y10: =ABS((U10-N10)/U10) -> 0.013588159 | Z10: =ABS((U10-R10)/U10) -> 0.12778866 | AC10: 1508405.1 | AD10: -575.65945 | AG10: =AC10/1000000 -> 1.5084051 | AH10: =AD10/1000000 -> -0.00057565945 | AK10: 1632.6594 | AL10: -0.878 | AO10: =AK10/1000 -> 1.6326594 | AP10: =AL10/1000 -> -0.000878 | AS10: =K10/(1/3*AC10*AK10) -> 5.09199e-10 | AT10: =AS10*10000000000 -> 5.09199 | AU10: 680955.17 | AV10: 3.4355657e-10 | AW10: 3.19e-10 | AX10: =U10/(1/3*AV10*AK10) -> 1965543.4 | AY10: =U10/(1/3*AV10*AU10) -> 4712.5906 | AZ10: =U10/(1/3*AK10*AU10) -> 9.9165904e-10 | BA10: =U10/(1/3*AK10*AW10) -> 2116850.6 | BB10: =U10/(1/3*AC10*AW10) -> 2291.2254 | BC10: =U10/(1/3*AC10*AK10) -> 4.4767507e-10 | BD10: =ABS(BC10-AS10)/BC10 -> 0.13742988 | BG10: =U10/(1/3*AS10*AK10) -> 1326152.1 | BH10: =U10/(1/3*AC10*AS10) -> 1435.3934 | BI10: =U10/(1/3*AG10*AO10)*10 -> 4.4767507 | BJ10: =U10/(1/3*AT10*AO10)*10 -> 1.3261521 | BK10: =IF(BJ10>AG10,1, "") | BL10: =U10/(1/3*AT10*AG10)*10 -> 1.4353934 | CB10: 1.0KCl | CC10: 19 | CD10: 17 | CE10: =CC10*CD10/(CC10+CD10) -> 8.9722222 | CF10: 19 | CG10: 17 | CH10: =CF10*CG10/(CF10+CG10) -> 8.9722222
B11: MgCl2 | C11: 1.0MgCl2 | D11: Roy, 2021 | E11: 987 | F11: 986.86211 | G11: 0.4382922 | I11: 0.28861058 | K11: 0.51755063 | N11: 0.4382922 | P11: 0.28861058 | R11: 0.51755063 | U11: 0.54390686 | V11: MgCl2 (Filatov, 2005) | Y11: =ABS((U11-N11)/U11) -> 0.19417783 | Z11: =ABS((U11-R11)/U11) -> 0.048457238 | AC11: 1628871.9 | AD11: -278.43237 | AG11: =AC11/1000000 -> 1.6288719 | AH11: =AD11/1000000 -> -0.00027843237 | AK11: 2101 | AL11: -2.3120872e-15 | AO11: =AK11/1000 -> 2.101 | AP11: =AL11/1000 -> -2.3120872e-18 | AS11: =K11/(1/3*AC11*AK11) -> 4.53692e-10 | AT11: =AS11*10000000000 -> 4.53692 | AU11: 662093.41 | AV11: 3.1507825e-10 | AW11: 2.53e-10 | AX11: =U11/(1/3*AV11*AK11) -> 2464911.4 | AY11: =U11/(1/3*AV11*AU11) -> 7821.825 | AZ11: =U11/(1/3*AK11*AU11) -> 1.1730066e-09 | BA11: =U11/(1/3*AK11*AW11) -> 3069723.2 | BB11: =U11/(1/3*AC11*AW11) -> 3959.4817 | BC11: =U11/(1/3*AC11*AK11) -> 4.7679623e-10 | BD11: =ABS(BC11-AS11)/BC11 -> 0.048457238 | BG11: =U11/(1/3*AS11*AK11) -> 1711822 | BH11: =U11/(1/3*AC11*AS11) -> 2207.9933 | BI11: =U11/(1/3*AG11*AO11)*10 -> 4.7679623 | BJ11: =U11/(1/3*AT11*AO11)*10 -> 1.711822 | BK11: =IF(BJ11>AG11,1, "") -> 1 | BL11: =U11/(1/3*AT11*AG11)*10 -> 2.2079933 | CB11: 1.0MgCl2 | CC11: 12 | CD11: 17 | CE11: =CC11*CD11/(CC11+CD11) -> 7.0344828 | CF11: 12 | CG11: 17 | CH11: =CF11*CG11/(CF11+CG11) -> 7.0344828
B12: MgCl2 | C12: 1.0MgCl2 | D12: McGreevy, 1987 | E12: 987 | F12: 986.86211 | G12: 0.4382922 | I12: 0.28861058 | K12: 0.53380751 | N12: 0.4382922 | P12: 0.28861058 | R12: 0.53380751 | V12: MgCl2 (Filatov, 2005) | AC12: 1628871.9 | AD12: -278.43237 | AG12: =AC12/1000000 -> 1.6288719 | AH12: =AD12/1000000 -> -0.00027843237 | AK12: 2101 | AL12: -2.3120872e-15 | AO12: =AK12/1000 -> 2.101 | AP12: =AL12/1000 -> -2.3120872e-18 | AS12: =K12/(1/3*AC12*AK12) -> 4.67943e-10 | AT12: =AS12*10000000000 -> 4.67943 | AU12: 662093.41 | AV12: 3.1507825e-10 | AW12: 2.53e-10 | BK12: =IF(BJ12>AG12,1, "") | CB12: 1.0MgCl2_2 | CC12: 12 | CD12: 17 | CE12: =CC12*CD12/(CC12+CD12) -> 7.0344828 | CF12: 12 | CG12: 17 | CH12: =CF12*CG12/(CF12+CG12) -> 7.0344828
B13: MgCl2 | C13: 1.0MgCl2 | D13: Lu, 2021 | E13: 987 | F13: 986.86211 | G13: 0.4382922 | I13: 0.28861058 | K13: 0.50482097 | N13: 0.4382922 | P13: 0.28861058 | R13: 0.50482097 | V13: MgCl2 (Filatov, 2005) | AC13: 1628871.9 | AD13: -278.43237 | AG13: =AC13/1000000 -> 1.6288719 | AH13: =AD13/1000000 -> -0.00027843237 | AK13: 2101 | AL13: -2.3120872e-15 | AO13: =AK13/1000 -> 2.101 | AP13: =AL13/1000 -> -2.3120872e-18 | AS13: =K13/(1/3*AC13*AK13) -> 4.42533e-10 | AT13: =AS13*10000000000 -> 4.42533 | AU13: 662093.41 | AV13: 3.1507825e-10 | AW13: 2.53e-10 | BK13: =IF(BJ13>AG13,1, "") | CB13: 1.0MgCl2_3 | CC13: 12 | CD13: 17 | CE13: =CC13*CD13/(CC13+CD13) -> 7.0344828 | CF13: 12 | CG13: 17 | CH13: =CF13*CG13/(CF13+CG13) -> 7.0344828
B14: CaCl2 | C14: 1.0CaCl2 | D14: McGreevy, 1987 | E14: 1045 | F14: 1099.78 | G14: 0.44873599 | I14: 0.3731109 | K14: 0.73070915 | N14: 0.44235385 | P14: 0.36894209 | V14: CaCl2 (Wei, 2022; MD) | AC14: 1928974.6 | AD14: -390.79019 | AG14: =AC14/1000000 -> 1.9289746 | AH14: =AD14/1000000 -> -0.00039079019 | AK14: 2065.03 | AL14: 2.5864613e-16 | AO14: =AK14/1000 -> 2.06503 | AP14: =AL14/1000 -> 2.5864613e-19 | AS14: =K14/(1/3*AC14*AK14) -> 5.50317e-10 | AT14: =AS14*10000000000 -> 5.50317 | AU14: 703897.69 | AV14: 3.0871306e-10 | AW14: 2.81e-10 | BK14: =IF(BJ14>AG14,1, "") | CB14: 1.0CaCl2 | CC14: 20 | CD14: 17 | CE14: =CC14*CD14/(CC14+CD14) -> 9.1891892 | CF14: 20 | CG14: 17 | CH14: =CF14*CG14/(CF14+CG14) -> 9.1891892
B15: CaCl2 | C15: 1.0CaCl2 | D15: Bu, 2021 | E15: 1045 | F15: 1099.78 | G15: 0.44873599 | I15: 0.3731109 | K15: 0.63127443 | N15: 0.44235385 | P15: 0.36894209 | R15: 0.62422112 | V15: CaCl2 (Wei, 2022; MD) | AC15: 1928974.6 | AD15: -390.79019 | AG15: =AC15/1000000 -> 1.9289746 | AH15: =AD15/1000000 -> -0.00039079019 | AK15: 2065.03 | AL15: 2.5864613e-16 | AO15: =AK15/1000 -> 2.06503 | AP15: =AL15/1000 -> 2.5864613e-19 | AS15: =K15/(1/3*AC15*AK15) -> 4.7543e-10 | AT15: =AS15*10000000000 -> 4.7543 | AU15: 703897.69 | AV15: 3.0871306e-10 | AW15: 2.81e-10 | AX15: =U15/(1/3*AV15*AK15) -> 0 | AY15: =U15/(1/3*AV15*AU15) -> 0 | AZ15: =U15/(1/3*AK15*AU15) -> 0 | BA15: =U15/(1/3*AK15*AW15) -> 0 | BB15: =U15/(1/3*AC15*AW15) -> 0 | BK15: =IF(BJ15>AG15,1, "") | CB15: 1.0CaCl2_2 | CC15: 20 | CD15: 17 | CE15: =CC15*CD15/(CC15+CD15) -> 9.1891892 | CF15: 20 | CG15: 17 | CH15: =CF15*CG15/(CF15+CG15) -> 9.1891892
B16: SrCl2 | C16: 1.0SrCl2 | D16: McGreevy, 1987 | E16: 1146 | G16: 0.38351171 | I16: 0.33599408 | K16: 0.56755132 | AC16: 1799756.6 | AD16: -381.38097 | AG16: =AC16/1000000 -> 1.7997566 | AH16: =AD16/1000000 -> -0.00038138097 | AK16: 1873.13 | AL16: -3.3508175e-15 | AO16: =AK16/1000 -> 1.87313 | AP16: =AL16/1000 -> -3.3508175e-18 | AS16: =K16/(1/3*AC16*AK16) -> 5.05062e-10 | AT16: =AS16*10000000000 -> 5.05062 | AU16: 643767.12 | AV16: 3.1804013e-10 | AW16: 2.99e-10 | BK16: =IF(BJ16>AG16,1, "") | CB16: 1.0SrCl2 | CC16: 38 | CD16: 17 | CE16: =CC16*CD16/(CC16+CD16) -> 11.745455 | CF16: 38 | CG16: 17 | CH16: =CF16*CG16/(CF16+CG16) -> 11.745455
B17: LiF-NaF | C17: 0.6LiF-0.4NaF | D17: Grizzi, 2024 | E17: 927.15 | F17: 933.1 | G17: 1.1679533 | I17: 0.72441842 | K17: 0.75346119 | M17: 1.2300447 | N17: 1.1656382 | P17: 0.72195417 | R17: 0.75089815 | T17: 1.2281287 | U17: 0.86868921 | V17: 0.6LiF-0.4NaF (BYU) | Y17: =ABS((U17-N17)/U17) -> 0.34183571 | Z17: =ABS((U17-R17)/U17) -> 0.13559632 | AC17: 4180231.7 | AD17: -1151.0573 | AE17: 3939592.8 | AF17: -1084.8663 | AG17: 3.9395928 | AH17: =AD17/1000000 -> -0.0011510573 | AI17: =AE17/1000000 -> 3.9395928 | AJ17: =AF17/1000000 -> -0.0010848663 | AK17: 2592.8448 | AL17: -1.0629872 | AM17: 2514.3329 | AN17: -0.787 | AO17: 2.514333 | AP17: =AL17/1000 -> -0.0010629872 | AQ17: =AM17/1000 -> 2.514333 | AR17: =AN17/1000 -> -0.000787 | AS17: =K17/(1/3*AE17*AM17) -> 2.28196e-10 | AT17: =AS17*10000000000 -> 2.28196 | AU17: 1046793.5 | AV17: 2.9768075e-10 | AW17: 2.194e-10 | AX17: =U17/(1/3*AV17*AM17) -> 3481866.7 | AY17: =U17/(1/3*AV17*AU17) -> 8363.2276 | AZ17: =U17/(1/3*AM17*AU17) -> 9.9015204e-10 | BA17: =U17/(1/3*AM17*AW17) -> 4724178.2 | BB17: =U17/(1/3*AE17*AW17) -> 3015.0723 | BC17: =U17/(1/3*AE17*AM17) -> 2.6309438e-10 | BD17: =ABS(BC17-AS17)/BC17 -> 0.13264585 | BG17: =U17/(1/3*AS17*AM17) -> 4542080.9 | BH17: =U17/(1/3*AE17*AS17) -> 2898.8539 | BI17: =U17/(1/3*AG17*AO17)*10 -> 2.6309438 | BJ17: =U17/(1/3*AT17*AO17)*10 -> 4.5420809 | BK17: =IF(BJ17>AG17,1, "") -> 1 | BL17: =U17/(1/3*AT17*AG17)*10 -> 2.8988539 | CB17: 0.6LiF-0.4NaF | CC17: 6.2 | CD17: 9 | CE17: =CC17*CD17/(CC17+CD17) -> 3.6710526 | CF17: 6.2 | CG17: 9 | CH17: =CF17*CG17/(CF17+CG17) -> 3.6710526
B18: FLiNaK | C18: 0.42KF-0.465LiF-0.115NaF | D18: Frandsen, 2020 | E18: 735 | F18: 742.4 | G18: 1.0060771 | I18: 0.83573612 | K18: 0.82159008 | M18: 1.0993871 | N18: 1.0027509 | P18: 0.83183122 | R18: 0.81775128 | T18: 1.0969538 | U18: 0.79004699 | V18: 0.465LiF-0.115NaF-0.42KF (Merritt, 2022),0.465LiF-0.115NaF-0.42KF (Gallagher, 2022),0.465LiF-0.115NaF-0.42KF (Rudenko, 2022) | Y18: =ABS((U18-N18)/U18) -> 0.26922941 | Z18: =ABS((U18-R18)/U18) -> 0.035066641 | AC18: 3402318.9 | AD18: -957.83077 | AE18: 4363761.9 | AF18: -470.99427 | AG18: 4.3637619 | AH18: =AD18/1000000 -> -0.00095783077 | AI18: =AE18/1000000 -> 4.3637619 | AJ18: =AF18/1000000 -> -0.00047099427 | AK18: 2408.0441 | AL18: -0.94732662 | AM18: 2413.78 | AN18: -1.2 | AO18: 2.41378 | AP18: =AL18/1000 -> -0.00094732662 | AQ18: =AM18/1000 -> 2.41378 | AR18: =AN18/1000 -> -0.0012 | AS18: =K18/(1/3*AE18*AM18) -> 2.34001e-10 | AT18: =AS18*10000000000 -> 2.34001 | AU18: 856914.25 | AV18: 3.1821841e-10 | AW18: 2.3803e-10 | AX18: =U18/(1/3*AV18*AM18) -> 3085682.2 | AY18: =U18/(1/3*AV18*AU18) -> 8691.8357 | AZ18: =U18/(1/3*AM18*AU18) -> 1.14588e-09 | BA18: =U18/(1/3*AM18*AW18) -> 4125198 | BB18: =U18/(1/3*AE18*AW18) -> 2281.8203 | BC18: =U18/(1/3*AE18*AM18) -> 2.2501706e-10 | BD18: =ABS(BC18-AS18)/BC18 -> 0.039925593 | BG18: =U18/(1/3*AS18*AM18) -> 4196225.1 | BH18: =U18/(1/3*AE18*AS18) -> 2321.1084 | BI18: =U18/(1/3*AG18*AO18)*10 -> 2.2501706 | BJ18: =U18/(1/3*AT18*AO18)*10 -> 4.1962251 | BK18: =IF(BJ18>AG18,1, "") | BL18: =U18/(1/3*AT18*AG18)*10 -> 2.3211084 | CB18: 0.42KF-0.465LiF-0.115NaF | CC18: 10.64 | CD18: 9 | CE18: =CC18*CD18/(CC18+CD18) -> 4.8757637 | CF18: 10.64 | CG18: 9 | CH18: =CF18*CG18/(CF18+CG18) -> 4.8757637
B19: LiCl-KCl | C19: 0.5KCl-0.5LiCl | D19: Jiang, 2016 | E19: 628 | F19: 761.04532 | G19: 0.43721954 | I19: 0.408748 | K19: 0.38035279 | M19: 0.59681634 | N19: 0.41311721 | P19: 0.37067537 | R19: 0.34492501 | T19: 0.56995209 | U19: 0.6411837 | V19: 0.582LiCl-0.418KCl (Merritt, 2022) | Y19: =ABS((U19-N19)/U19) -> 0.35569602 | Z19: =ABS((U19-R19)/U19) -> 0.46204962 | AC19: 2026055.4 | AD19: -620.75151 | AE19: 2026055.4 | AF19: -620.75151 | AG19: 2.0260554 | AH19: =AD19/1000000 -> -0.00062075151 | AI19: =AE19/1000000 -> 2.0260554 | AJ19: =AF19/1000000 -> -0.00062075151 | AK19: 2101.5179 | AL19: -0.88258997 | AM19: 2101.5179 | AN19: -0.88258997 | AO19: 2.1015179 | AP19: =AL19/1000 -> -0.00088258997 | AQ19: =AM19/1000 -> 2.1015179 | AR19: =AN19/1000 -> -0.00088258997 | AS19: =K19/(1/3*AE19*AM19) -> 2.67993e-10 | AT19: =AS19*10000000000 -> 2.67993 | BI19: =U19/(1/3*AG19*AO19)*10 -> 4.5177201 | BJ19: =U19/(1/3*AT19*AO19)*10 -> 3.4154441 | BK19: =IF(BJ19>AG19,1, "") -> 1 | BL19: =U19/(1/3*AT19*AG19)*10 -> 3.5426558 | CB19: 0.5KCl-0.5LiCl | CC19: 11 | CD19: 17 | CE19: =CC19*CD19/(CC19+CD19) -> 6.6785714 | CF19: 11 | CG19: 17 | CH19: =CF19*CG19/(CF19+CG19) -> 6.6785714
B20: LiCl-KCl | C20: 0.363KCl-0.637LiCl | D20: Jiang, 2016 | E20: 665.15 | F20: 761.04532 | G20: 0.47683592 | I20: 0.41334207 | K20: 0.41496878 | M20: 0.62867136 | N20: 0.45917507 | P20: 0.385725 | R20: 0.38724302 | T20: 0.60891627 | U20: 0.62505654 | V20: 0.582LiCl-0.418KCl (Merritt, 2022) | Y20: =ABS((U20-N20)/U20) -> 0.26538634 | Z20: =ABS((U20-R20)/U20) -> 0.38046721 | AC20: 2103028.3 | AD20: -633.68946 | AE20: 2103028.3 | AF20: -633.68946 | AG20: 2.1030283 | AH20: =AD20/1000000 -> -0.00063368946 | AI20: =AE20/1000000 -> 2.1030283 | AJ20: =AF20/1000000 -> -0.00063368946 | AK20: 2109.5732 | AL20: -0.88073761 | AM20: 2109.5732 | AN20: -0.88073761 | AO20: 2.1095732 | AP20: =AL20/1000 -> -0.00088073761 | AQ20: =AM20/1000 -> 2.1095732 | AR20: =AN20/1000 -> -0.00088073761 | AS20: =K20/(1/3*AE20*AM20) -> 2.80606e-10 | AT20: =AS20*10000000000 -> 2.80606 | BI20: =U20/(1/3*AG20*AO20)*10 -> 4.2266942 | BJ20: =U20/(1/3*AT20*AO20)*10 -> 3.1677361 | BK20: =IF(BJ20>AG20,1, "") -> 1 | BL20: =U20/(1/3*AT20*AG20)*10 -> 3.1775946 | CB20: 0.363KCl-0.637LiCl | CC20: 8.914 | CD20: 17 | CE20: =CC20*CD20/(CC20+CD20) -> 5.8477271 | CF20: 8.914 | CG20: 17 | CH20: =CF20*CG20/(CF20+CG20) -> 5.8477271
B21: NaCl-KCl | C21: 0.5KCl-0.5NaCl | D21: Manga, 2013 | E21: 930 | F21: 933.49754 | G21: 0.42530953 | I21: 0.31145037 | K21: 0.2980994 | M21: 0.45602334 | N21: 0.42416468 | P21: 0.30992223 | R21: 0.29663676 | T21: 0.4548811 | U21: 0.44780366 | V21: 0.51NaCl-0.49KCl (Ruth, 2024),0.44NaCl-0.56KCl (Birri, 2023),0.44NaCl-0.56KCl (Birri, 2022) | Y21: =ABS((U21-N21)/U21) -> 0.052788707 | Z21: =ABS((U21-R21)/U21) -> 0.33757405 | AC21: 1735132.7 | AD21: -609.9215 | AE21: 1724916.5 | AF21: -611.67253 | AG21: 1.7249165 | AH21: =AD21/1000000 -> -0.0006099215 | AI21: =AE21/1000000 -> 1.7249165 | AJ21: =AF21/1000000 -> -0.00061167253 | AK21: 1799.5981 | AL21: -0.89795582 | AM21: 1799.5981 | AN21: -0.89795582 | AO21: 1.7995981 | AP21: =AL21/1000 -> -0.00089795582 | AQ21: =AM21/1000 -> 1.7995981 | AR21: =AN21/1000 -> -0.00089795582 | AS21: =K21/(1/3*AE21*AM21) -> 2.88097e-10 | AT21: =AS21*10000000000 -> 2.88097 | BC21: =U21/(1/3*AE21*AM21) -> 4.327781e-10 | BD21: =ABS(BC21-AS21)/BC21 -> 0.33430781 | BG21: =U21/(1/3*AS21*AM21) -> 2591162.4 | BH21: =U21/(1/3*AE21*AS21) -> 2703.3487 | BI21: =U21/(1/3*AG21*AO21)*10 -> 4.327781 | BJ21: =U21/(1/3*AT21*AO21)*10 -> 2.5911624 | BK21: =IF(BJ21>AG21,1, "") -> 1 | BL21: =U21/(1/3*AT21*AG21)*10 -> 2.7033487 | CB21: 0.5KCl-0.5NaCl | CC21: 15 | CD21: 17 | CE21: =CC21*CD21/(CC21+CD21) -> 7.96875 | CF21: 15 | CG21: 17 | CH21: =CF21*CG21/(CF21+CG21) -> 7.96875
B22: NaCl-KCl | C22: 0.5KCl-0.5NaCl | D22: Manga, 2013 | E22: 927.15 | G22: 0.41485047 | I22: 0.31405433 | K22: 0.30059173 | M22: 0.45658875 | AC22: 1736870.1 | AD22: -609.91972 | AG22: =AC22/1000000 -> 1.7368701 | AH22: =AD22/1000000 -> -0.00060991972 | AK22: 1802.1553 | AL22: -0.89795214 | AO22: =AK22/1000 -> 1.8021553 | AP22: =AL22/1000 -> -0.00089795214 | AS22: =K22/(1/3*AC22*AK22) -> 2.88097e-10 | AT22: =AS22*10000000000 -> 2.88097 | BK22: =IF(BJ22>AG22,1, "") | CB22: 0.5KCl-0.5NaCl_dup | CC22: 15 | CD22: 17 | CE22: =CC22*CD22/(CC22+CD22) -> 7.96875 | CF22: 15 | CG22: 17 | CH22: =CF22*CG22/(CF22+CG22) -> 7.96875
B23: LiCl-CaCl2 | C23: 0.3CaCl2-0.7LiCl | D23: Liang, 2024 | E23: 771.15 | G23: 0.41872535 | I23: 0.41213211 | K23: 0.43162181 | M23: 0.6410266 | AC23: 2227090.4 | AD23: -539.59456 | AG23: =AC23/1000000 -> 2.2270904 | AH23: =AD23/1000000 -> -0.00053959456 | AK23: 2101.2951 | AL23: -0.63247902 | AO23: =AK23/1000 -> 2.1012951 | AP23: =AL23/1000 -> -0.00063247902 | AS23: =K23/(1/3*AC23*AK23) -> 2.76694e-10 | AT23: =AS23*10000000000 -> 2.76694 | BK23: =IF(BJ23>AG23,1, "") | CB23: 0.3CaCl2-0.7LiCl | CC23: 14.1 | CD23: 17 | CE23: =CC23*CD23/(CC23+CD23) -> 7.7073955 | CF23: 14.1 | CG23: 17 | CH23: =CF23*CG23/(CF23+CG23) -> 7.7073955
B24: NaCl-CaCl2 | C24: 0.5097CaCl2-0.4903NaCl | D24: Wei, 2022 | E24: 779.15 | F24: 822.88235 | G24: 0.40029287 | I24: 0.56590843 | K24: 0.56261389 | M24: 0.51314107 | N24: 0.3961107 | P24: 0.55515024 | R24: 0.55191833 | T24: 0.50610222 | U24: 0.58073622 | V24: 0.52NaCl-0.48CaCl2 (Tian, 2021) | Y24: =ABS((U24-N24)/U24) -> 0.31791632 | Z24: =ABS((U24-R24)/U24) -> 0.049623032 | AC24: 2037424.2 | AD24: -497.80811 | AE24: 2951363.9 | AF24: -645.15963 | AG24: 2.9513639 | AH24: =AD24/1000000 -> -0.00049780811 | AI24: =AE24/1000000 -> 2.9513639 | AJ24: =AF24/1000000 -> -0.00064515963 | AK24: 2039.9777 | AL24: -0.61519941 | AM24: 2039.9777 | AN24: -0.61519941 | AO24: =AK24/1000 -> 2.0399777 | AP24: =AL24/1000 -> -0.00061519941 | AQ24: =AM24/1000 -> 2.0399777 | AR24: =AN24/1000 -> -0.00061519941 | AS24: =K24/(1/3*AE24*AM24) -> 2.80339e-10 | AT24: =AS24*10000000000 -> 2.80339 | BC24: =U24/(1/3*AE24*AM24) -> 2.8936899e-10 | BD24: =ABS(BC24-AS24)/BC24 -> 0.031205787 | BG24: =U24/(1/3*AS24*AM24) -> 3046430.2 | BH24: =U24/(1/3*AE24*AS24) -> 2105.6874 | BI24: =U24/(1/3*AG24*AO24)*10 -> 2.8936899 | BJ24: =U24/(1/3*AT24*AO24)*10 -> 3.0464302 | BK24: =IF(BJ24>AG24,1, "") -> 1 | BL24: =U24/(1/3*AT24*AG24)*10 -> 2.1056874 | CB24: 0.5097CaCl2-0.4903NaCl | CC24: 15.0046 | CD24: 17 | CE24: =CC24*CD24/(CC24+CD24) -> 7.9700481 | CF24: 15.0046 | CG24: 17 | CH24: =CF24*CG24/(CF24+CG24) -> 7.9700481
B25: NaCl-CaCl2 | C25: 0.5097CaCl2-0.4903NaCl | D25: Wei, 2022 | E25: 779.15 | F25: 792.88235 | G25: 0.40029287 | I25: 0.56590843 | K25: 0.56261389 | M25: 0.51314107 | N25: 0.39889881 | P25: 0.56233633 | R25: 0.55906259 | T25: 0.51079479 | V25: 0.4903NaCl-0.5097CaCl2 (Wei, 2022; MD),0.52NaCl-0.48CaCl2 (Tian, 2021) | AC25: 2037424.2 | AD25: -497.80811 | AE25: 2951363.9 | AF25: -645.15963 | AG25: 2.9513639 | AH25: =AD25/1000000 -> -0.00049780811 | AI25: =AE25/1000000 -> 2.9513639 | AJ25: =AF25/1000000 -> -0.00064515963 | AK25: 2039.9777 | AL25: -0.61519941 | AM25: 2039.9777 | AN25: -0.61519941 | AO25: =AK25/1000 -> 2.0399777 | AP25: =AL25/1000 -> -0.00061519941 | AQ25: =AM25/1000 -> 2.0399777 | AR25: =AN25/1000 -> -0.00061519941 | AS25: =K25/(1/3*AE25*AM25) -> 2.80339e-10 | AT25: =AS25*10000000000 -> 2.80339 | BK25: =IF(BJ25>AG25,1, "") | CB25: 0.5097CaCl2-0.4903NaCl_dup | CC25: 15.0046 | CD25: 17 | CE25: =CC25*CD25/(CC25+CD25) -> 7.9700481 | CF25: 15.0046 | CG25: 17 | CH25: =CF25*CG25/(CF25+CG25) -> 7.9700481
B26: KCl-CaCl2 | C26: 0.282CaCl2-0.718KCl | D26: Wei, 2022 | E26: 921.15 | G26: 0.33458127 | I26: 0.31245403 | K26: 0.40601469 | M26: 0.41564916 | AC26: 1699665.5 | AD26: -540.24443 | AG26: =AC26/1000000 -> 1.6996655 | AH26: =AD26/1000000 -> -0.00054024443 | AK26: 1788.9283 | AL26: -0.84577624 | AO26: =AK26/1000 -> 1.7889283 | AP26: =AL26/1000 -> -0.00084577624 | AS26: =K26/(1/3*AC26*AK26) -> 4.00596e-10 | AT26: =AS26*10000000000 -> 4.00596 | BK26: =IF(BJ26>AG26,1, "") | CB26: 0.282CaCl2-0.718KCl | CC26: 26.966 | CD26: 17 | CE26: =CC26*CD26/(CC26+CD26) -> 10.426739 | CF26: 26.966 | CG26: 17 | CH26: =CF26*CG26/(CF26+CG26) -> 10.426739
