Workbook

Sheet Figs
R4: At min measured temp
A5: Salt Composition | B5: Melting Temp (K) | C5: Min Measured Temp (K) | D5: Gheribi-KTCPÎ» at Melt Temp (W/m-K) | E5: Gheribi-KTCPÎ», Mix Data at Melt Temp (W/m-K) | F5: Gheribi-KT-Emp at Melt Temp (W/m-K) | G5: Gheribi-KT-Emp-Mix at Melt Temp (W/m-K) | H5: Gheribi-KT24 at Melt Temp (W/m-K) | I5: Gheribi-KT24, Mix Data at Melt Temp (W/m-K) | J5: Zhao-PGM at Melt Temp (W/m-K) | K5: Zhao-PGM, Mix Data at Melt Temp (W/m-K) | L5: Present Model at Melt Temp (W/m-K) | M5: Present Model, Mix Data at Melt Temp (W/m-K) | N5: Present Model-VelCorr at Melt Temp (W/m-K) | O5: Bridgman at Melt Temp (W/m-K) | P5: Chapman-Enskog at Melt Temp (W/m-K) | Q5: Ideal at Melt Temp (W/m-K) | R5: Gheribi-KT-k_min (W/m-K) | S5: Gheribi-KT-k_min, Mix Data (W/m-K) | T5: Gheribi-KT-Emp (W/m-K) | U5: Gheribi-KT-Emp-Mix (W/m-K) | V5: Gheribi-KT24 | W5: % Dev | X5: Gheribi-KT24, Mix Data (W/m-K) | Y5: Zhao-PGM | Z5: % Dev | AA5: Zhao-PGM, Mix Data (W/m-K) | AB5: Present Model (W/m-K) | AC5: Present Model, Mix Data (W/m-K) | AD5: Present Model-VelCorr (W/m-K) | AE5: Bridgman (W/m-K) | AF5: Chapman-Enskog (W/m-K) | AG5: Ideal (W/m-K) | AH5: TC Experimental (W/m-K) | AI5: Exp. Reference | AJ5: TC MSTDB (W/m-K) | AK5: MSTDB Reference
A6: 0.725LiF-0.265BeF2-0.01UF4 | B6: 723 | C6: 882 | D6: 0.36678342 | F6: 0.39875169 | H6: 0.69535872 | J6: 0.78147755 | Q6: 1.3452379 | R6: 0.3588139 | T6: 0.39008756 | V6: 0.67741221 | W6: =ABS(($AH6-V6)/$AH6) -> 0.11985885 | Y6: 0.74096563 | Z6: =ABS(($AH6-Y6)/$AH6) -> 0.037285823 | AG6: 1.3016119 | AH6: 0.76966315 | AI6: 0.725LiF-0.265BeF2-0.01UF4 (Bobrova, 2023)
A7: 0.72LiF-0.26BeF2-0.02UF4 | B7: 723 | C7: 832 | D7: -0.1376048 | F7: -0.030277384 | H7: 0.56670078 | J7: 0.74820769 | Q7: 1.3360263 | R7: -0.13553534 | T7: -0.029822039 | V7: 0.55550594 | W7: =ABS(($AH7-V7)/$AH7) -> 0.2232675 | Y7: 0.72228652 | Z7: =ABS(($AH7-Y7)/$AH7) -> 0.009932345 | AG7: 1.3058004 | AH7: 0.71518308 | AI7: 0.72LiF-0.26BeF2-0.02UF4 (Bobrova, 2023)
A8: 0.63NaCl-0.37UCl3 | B8: 750 | C8: 802 | D8: 0.12623785 | F8: 0.13414681 | H8: 0.11469448 | J8: 0.30786468 | Q8: 0.45071802 | R8: 0.12332465 | T8: 0.13105109 | V8: 0.11214895 | W8: =ABS(($AH8-V8)/$AH8) -> 0.55163115 | Y8: 0.29987597 | Z8: =ABS(($AH8-Y8)/$AH8) -> 0.19889702 | AG8: 0.44198046 | AH8: 0.25012655 | AI8: 63NaCl-37UCl3 (Termini, 2024)
A9: 0.658NaCl-0.342UCl3 | B9: 750 | C9: 869.15 | D9: 0.11100367 | F9: 0.12242465 | H9: 0.11113907 | J9: 0.3107182 | Q9: 0.45854797 | R9: 0.10497932 | T9: 0.11578047 | V9: 0.10540828 | W9: =ABS(($AH9-V9)/$AH9) -> 0.49064414 | Y9: 0.29112923 | Z9: =ABS(($AH9-Y9)/$AH9) -> 0.40680012 | AG9: 0.43759544 | AH9: 0.20694427 | AI9: 65.8NaCl-34.2UCl3 (Rose, 2023)
A10: 0.712LiF-0.23BeF2-0.05ZrF4-0.008UF4 | B10: 723 | C10: 785.88122 | D10: 0.11450404 | F10: 0.21993592 | H10: 0.46469757 | J10: 0.72737521 | Q10: 1.322616 | R10: 0.11327849 | T10: 0.21758192 | V10: 0.46141777 | W10: =ABS(($AH10-V10)/$AH10) -> 0.63105706 | Y10: 0.71241195 | Z10: =ABS(($AH10-Y10)/$AH10) -> 0.43036576 | AG10: 1.3049988 | AH10: 1.2506481 | AI10: 0.712LiF-0.23BeF2-0.05ZrF4-0.008UF4 (Rosenthal, 1969)
A11: 0.675LiF-0.2BeF2-0.12ThF4-0.005UF4 | B11: 723 | C11: 811.82664 | D11: -0.68451425 | F11: -0.44302642 | H11: 0.11179706 | J11: 0.59758238 | Q11: 1.2528784 | R11: -0.67658391 | T11: -0.4378938 | V11: 0.10753765 | W11: =ABS(($AH11-V11)/$AH11) -> 0.91498381 | Y11: 0.58317547 | Z11: =ABS(($AH11-Y11)/$AH11) -> 0.53895815 | AG11: 1.2304066 | AH11: 1.2649079 | AI11: 0.675LiF-0.20BeF2-0.12ThF4-0.005UF4 (Rosenthal, 1969)
A12: 0.28NaF-0.42KF-0.3UF4 | B12: 878 | C12: 1023 | D12: 0.11971805 | F12: 0.13951714 | H12: 0.15108649 | J12: 0.3836312 | Q12: 0.62595318 | R12: 0.11574283 | T12: 0.1348845 | V12: 0.14300503 | W12: =ABS(($AH12-V12)/$AH12) -> 0.72446699 | Y12: 0.35966985 | Z12: =ABS(($AH12-Y12)/$AH12) -> 0.30701098 | AG12: 0.59800659 | AH12: 0.51901235 | AI12: 0.42KF-0.28NaF-0.30UF4 (Rudenko, 2024)
A13: 0.24NaF-0.36KF-0.4UF4 | B13: 878 | C13: 1073 | D13: 0.18851371 | F13: 0.19057901 | H13: 0.15917343 | J13: 0.36475139 | Q13: 0.57924146 | R13: 0.18133469 | T13: 0.18332134 | V13: 0.15118127 | W13: =ABS(($AH13-V13)/$AH13) -> 0.70253623 | Y13: 0.33864101 | Z13: =ABS(($AH13-Y13)/$AH13) -> 0.33369106 | AG13: 0.54654293 | AH13: 0.50823423 | AI13: 0.36KF-0.24NaF-0.40UF4 (Rudenko, 2024)
A14: 0.2NaF-0.3KF-0.5UF4 | B14: 878 | C14: 1073 | D14: 0.23423673 | F14: 0.21977532 | H14: 0.17464564 | J14: 0.34979074 | Q14: 0.53252974 | R14: 0.22647803 | T14: 0.21249562 | V14: 0.16870277 | W14: =ABS(($AH14-V14)/$AH14) -> 0.57854411 | Y14: 0.32853146 | Z14: =ABS(($AH14-Y14)/$AH14) -> 0.17925758 | AG14: 0.50439481 | AH14: 0.40028571 | AI14: 0.30KF-0.20NaF-0.50UF4 (Rudenko, 2024)
A15: 0.712LiF-0.23BeF2-0.05ZrF4-0.008UF4 | B15: 735 | C15: 785.88122 | D15: 0.11450404 | F15: 0.21993592 | H15: 0.46469757 | J15: 0.72737521 | L15: 0.72737521 | Q15: 1.322616 | R15: 0.11327849 | T15: 0.21758192 | V15: 0.46141777 | W15: =ABS(($AH15-V15)/$AH15) -> 0.63105706 | Y15: 0.71241195 | Z15: =ABS(($AH15-Y15)/$AH15) -> 0.43036576 | AB15: 0.71241195 | AG15: 1.3049988 | AH15: 1.2506481 | AI15: 0.465LiF-0.115NaF-0.42KF (Merritt, 2022),0.465LiF-0.115NaF-0.42KF (Gallagher, 2022),0.465LiF-0.115NaF-0.42KF (Rudenko, 2022)
A16: 0.73LiF-0.27BeF2 | B16: 723 | C16: 884 | D16: 1.1694201 | F16: 1.0901411 | H16: 1.0169508 | J16: 0.81942429 | Q16: 1.3544496 | R16: 1.143821 | T16: 1.0662774 | V16: 0.99333381 | W16: =ABS(($AH16-V16)/$AH16) -> 0.095706389 | Y16: 0.77570442 | Z16: =ABS(($AH16-Y16)/$AH16) -> 0.1443518 | AG16: 1.310565 | AH16: 0.90656933 | AI16: 0.73LiF-0.27BeF2 (Bobrova, 2023)
A17: 0.66LiF-0.34BeF2 | B17: 733 | C17: 884 | D17: 1.1321639 | E17: 1.6545464 | F17: 1.0327876 | G17: 1.5087682 | H17: 1.0025337 | I17: 1.518486 | J17: 0.77455399 | K17: 1.194875 | R17: 1.1128792 | S17: 1.6155238 | T17: 1.0151956 | U17: 1.4731838 | V17: 0.98447068 | W17: =ABS(($AH17-V17)/$AH17) -> 0.080050058 | X17: 1.4811883 | Y17: 0.74095938 | Z17: =ABS(($AH17-Y17)/$AH17) -> 0.18710304 | AA17: 1.1045267 | AH17: 0.91150468 | AI17: 0.73LiF-0.27BeF2 (Bobrova, 2023) | AJ17: 1.1 | AK17: Rosenthal 1969 [122]
A18: 0.4NaF-0.6KF | B18: 1000 | D18: 0.67334765 | F18: 0.67819467 | H18: 0.64214261 | J18: 0.4684939 | Q18: 0.73423486 | R18: 0.67334765 | T18: 0.67819467 | V18: 0.64214261 | W18: =ABS(($AH18-V18)/$AH18) -> 0.082653417 | Y18: 0.4684939 | Z18: =ABS(($AH18-Y18)/$AH18) -> 0.330723 | AG18: 0.73423486 | AH18: =AJ18 -> 0.7 | AJ18: 0.7 | AK18: Rudenko 2024 [178]
A19: 0.465LiF-0.115NaF-0.42KF | B19: 735 | C19: 742.4 | D19: 0.75544862 | F19: 0.76389433 | G19: 1.0241817 | H19: 0.6954626 | I19: 0.90509687 | J19: 0.65005469 | K19: 0.77295464 | Q19: 1.0993871 | R19: 0.75296021 | T19: 0.7613781 | U19: 1.0203939 | V19: 0.69317886 | W19: =ABS(($AH19-V19)/$AH19) -> 0.1226106 | X19: 0.90175871 | Y19: 0.6459406 | Z19: =ABS(($AH19-Y19)/$AH19) -> 0.1824023 | AA19: 0.76685546 | AG19: 1.0964289 | AH19: 0.79004699 | AI19: 0.465LiF-0.115NaF-0.42KF (Merritt, 2022),0.465LiF-0.115NaF-0.42KF (Gallagher, 2022),0.465LiF-0.115NaF-0.42KF (Rudenko, 2022)
A20: 0.2046NaCl-0.4131KCl-0.3823MgCl2 | B20: 700 | C20: 722.73281 | D20: 0.42631828 | F20: 0.39868607 | G20: 0.35511104 | H20: 0.39369828 | I20: 0.38744636 | J20: 0.34234495 | Q20: 0.47430496 | R20: 0.42244769 | T20: 0.39506636 | U20: 0.35163381 | V20: 0.39011154 | W20: =ABS(($AH20-V20)/$AH20) -> 0.17217062 | X20: 0.3836404 | Y20: 0.33784078 | Z20: =ABS(($AH20-Y20)/$AH20) -> 0.28309088 | AG20: 0.47038278 | AH20: 0.47124631 | AI20: 0.2046NaCl-0.4131KCl-0.3823MgCl2 (Wang, 2021)
A21: 0.345NaF-0.59KF-0.065MgF2 | B21: 958 | C21: 993.01378 | D21: 0.6779149 | F21: 0.67261166 | H21: 0.57197135 | I21: 0.59758621 | J21: 0.4860452 | K21: 0.49336011 | Q21: 0.74453173 | R21: 0.66907211 | T21: 0.66383804 | V21: 0.56448951 | W21: =ABS(($AH21-V21)/$AH21) -> 0.26308813 | X21: 0.58988275 | Y21: 0.47418606 | Z21: =ABS(($AH21-Y21)/$AH21) -> 0.38097462 | AA21: 0.48283679 | AG21: 0.73580725 | AH21: 0.76602038 | AI21: 0.345NaF-0.59KF-0.065MgF2 (Rudenko, 2024)
A22: 1.0LiCl | B22: 883 | C22: 965.57734 | D22: 0.68568905 | F22: 0.72519297 | H22: 0.68631947 | J22: 0.41038419 | Q22: 0.68524115 | R22: 0.66731827 | T22: 0.70576381 | V22: 0.6679318 | W22: =ABS(($AH22-V22)/$AH22) -> 0.018943205 | Y22: 0.3868412 | Z22: =ABS(($AH22-Y22)/$AH22) -> 0.40986607 | AG22: 0.66685348 | AH22: 0.65551426 | AI22: LiCl (Nagasaka, 1992)
A23: 1.0NaCl | B23: 1073.8 | C23: 1169.4387 | D23: 0.48765041 | F23: 0.492992 | H23: 0.48681288 | J23: 0.31017075 | Q23: 0.48673467 | R23: 0.46764534 | T23: 0.4727678 | V23: 0.46684217 | W23: =ABS(($AH23-V23)/$AH23) -> 0.11307557 | Y23: 0.28504925 | Z23: =ABS(($AH23-Y23)/$AH23) -> 0.45845264 | AG23: 0.46682997 | AH23: 0.5263607 | AI23: NaCl (Nagasaka 1992)
A24: 1.0KCl | B24: 1042.7 | C24: 1052.1639 | D24: 0.37448386 | F24: 0.39772402 | H24: 0.3742357 | J24: 0.26186835 | Q24: 0.37411661 | R24: 0.37273884 | T24: 0.39587071 | V24: 0.37249184 | W24: =ABS(($AH24-V24)/$AH24) -> 0.013588159 | Y24: 0.25964867 | Z24: =ABS(($AH24-Y24)/$AH24) -> 0.29346958 | AG24: 0.37237546 | AH24: 0.36749822 | AI24: KCl (Harada, 1992),KCl (Nagasaka, 1992)
A25: 1.0LiF | B25: 1121.2 | C25: 1121.2 | D25: 1.3492012 | F25: 1.4344247 | H25: 1.3498415 | J25: 0.80194503 | Q25: 1.3569764 | R25: 1.3492012 | T25: 1.4344247 | V25: 1.3498415 | W25: =ABS(($AH25-V25)/$AH25) -> 0.071577209 | Y25: 0.80194503 | Z25: =ABS(($AH25-Y25)/$AH25) -> 0.36337265 | AG25: 1.3569764 | AH25: 1.2596773 | AI25: LiF (Golyshev, 1982),LiF (Golyshev, 1983),LiF (Golyshev, 1992),LiF (Smirnov, 1987),LiF (Khlebnikov, 1981)
A26: 1.0NaF | B26: 1268 | C26: 1276.2108 | D26: 0.84228951 | F26: 0.90253851 | H26: 0.8422681 | J26: 0.53047696 | Q26: 0.84054676 | R26: 0.83982795 | T26: 0.89990088 | V26: 0.83980661 | W26: =ABS(($AH26-V26)/$AH26) -> 0.28778769 | Y26: 0.52656453 | Z26: =ABS(($AH26-Y26)/$AH26) -> 0.55343797 | AG26: 0.83809041 | AH26: 1.179152 | AI26: NaF (Smirnov, 1987),NaF (Polyakov, 1975)
A27: 1.0KF | B27: 1131.2 | C27: 1130.597 | D27: 0.58239325 | F27: 0.56777343 | H27: 0.58268228 | J27: 0.36409719 | Q27: 0.58236909 | R27: 0.58239325 | T27: 0.56777343 | V27: 0.58268228 | W27: =ABS(($AH27-V27)/$AH27) -> 0.064372614 | Y27: 0.36409719 | Z27: =ABS(($AH27-Y27)/$AH27) -> 0.41536011 | AG27: 0.58236909 | AH27: 0.62277172 | AI27: KF (Smirnov, 1987)
A28: 1.0MgCl2 | B28: 987 | C28: 986.86211 | D28: 0.43829221 | F28: 0.36348786 | H28: 0.4382922 | J28: 0.28861058 | Q28: 0.4382922 | R28: 0.43829221 | T28: 0.36348786 | V28: 0.4382922 | W28: =ABS(($AH28-V28)/$AH28) -> 0.19417783 | Y28: 0.28861058 | Z28: =ABS(($AH28-Y28)/$AH28) -> 0.469375 | AG28: 0.4382922 | AH28: 0.54390686 | AI28: MgCl2 (Filatov, 2005)
A29: 1.0MgF2 | B29: 1534.2 | C29: 1554.2416 | D29: 0.76994949 | F29: 0.65134847 | H29: 0.76994949 | J29: 0.55165642 | Q29: 0.76994949 | R29: 0.76680975 | T29: 0.64869236 | V29: 0.76680975 | W29: =ABS(($AH29-V29)/$AH29) -> 0.091875731 | Y29: 0.54942631 | Z29: =ABS(($AH29-Y29)/$AH29) -> 0.21766089 | AG29: 0.76680975 | AH29: 0.70228665 | AI29: MgF2 (Khlebnikov, 1981),MgF2 (Golyshev, 1992)
A30: 1.0CaF2 | B30: 1692 | C30: 1697.8471 | D30: 0.53240327 | F30: 0.56536852 | H30: 0.53240327 | J30: 0.42810664 | Q30: 0.53240327 | R30: 0.53209376 | T30: 0.56503984 | V30: 0.53209375 | W30: =ABS(($AH30-V30)/$AH30) -> 0.10256458 | Y30: 0.4277441 | Z30: =ABS(($AH30-Y30)/$AH30) -> 0.2785619 | AG30: 0.53209375 | AH30: 0.59290478 | AI30: CaF2 (Golyshev, 1992),CaF2 (Khlebnikov, 1981)
U35: Gheribi | V35: Zhao | X35: Labels
S36: Avg Error | T36: Actinide | U36: =AVERAGE(W6:W15) -> 0.55680469 | V36: =AVERAGE(Z6:Z15) -> 0.28725646 | X36: Gheribi; 11.8% MAE | Z36: Non-Actinides
T37: Non-actinide | U37: =AVERAGE(W16:W30) -> 0.11828279 | V37: =AVERAGE(Z16:Z30) -> 0.3312135 | X37: Zhao; 33.1% MAE | Z37: Actinides
X38: Gheribi; 55.7% MAE
U39: Deviation | X39: Zhao; 28.7% MAE
T40: 0 | U40: 1.15
T41: 0 | U41: 0.85
C42: Figures below
B44: Fig 1 -->
B67: Fig 2 -->
B98: Fig 3 -->
B118: Fig 4 -->

Sheet Fig1_Fig2 (2)
R4: At min measured temp
A5: Salt Composition | B5: Melting Temp (K) | C5: Min Measured Temp (K) | D5: Gheribi-KTCPÎ» at Melt Temp (W/m-K) | E5: Gheribi-KTCPÎ», Mix Data at Melt Temp (W/m-K) | F5: Gheribi-KT-Emp at Melt Temp (W/m-K) | G5: Gheribi-KT-Emp-Mix at Melt Temp (W/m-K) | H5: Gheribi-KT24 at Melt Temp (W/m-K) | I5: Gheribi-KT24, Mix Data at Melt Temp (W/m-K) | J5: Zhao-PGM at Melt Temp (W/m-K) | K5: Zhao-PGM, Mix Data at Melt Temp (W/m-K) | L5: Present Model at Melt Temp (W/m-K) | M5: Present Model, Mix Data at Melt Temp (W/m-K) | N5: Present Model-VelCorr at Melt Temp (W/m-K) | O5: Bridgman at Melt Temp (W/m-K) | P5: Chapman-Enskog at Melt Temp (W/m-K) | Q5: Ideal at Melt Temp (W/m-K) | R5: Gheribi-KT-k_min (W/m-K) | S5: Gheribi-KT-k_min, Mix Data (W/m-K) | T5: Gheribi-KT-Emp (W/m-K) | U5: Gheribi-KT-Emp-Mix (W/m-K) | V5: Gheribi-KT24 | W5: % Dev | X5: Gheribi-KT24, Mix Data (W/m-K) | Y5: Zhao-PGM | Z5: % Dev | AA5: Zhao-PGM, Mix Data (W/m-K) | AB5: Present Model (W/m-K) | AC5: Present Model, Mix Data (W/m-K) | AD5: Present Model-VelCorr (W/m-K) | AE5: Bridgman (W/m-K) | AF5: Chapman-Enskog (W/m-K) | AG5: Ideal (W/m-K) | AH5: TC Experimental (W/m-K) | AI5: Exp. Reference | AJ5: TC MSTDB (W/m-K) | AK5: MSTDB Reference
A6: 0.725LiF-0.265BeF2-0.01UF4 | B6: 723 | C6: 882 | D6: 0.36678342 | F6: 0.39875169 | H6: 0.69535872 | J6: 0.78147755 | Q6: 1.3452379 | R6: 0.3588139 | T6: 0.39008756 | V6: 0.67741221 | W6: =ABS(($AH6-V6)/$AH6) -> 0.11985885 | Y6: 0.74096563 | Z6: =ABS(($AH6-Y6)/$AH6) -> 0.037285823 | AG6: 1.3016119 | AH6: 0.76966315 | AI6: 0.725LiF-0.265BeF2-0.01UF4 (Bobrova, 2023)
A7: 0.72LiF-0.26BeF2-0.02UF4 | B7: 723 | C7: 832 | D7: -0.1376048 | F7: -0.030277384 | H7: 0.56670078 | J7: 0.74820769 | Q7: 1.3360263 | R7: -0.13553534 | T7: -0.029822039 | V7: 0.55550594 | W7: =ABS(($AH7-V7)/$AH7) -> 0.2232675 | Y7: 0.72228652 | Z7: =ABS(($AH7-Y7)/$AH7) -> 0.009932345 | AG7: 1.3058004 | AH7: 0.71518308 | AI7: 0.72LiF-0.26BeF2-0.02UF4 (Bobrova, 2023)
A8: 0.63NaCl-0.37UCl3 | B8: 750 | C8: 802 | D8: 0.12623785 | F8: 0.13414681 | H8: 0.11469448 | J8: 0.30786468 | Q8: 0.45071802 | R8: 0.12332465 | T8: 0.13105109 | V8: 0.11214895 | W8: =ABS(($AH8-V8)/$AH8) -> 0.55163115 | Y8: 0.29987597 | Z8: =ABS(($AH8-Y8)/$AH8) -> 0.19889702 | AG8: 0.44198046 | AH8: 0.25012655 | AI8: 63NaCl-37UCl3 (Termini, 2024)
A9: 0.658NaCl-0.342UCl3 | B9: 750 | C9: 869.15 | D9: 0.11100367 | F9: 0.12242465 | H9: 0.11113907 | J9: 0.3107182 | Q9: 0.45854797 | R9: 0.10497932 | T9: 0.11578047 | V9: 0.10540828 | W9: =ABS(($AH9-V9)/$AH9) -> 0.49064414 | Y9: 0.29112923 | Z9: =ABS(($AH9-Y9)/$AH9) -> 0.40680012 | AG9: 0.43759544 | AH9: 0.20694427 | AI9: 65.8NaCl-34.2UCl3 (Rose, 2023)
A10: 0.712LiF-0.23BeF2-0.05ZrF4-0.008UF4 | B10: 723 | C10: 785.88122 | D10: 0.11450404 | F10: 0.21993592 | H10: 0.46469757 | J10: 0.72737521 | Q10: 1.322616 | R10: 0.11327849 | T10: 0.21758192 | V10: 0.46141777 | W10: =ABS(($AH10-V10)/$AH10) -> 0.63105706 | Y10: 0.71241195 | Z10: =ABS(($AH10-Y10)/$AH10) -> 0.43036576 | AG10: 1.3049988 | AH10: 1.2506481 | AI10: 0.712LiF-0.23BeF2-0.05ZrF4-0.008UF4 (Rosenthal, 1969)
A11: 0.675LiF-0.2BeF2-0.12ThF4-0.005UF4 | B11: 723 | C11: 811.82664 | D11: -0.68451425 | F11: -0.44302642 | H11: 0.11179706 | J11: 0.59758238 | Q11: 1.2528784 | R11: -0.67658391 | T11: -0.4378938 | V11: 0.10753765 | W11: =ABS(($AH11-V11)/$AH11) -> 0.91498381 | Y11: 0.58317547 | Z11: =ABS(($AH11-Y11)/$AH11) -> 0.53895815 | AG11: 1.2304066 | AH11: 1.2649079 | AI11: 0.675LiF-0.20BeF2-0.12ThF4-0.005UF4 (Rosenthal, 1969)
A12: 0.28NaF-0.42KF-0.3UF4 | B12: 878 | C12: 1023 | D12: 0.11971805 | F12: 0.13951714 | H12: 0.15108649 | J12: 0.3836312 | Q12: 0.62595318 | R12: 0.11574283 | T12: 0.1348845 | V12: 0.14300503 | W12: =ABS(($AH12-V12)/$AH12) -> 0.72446699 | Y12: 0.35966985 | Z12: =ABS(($AH12-Y12)/$AH12) -> 0.30701098 | AG12: 0.59800659 | AH12: 0.51901235 | AI12: 0.42KF-0.28NaF-0.30UF4 (Rudenko, 2024)
A13: 0.24NaF-0.36KF-0.4UF4 | B13: 878 | C13: 1073 | D13: 0.18851371 | F13: 0.19057901 | H13: 0.15917343 | J13: 0.36475139 | Q13: 0.57924146 | R13: 0.18133469 | T13: 0.18332134 | V13: 0.15118127 | W13: =ABS(($AH13-V13)/$AH13) -> 0.70253623 | Y13: 0.33864101 | Z13: =ABS(($AH13-Y13)/$AH13) -> 0.33369106 | AG13: 0.54654293 | AH13: 0.50823423 | AI13: 0.36KF-0.24NaF-0.40UF4 (Rudenko, 2024)
A14: 0.2NaF-0.3KF-0.5UF4 | B14: 878 | C14: 1073 | D14: 0.23423673 | F14: 0.21977532 | H14: 0.17464564 | J14: 0.34979074 | Q14: 0.53252974 | R14: 0.22647803 | T14: 0.21249562 | V14: 0.16870277 | W14: =ABS(($AH14-V14)/$AH14) -> 0.57854411 | Y14: 0.32853146 | Z14: =ABS(($AH14-Y14)/$AH14) -> 0.17925758 | AG14: 0.50439481 | AH14: 0.40028571 | AI14: 0.30KF-0.20NaF-0.50UF4 (Rudenko, 2024)
A15: 0.712LiF-0.23BeF2-0.05ZrF4-0.008UF4 | B15: 735 | C15: 785.88122 | D15: 0.11450404 | F15: 0.21993592 | H15: 0.46469757 | J15: 0.72737521 | L15: 0.72737521 | Q15: 1.322616 | R15: 0.11327849 | T15: 0.21758192 | V15: 0.46141777 | W15: =ABS(($AH15-V15)/$AH15) -> 0.63105706 | Y15: 0.71241195 | Z15: =ABS(($AH15-Y15)/$AH15) -> 0.43036576 | AB15: 0.71241195 | AG15: 1.3049988 | AH15: 1.2506481 | AI15: 0.465LiF-0.115NaF-0.42KF (Merritt, 2022),0.465LiF-0.115NaF-0.42KF (Gallagher, 2022),0.465LiF-0.115NaF-0.42KF (Rudenko, 2022)
A16: 0.73LiF-0.27BeF2 | B16: 723 | C16: 884 | D16: 1.1694201 | F16: 1.0901411 | H16: 1.0169508 | J16: 0.81942429 | Q16: 1.3544496 | R16: 1.143821 | T16: 1.0662774 | V16: 0.99333381 | W16: =ABS(($AH16-V16)/$AH16) -> 0.095706389 | Y16: 0.77570442 | Z16: =ABS(($AH16-Y16)/$AH16) -> 0.1443518 | AG16: 1.310565 | AH16: 0.90656933 | AI16: 0.73LiF-0.27BeF2 (Bobrova, 2023)
A17: 0.66LiF-0.34BeF2 | B17: 733 | C17: 884 | D17: 1.1321639 | E17: 1.6545464 | F17: 1.0327876 | G17: 1.5087682 | H17: 1.0025337 | I17: 1.518486 | J17: 0.77455399 | K17: 1.194875 | R17: 1.1128792 | S17: 1.6155238 | T17: 1.0151956 | U17: 1.4731838 | V17: 0.98447068 | W17: =ABS(($AH17-V17)/$AH17) -> 0.080050058 | X17: 1.4811883 | Y17: 0.74095938 | Z17: =ABS(($AH17-Y17)/$AH17) -> 0.18710304 | AA17: 1.1045267 | AH17: 0.91150468 | AI17: 0.73LiF-0.27BeF2 (Bobrova, 2023) | AJ17: 1.1 | AK17: Rosenthal 1969 [122]
A18: 0.4NaF-0.6KF | B18: 1000 | D18: 0.67334765 | F18: 0.67819467 | H18: 0.64214261 | J18: 0.4684939 | Q18: 0.73423486 | R18: 0.67334765 | T18: 0.67819467 | V18: 0.64214261 | W18: =ABS(($AH18-V18)/$AH18) -> 0.082653417 | Y18: 0.4684939 | Z18: =ABS(($AH18-Y18)/$AH18) -> 0.330723 | AG18: 0.73423486 | AH18: =AJ18 -> 0.7 | AJ18: 0.7 | AK18: Rudenko 2024 [178]
A19: 0.465LiF-0.115NaF-0.42KF | B19: 735 | C19: 742.4 | D19: 0.75544862 | F19: 0.76389433 | G19: 1.0241817 | H19: 0.6954626 | I19: 0.90509687 | J19: 0.65005469 | K19: 0.77295464 | Q19: 1.0993871 | R19: 0.75296021 | T19: 0.7613781 | U19: 1.0203939 | V19: 0.69317886 | W19: =ABS(($AH19-V19)/$AH19) -> 0.1226106 | X19: 0.90175871 | Y19: 0.6459406 | Z19: =ABS(($AH19-Y19)/$AH19) -> 0.1824023 | AA19: 0.76685546 | AG19: 1.0964289 | AH19: 0.79004699 | AI19: 0.465LiF-0.115NaF-0.42KF (Merritt, 2022),0.465LiF-0.115NaF-0.42KF (Gallagher, 2022),0.465LiF-0.115NaF-0.42KF (Rudenko, 2022)
A20: 0.2046NaCl-0.4131KCl-0.3823MgCl2 | B20: 700 | C20: 722.73281 | D20: 0.42631828 | F20: 0.39868607 | G20: 0.35511104 | H20: 0.39369828 | I20: 0.38744636 | J20: 0.34234495 | Q20: 0.47430496 | R20: 0.42244769 | T20: 0.39506636 | U20: 0.35163381 | V20: 0.39011154 | W20: =ABS(($AH20-V20)/$AH20) -> 0.17217062 | X20: 0.3836404 | Y20: 0.33784078 | Z20: =ABS(($AH20-Y20)/$AH20) -> 0.28309088 | AG20: 0.47038278 | AH20: 0.47124631 | AI20: 0.2046NaCl-0.4131KCl-0.3823MgCl2 (Wang, 2021)
A21: 0.345NaF-0.59KF-0.065MgF2 | B21: 958 | C21: 993.01378 | D21: 0.6779149 | F21: 0.67261166 | H21: 0.57197135 | I21: 0.59758621 | J21: 0.4860452 | K21: 0.49336011 | Q21: 0.74453173 | R21: 0.66907211 | T21: 0.66383804 | V21: 0.56448951 | W21: =ABS(($AH21-V21)/$AH21) -> 0.26308813 | X21: 0.58988275 | Y21: 0.47418606 | Z21: =ABS(($AH21-Y21)/$AH21) -> 0.38097462 | AA21: 0.48283679 | AG21: 0.73580725 | AH21: 0.76602038 | AI21: 0.345NaF-0.59KF-0.065MgF2 (Rudenko, 2024)
A22: 1.0LiCl | B22: 883 | C22: 965.57734 | D22: 0.68568905 | F22: 0.72519297 | H22: 0.68631947 | J22: 0.41038419 | Q22: 0.68524115 | R22: 0.66731827 | T22: 0.70576381 | V22: 0.6679318 | W22: =ABS(($AH22-V22)/$AH22) -> 0.018943205 | Y22: 0.3868412 | Z22: =ABS(($AH22-Y22)/$AH22) -> 0.40986607 | AG22: 0.66685348 | AH22: 0.65551426 | AI22: LiCl (Nagasaka, 1992)
A23: 1.0NaCl | B23: 1073.8 | C23: 1169.4387 | D23: 0.48765041 | F23: 0.492992 | H23: 0.48681288 | J23: 0.31017075 | Q23: 0.48673467 | R23: 0.46764534 | T23: 0.4727678 | V23: 0.46684217 | W23: =ABS(($AH23-V23)/$AH23) -> 0.11307557 | Y23: 0.28504925 | Z23: =ABS(($AH23-Y23)/$AH23) -> 0.45845264 | AG23: 0.46682997 | AH23: 0.5263607 | AI23: NaCl (Nagasaka 1992)
A24: 1.0KCl | B24: 1042.7 | C24: 1052.1639 | D24: 0.37448386 | F24: 0.39772402 | H24: 0.3742357 | J24: 0.26186835 | Q24: 0.37411661 | R24: 0.37273884 | T24: 0.39587071 | V24: 0.37249184 | W24: =ABS(($AH24-V24)/$AH24) -> 0.013588159 | Y24: 0.25964867 | Z24: =ABS(($AH24-Y24)/$AH24) -> 0.29346958 | AG24: 0.37237546 | AH24: 0.36749822 | AI24: KCl (Harada, 1992),KCl (Nagasaka, 1992)
A25: 1.0LiF | B25: 1121.2 | C25: 1121.2 | D25: 1.3492012 | F25: 1.4344247 | H25: 1.3498415 | J25: 0.80194503 | Q25: 1.3569764 | R25: 1.3492012 | T25: 1.4344247 | V25: 1.3498415 | W25: =ABS(($AH25-V25)/$AH25) -> 0.071577209 | Y25: 0.80194503 | Z25: =ABS(($AH25-Y25)/$AH25) -> 0.36337265 | AG25: 1.3569764 | AH25: 1.2596773 | AI25: LiF (Golyshev, 1982),LiF (Golyshev, 1983),LiF (Golyshev, 1992),LiF (Smirnov, 1987),LiF (Khlebnikov, 1981)
A26: 1.0NaF | B26: 1268 | C26: 1276.2108 | D26: 0.84228951 | F26: 0.90253851 | H26: 0.8422681 | J26: 0.53047696 | Q26: 0.84054676 | R26: 0.83982795 | T26: 0.89990088 | V26: 0.83980661 | W26: =ABS(($AH26-V26)/$AH26) -> 0.28778769 | Y26: 0.52656453 | Z26: =ABS(($AH26-Y26)/$AH26) -> 0.55343797 | AG26: 0.83809041 | AH26: 1.179152 | AI26: NaF (Smirnov, 1987),NaF (Polyakov, 1975)
A27: 1.0KF | B27: 1131.2 | C27: 1130.597 | D27: 0.58239325 | F27: 0.56777343 | H27: 0.58268228 | J27: 0.36409719 | Q27: 0.58236909 | R27: 0.58239325 | T27: 0.56777343 | V27: 0.58268228 | W27: =ABS(($AH27-V27)/$AH27) -> 0.064372614 | Y27: 0.36409719 | Z27: =ABS(($AH27-Y27)/$AH27) -> 0.41536011 | AG27: 0.58236909 | AH27: 0.62277172 | AI27: KF (Smirnov, 1987)
A28: 1.0MgCl2 | B28: 987 | C28: 986.86211 | D28: 0.43829221 | F28: 0.36348786 | H28: 0.4382922 | J28: 0.28861058 | Q28: 0.4382922 | R28: 0.43829221 | T28: 0.36348786 | V28: 0.4382922 | W28: =ABS(($AH28-V28)/$AH28) -> 0.19417783 | Y28: 0.28861058 | Z28: =ABS(($AH28-Y28)/$AH28) -> 0.469375 | AG28: 0.4382922 | AH28: 0.54390686 | AI28: MgCl2 (Filatov, 2005)
A29: 1.0MgF2 | B29: 1534.2 | C29: 1554.2416 | D29: 0.76994949 | F29: 0.65134847 | H29: 0.76994949 | J29: 0.55165642 | Q29: 0.76994949 | R29: 0.76680975 | T29: 0.64869236 | V29: 0.76680975 | W29: =ABS(($AH29-V29)/$AH29) -> 0.091875731 | Y29: 0.54942631 | Z29: =ABS(($AH29-Y29)/$AH29) -> 0.21766089 | AG29: 0.76680975 | AH29: 0.70228665 | AI29: MgF2 (Khlebnikov, 1981),MgF2 (Golyshev, 1992)
A30: 1.0CaF2 | B30: 1692 | C30: 1697.8471 | D30: 0.53240327 | F30: 0.56536852 | H30: 0.53240327 | J30: 0.42810664 | Q30: 0.53240327 | R30: 0.53209376 | T30: 0.56503984 | V30: 0.53209375 | W30: =ABS(($AH30-V30)/$AH30) -> 0.10256458 | Y30: 0.4277441 | Z30: =ABS(($AH30-Y30)/$AH30) -> 0.2785619 | AG30: 0.53209375 | AH30: 0.59290478 | AI30: CaF2 (Golyshev, 1992),CaF2 (Khlebnikov, 1981)
U35: Gheribi | V35: Zhao | X35: Labels
S36: Avg Error | T36: Actinide | U36: =AVERAGE(W6:W15) -> 0.55680469 | V36: =AVERAGE(Z6:Z15) -> 0.28725646 | X36: Gheribi; 11.8% MAE | Z36: Non-Actinides
T37: Non-actinide | U37: =AVERAGE(W16:W30) -> 0.11828279 | V37: =AVERAGE(Z16:Z30) -> 0.3312135 | X37: Zhao; 33.1% MAE | Z37: Actinides
X38: Gheribi; 55.7% MAE
U39: Deviation | X39: Zhao; 28.7% MAE
T40: 0 | U40: 1.15
T41: 0 | U41: 0.85

Sheet MFP-rsum
A1: Compound | B1: S/cm | C1: order | D1: protons | E1: electrons | F1: Mp/molecule | G1: Me/molecule | H1: ratio of Mpe*# | I1: ratio | J1: Dif mass | K1: M_i (g/mol) | L1: Visc (N*s/m^2) | M1: T_i_m (K) inverse | N1: T_i_m (K) | O1: V_i_m (m^3/mol) | P1: alpha_i_m (K^-1) | Q1: n (atoms/m#) | R1: r_c (m) | S1: r_a (m) | T1: sum_radii | U1: V_m-dist | V1: 1stPeak | W1: delta | X1: --> Scaled | Y1: rho_m (g/m^3) | Z1: SoS(T)_A (A+B*T) | AA1: SoS(T)_B | AB1: A (Density (g/cm3): A - BT(K)) | AC1: B (Density (g/cm3): A - BT(K)) | AD1: m_cation | AE1: m_anion | AF1: mass_disparity | AH1: #_cations | AI1: #_anions | AJ1: sum_ions | AK1: Psi | AL1: λ_meas | AM1: 1/3*Cp*vs*r_sumCorrect | AN1: Error | AO1: 1/3*Cp*vs*1stPk | AP1: 1/3*Cp*vs*AvgPk | AQ1: 1/3*Cp*vs*r_sum | AR1: dev_λ | AS1: c_BC,rsum | AT1: c_BC_λBC | AU1: 1/3*Cp*vs | AV1: r_sum | AW1: 1stPeak | AX1: AvgMFP | AY1: λBC | AZ1: MFP_calc | BA1: MFP_dev | BB1: 1/3*Cp*r_sum | BC1: SoS_Tm | BD1: SoS_metal | BE1: vs_calc | BF1: vs_dev | BG1: 1/3*vs*r_sum | BH1: C_i_p (J/mol/K) | BI1: kB*n | BJ1: Psi*kB*n | BK1: Cp(MJ/m3-K) | BL1: Cp(J/m3-K) | BM1: Cp_calc | BN1: Cp_dev | BO1: vs*cp | BP1: --> Scaled | BQ1: 1/3*vs*cp*rsum | BR1: mu | BS1: V_ca(r ) | BT1: R(pm) | BU1: R(pm)/mu | BV1: 1/sqrt(mu) | BW1: x_ca,peak | BX1: R(pm)/mu | BY1: V/mu | BZ1: R | CA1: Visc/(Dens*C0)
A2: LiF | B2: 9.95 | C2: 1 | D2: 12 | E2: 12 | F2: =D2*1.6726219E-27 -> 2.0071463e-26 | G2: =E2*9.1093856E-31 -> 1.0931263e-29 | H2: =((F2*D2)/(G2*E2)) -> 1836.1523 | I2: =D2/E2 -> 1 | J2: =(F2)-(G2) -> 2.0060532e-26 | K2: 25.939 | L2: =0.115*EXP(27000/(8.3144598*N2))/1000 -> 0.0020988673 | M2: =N2^-1 -> 0.00089433439 | N2: 1118.15 | O2: 1.42e-05 | P2: 0.000268 | Q2: =6.02214076E+23/O2 -> 4.2409442e+28 | R2: 7.6e-11 | S2: 1.33e-10 | T2: =S2+R2 -> 2.09e-10 | U2: =(( (O2/6.02214076E+23)^(1/3)) + (T2)) / 2 -> 2.4787799e-10 | V2: 1.87745 | W2: =S2/R2 -> 1.75 | X2: =T2*10000000000 -> 2.09 | Y2: 1810000 | Z2: 2547.8 | AA2: 0 | AB2: 2.3581 | AC2: -0.0004902 | AD2: 6.941 | AE2: 18.998403 | AF2: =ABS(AE2-AD2) -> 12.057403 | AG2: =K2/BR2 -> 5.1023951 | AH2: 1 | AI2: 1 | AJ2: =AH2+AI2 -> 2 | AK2: =1+AH2/AI2 -> 2 | AL2: 1.33125 | AM2: =1/3*BL2*BC2*T2 -> 0.80248523 | AN2: =ABS((AL2-AM2)/AL2) -> 0.39719419 | AO2: =1/3*BL2*BC2*AW2 -> 0.72246878 | AP2: =1/3*BL2*BC2*AX2 -> 0.90368251 | AQ2: 0.79448872 | AR2: =(AL2-AQ2)/AL2 -> 0.40320096 | AS2: =AL2/(1/3*BC2*T2) -> 7500138 | AT2: =AL2/(1/3*BC2*AY2) -> 4521126.8 | AU2: 3.8013815e+09 | AV2: =AQ2/AU2 -> 2.09e-10 | AW2: 1.8816044e-10 | AX2: 2.3535591e-10 | AY2: =AL2/(1/3*BL2*BC2) -> 3.4671199e-10 | AZ2: =AL2/AU2 -> 3.5020164e-10 | BA2: =(AZ2-AV2)/AV2 -> 0.67560591 | BB2: =AQ2/BC2 -> 0.00031183324 | BC2: =Z2+AA2*N2 -> 2547.8 | BD2: 3500 | BE2: =AL2/BB2 -> 4269.1087 | BF2: =(BE2-BC2)/BC2 -> 0.67560591 | BG2: =AQ2/BH2 -> 0.012375214 | BH2: 64.2 | BI2: =1.380649E-23*Q2 -> 585525.54 | BJ2: =BI2*AK2 -> 1171051.1 | BK2: =BL2/1000000 -> 4.5211268 | BL2: =BH2/O2 -> 4521126.8 | BM2: =AL2/(BG2) -> 107.5739 | BN2: =(BM2-BH2)/BH2 -> 0.67560591 | BO2: =BC2*BL2 -> 1.1518927e+10 | BP2: =BO2*0.0000000001 -> 1.1518927 | BQ2: =BO2*T2 -> 2.4074557 | BR2: 5.083691 | BS2: -6.5464269e-05 | BT2: 0.87109136 | BU2: =SQRT(BT2/BR2) -> 0.41394466 | BV2: =SQRT(1/BR2) -> 0.44351716 | BW2: 1.84e-10 | BX2: =BW2*SQRT(BT2/BR2) -> 7.6165817e-11 | BY2: =SQRT(ABS(BS2))/BR2 -> 0.00159156 | BZ2: =BC2^(2/3)*O2 -> 0.002648898 | CA2: =L2/(Y2/1000*(Z2+AA2*N2)) -> 4.5513588e-10
A3: NaF | B3: 6.9 | C3: 1 | D3: 20 | E3: 20 | F3: =D3*1.6726219E-27 -> 3.3452438e-26 | G3: =E3*9.1093856E-31 -> 1.8218771e-29 | H3: =((F3*D3)/(G3*E3)) -> 1836.1523 | I3: =D3/E3 -> 1 | J3: =(F3)-(G3) -> 3.3434219e-26 | K3: 41.988 | L3: =0.12*EXP(26500/(8.3144598*N3))/1000 -> 0.0014814456 | M3: =N3^-1 -> 0.00078855025 | N3: 1268.15 | O3: 2.16e-05 | P3: 0.000288 | Q3: =6.02214076E+23/O3 -> 2.7880281e+28 | R3: 1.02e-10 | S3: 1.33e-10 | T3: =S3+R3 -> 2.35e-10 | U3: =(( (O3/6.02214076E+23)^(1/3)) + (T3)) / 2 -> 2.8239379e-10 | V3: 2.16677 | W3: =S3/R3 -> 1.3039216 | X3: =T3*10000000000 -> 2.35 | Y3: 1950000 | Z3: 2085.5 | AA3: 0 | AB3: 2.755 | AC3: -0.000636 | AD3: 22.989769 | AE3: 18.998403 | AF3: =ABS(AE3-AD3) -> 3.991366 | AG3: =K3/BR3 -> 4.0364581 | AH3: 1 | AI3: 1 | AJ3: =AH3+AI3 -> 2 | AK3: =1+AH3/AI3 -> 2 | AL3: 0.8279 | AM3: =1/3*BL3*BC3*T3 -> 0.53093354 | AN3: =ABS((AL3-AM3)/AL3) -> 0.35869846 | AO3: =1/3*BL3*BC3*AW3 -> 0.49109756 | AP3: =1/3*BL3*BC3*AX3 -> 0.59812176 | AQ3: 0.53220718 | AR3: =(AL3-AQ3)/AL3 -> 0.35716007 | AS3: =AL3/(1/3*BC3*T3) -> 5067818.8 | AT3: =AL3/(1/3*BC3*AY3) -> 3250000 | AU3: 2.2647114e+09 | AV3: =AQ3/AU3 -> 2.35e-10 | AW3: 2.1736793e-10 | AX3: 2.6473862e-10 | AY3: =AL3/(1/3*BL3*BC3) -> 3.6644228e-10 | AZ3: =AL3/AU3 -> 3.6556535e-10 | BA3: =(AZ3-AV3)/AV3 -> 0.55559722 | BB3: =AQ3/BC3 -> 0.00025519404 | BC3: =Z3+AA3*N3 -> 2085.5 | BD3: 2720 | BE3: =AL3/BB3 -> 3244.198 | BF3: =(BE3-BC3)/BC3 -> 0.55559722 | BG3: =AQ3/BH3 -> 0.0075812988 | BH3: 70.2 | BI3: =1.380649E-23*Q3 -> 384928.82 | BJ3: =BI3*AK3 -> 769857.65 | BK3: =BL3/1000000 -> 3.25 | BL3: =BH3/O3 -> 3250000 | BM3: =AL3/(BG3) -> 109.20292 | BN3: =(BM3-BH3)/BH3 -> 0.55559722 | BO3: =BC3*BL3 -> 6777875000 | BP3: =BO3*0.0000000001 -> 0.6777875 | BQ3: =BO3*T3 -> 1.5928006 | BR3: 10.402189 | BS3: -0.00064235936 | BT3: 0.88236536 | BU3: =SQRT(BT3/BR3) -> 0.29124726 | BV3: =SQRT(1/BR3) -> 0.31005421 | BW3: 2.14e-10 | BX3: =BW3*SQRT(BT3/BR3) -> 6.2326915e-11 | BY3: =SQRT(ABS(BS3))/BR3 -> 0.0024364881 | BZ3: =BC3^(2/3)*O3 -> 0.0035258233 | CA3: =L3/(Y3/1000*(Z3+AA3*N3)) -> 3.6428469e-10
A4: KF | B4: 5.1 | C4: 1 | D4: 28 | E4: 28 | F4: =D4*1.6726219E-27 -> 4.6833413e-26 | G4: =E4*9.1093856E-31 -> 2.550628e-29 | H4: =((F4*D4)/(G4*E4)) -> 1836.1523 | I4: =D4/E4 -> 1 | J4: =(F4)-(G4) -> 4.6807907e-26 | K4: 58.097 | L4: =0.107*EXP(23800/(8.3144598*N4))/1000 -> 0.001350063 | M4: =N4^-1 -> 0.00088562193 | N4: 1129.15 | O4: 3.04e-05 | P4: 0.000341 | Q4: =6.02214076E+23/O4 -> 1.9809674e+28 | R4: 1.38e-10 | S4: 1.33e-10 | T4: =S4+R4 -> 2.71e-10 | U4: =(( (O4/6.02214076E+23)^(1/3)) + (T4)) / 2 -> 3.2028962e-10 | V4: 2.48194 | W4: =S4/R4 -> 0.96376812 | X4: =T4*10000000000 -> 2.71 | Y4: 1910000 | Z4: 1816.4 | AA4: 0 | AB4: 2.6464 | AC4: -0.0006515 | AD4: 39.0983 | AE4: 18.998403 | AF4: =ABS(AE4-AD4) -> 20.099897 | AG4: =K4/BR4 -> 4.5439152 | AH4: 1 | AI4: 1 | AJ4: =AH4+AI4 -> 2 | AK4: =1+AH4/AI4 -> 2 | AL4: 0.57 | AM4: =1/3*BL4*BC4*T4 -> 0.36108718 | AN4: =ABS((AL4-AM4)/AL4) -> 0.36651373 | AO4: =1/3*BL4*BC4*AW4 -> 0.32961603 | AP4: =1/3*BL4*BC4*AX4 -> 0.40376311 | AQ4: 0.36077309 | AR4: =(AL4-AQ4)/AL4 -> 0.36706476 | AS4: =AL4/(1/3*BC4*T4) -> 3473884.1 | AT4: =AL4/(1/3*BC4*AY4) -> 2200657.9 | AU4: 1.331266e+09 | AV4: =AQ4/AU4 -> 2.71e-10 | AW4: 2.4738055e-10 | AX4: 3.0302877e-10 | AY4: =AL4/(1/3*BL4*BC4) -> 4.2779143e-10 | AZ4: =AL4/AU4 -> 4.2816386e-10 | BA4: =(AZ4-AV4)/AV4 -> 0.57994046 | BB4: =AQ4/BC4 -> 0.00019861985 | BC4: =Z4+AA4*N4 -> 1816.4 | BD4: 2360 | BE4: =AL4/BB4 -> 2869.8038 | BF4: =(BE4-BC4)/BC4 -> 0.57994046 | BG4: =AQ4/BH4 -> 0.0053927218 | BH4: 66.9 | BI4: =1.380649E-23*Q4 -> 273502.06 | BJ4: =BI4*AK4 -> 547004.12 | BK4: =BL4/1000000 -> 2.2006579 | BL4: =BH4/O4 -> 2200657.9 | BM4: =AL4/(BG4) -> 105.69802 | BN4: =(BM4-BH4)/BH4 -> 0.57994046 | BO4: =BC4*BL4 -> 3.997275e+09 | BP4: =BO4*0.0000000001 -> 0.3997275 | BQ4: =BO4*T4 -> 1.0832615 | BR4: 12.78567 | BS4: -0.0013975067 | BT4: 0.88025103 | BU4: =SQRT(BT4/BR4) -> 0.26238652 | BV4: =SQRT(1/BR4) -> 0.27966509 | BW4: 2.44e-10 | BX4: =BW4*SQRT(BT4/BR4) -> 6.4022312e-11 | BY4: =SQRT(ABS(BS4))/BR4 -> 0.0029238391 | BZ4: =BC4^(2/3)*O4 -> 0.0045256529 | CA4: =L4/(Y4/1000*(Z4+AA4*N4)) -> 3.8914297e-10
A5: RbF | C5: 1 | D5: 46 | E5: 46 | F5: =D5*1.6726219E-27 -> 7.6940607e-26 | G5: =E5*9.1093856E-31 -> 4.1903174e-29 | H5: =((F5*D5)/(G5*E5)) -> 1836.1523 | I5: =D5/E5 -> 1 | J5: =(F5)-(G5) -> 7.6898704e-26 | K5: 104.4662 | L5: =0.115*EXP(27000/(8.3144598*N5))/1000 -> 0.0025481161 | M5: =N5^-1 -> 0.00095406192 | N5: 1048.15 | O5: 3.57e-05 | P5: 0.000349 | Q5: =6.02214076E+23/O5 -> 1.6868742e+28 | R5: 1.52e-10 | S5: 1.33e-10 | T5: =S5+R5 -> 2.85e-10 | U5: =(( (O5/6.02214076E+23)^(1/3)) + (T5)) / 2 -> 3.3745862e-10 | W5: =S5/R5 -> 0.875 | X5: =T5*10000000000 -> 2.85 | Y5: =K5/O5 -> 2926224.1 | Z5: 1760.4 | AA5: 0 | AB5: =Y5*100^3/1000 -> 2.9262241e+09 | AC5: 0 | AD5: 85.4678 | AE5: 18.998403 | AF5: =ABS(AE5-AD5) -> 66.469397 | AG5: =K5/BR5 -> 6.7209704 | AH5: 1 | AI5: 1 | AK5: =1+AH5/AI5 -> 2 | AL5: 0.48965 | AM5: =1/3*BL5*BC5*T5 -> 0.32557538 | AN5: =ABS((AL5-AM5)/AL5) -> 0.33508551 | AO5: =1/3*BL5*BC5*AW5 -> 0.29579641 | AS5: =AL5/(1/3*BC5*T5) -> 2927863.3 | AT5: =AL5/(1/3*BC5*AY5) -> 1946778.7 | AW5: 2.5893228e-10 | AY5: =AL5/(1/3*BL5*BC5) -> 4.2862655e-10 | AZ5: 2.5893228e-10 | BC5: =Z5+AA5*N5 -> 1760.4 | BG5: =AQ5/BH5 -> 0 | BH5: 69.5 | BI5: =1.380649E-23*Q5 -> 232898.11 | BJ5: =BI5*AK5 -> 465796.23 | BK5: =BL5/1000000 -> 1.9467787 | BL5: =BH5/O5 -> 1946778.7 | BO5: =BC5*BL5 -> 3.4271092e+09 | BP5: =BO5*0.0000000001 -> 0.34271092 | BQ5: =BO5*T5 -> 0.97672613 | BR5: 15.543321 | BS5: -0.0018393987 | BV5: =SQRT(1/BR5) -> 0.25364604 | BW5: 2.56e-10 | BX5: =T5*SQRT(0.9/BR5) -> 6.8579483e-11 | BY5: =SQRT(ABS(BS5))/BR5 -> 0.0027592695 | BZ5: =BC5^(2/3)*O5 -> 0.0052048608 | CA5: =L5/(Y5/1000*(Z5+AA5*N5)) -> 4.9465257e-10
A6: CsF | C6: 1 | D6: 64 | E6: 64 | F6: =D6*1.6726219E-27 -> 1.070478e-25 | G6: =E6*9.1093856E-31 -> 5.8300068e-29 | H6: =((F6*D6)/(G6*E6)) -> 1836.1523 | I6: =D6/E6 -> 1 | J6: =(F6)-(G6) -> 1.069895e-25 | K6: 58.44 | L6: =0.115*EXP(27000/(8.3144598*N6))/1000 -> 0.0034453112 | M6: =N6^-1 -> 0.001046956 | N6: 955.15 | O6: 4.57e-05 | P6: 0.000385 | Q6: =6.02214076E+23/O6 -> 1.3177551e+28 | R6: 1.67e-10 | S6: 1.33e-10 | T6: =S6+R6 -> 3e-10 | U6: =(( (O6/6.02214076E+23)^(1/3)) + (T6)) / 2 -> 3.6168582e-10 | W6: =S6/R6 -> 0.79640719 | X6: =T6*10000000000 -> 3 | Y6: 2196977.2 | Z6: 2732.9322 | AA6: -0.915 | AB6: 4.8985 | AC6: -0.000543 | AD6: 132.90545 | AE6: 18.998403 | AF6: =ABS(AE6-AD6) -> 113.90705 | AG6: =K6/BR6 -> 3.5157592 | AH6: 1 | AI6: 1 | AK6: =1+AH6/AI6 -> 2 | AL6: 0.36715 | AM6: =1/3*BL6*BC6*T6 -> 0.30142161 | AN6: =ABS((AL6-AM6)/AL6) -> 0.17902325 | AO6: =1/3*BL6*BC6*AW6 -> 0.28095437 | AS6: =AL6/(1/3*BC6*T6) -> 1975018.4 | AT6: =AL6/(1/3*BC6*AY6) -> 1621444.2 | AW6: 2.7962928e-10 | AY6: =AL6/(1/3*BL6*BC6) -> 3.6541839e-10 | AZ6: 2.7962928e-10 | BC6: =Z6+AA6*N6 -> 1858.97 | BG6: =AQ6/BH6 -> 0 | BH6: 74.1 | BI6: =1.380649E-23*Q6 -> 181935.72 | BJ6: =BI6*AK6 -> 363871.45 | BK6: =BL6/1000000 -> 1.6214442 | BL6: =BH6/O6 -> 1621444.2 | BO6: =BC6*BL6 -> 3.0142161e+09 | BP6: =BO6*0.0000000001 -> 0.30142161 | BQ6: =BO6*T6 -> 0.90426484 | BR6: 16.622299 | BS6: -0.0029196881 | BV6: =SQRT(1/BR6) -> 0.24527566 | BW6: 2.76e-10 | BX6: =T6*SQRT(0.9/BR6) -> 6.9806677e-11 | BY6: =SQRT(ABS(BS6))/BR6 -> 0.0032507018 | BZ6: =BC6^(2/3)*O6 -> 0.0069092534 | CA6: =L6/(Y6/1000*(Z6+AA6*N6)) -> 8.4358824e-10
A7: LiCl | B7: 3.67 | C7: 1 | D7: 20 | E7: 20 | F7: =D7*1.6726219E-27 -> 3.3452438e-26 | G7: =E7*9.1093856E-31 -> 1.8218771e-29 | H7: =((F7*D7)/(G7*E7)) -> 1836.1523 | I7: =D7/E7 -> 1 | J7: =(F7)-(G7) -> 3.3434219e-26 | K7: 42.394 | L7: =0.0726*EXP(22400/(8.3144598*N7))/1000 -> 0.0015609789 | M7: =N7^-1 -> 0.0011388225 | N7: 878.1 | O7: =K7/Y7 -> 2.8281521e-05 | P7: 0.000288 | Q7: =6.02214076E+23/O7 -> 2.1293553e+28 | R7: 7.6e-11 | S7: 1.81e-10 | T7: =S7+R7 -> 2.57e-10 | U7: =(( (O7/6.02214076E+23)^(1/3)) + (T7)) / 2 -> 3.0889339e-10 | V7: 2.37294 | W7: =S7/R7 -> 2.3815789 | X7: =T7*10000000000 -> 2.57 | Y7: 1499000 | Z7: 2787.9043 | AA7: -0.849 | AB7: 1.8842 | AC7: -0.0004328 | AD7: 6.941 | AE7: 35.45 | AF7: =ABS(AE7-AD7) -> 28.509 | AG7: =K7/BR7 -> 7.3036475 | AH7: 1 | AI7: 1 | AJ7: =AH7+AI7 -> 2 | AK7: =1+AH7/AI7 -> 2 | AL7: 0.6126 | AM7: =1/3*BL7*BC7*T7 -> 0.40225026 | AN7: =ABS((AL7-AM7)/AL7) -> 0.34337209 | AO7: =1/3*BL7*BC7*AW7 -> 0.37226977 | AP7: =1/3*BL7*BC7*AX7 -> 0.46741266 | AQ7: 0.40224439 | AR7: =(AL7-AQ7)/AL7 -> 0.34338166 | AS7: =AL7/(1/3*BC7*T7) -> 3501264 | AT7: =AL7/(1/3*BC7*AY7) -> 2299027.7 | AU7: 1.5651533e+09 | AV7: =AQ7/AU7 -> 2.57e-10 | AW7: 2.378453e-10 | AX7: 2.9863264e-10 | AY7: =AL7/(1/3*BL7*BC7) -> 3.9139366e-10 | AZ7: =AL7/AU7 -> 3.9139937e-10 | BA7: =(AZ7-AV7)/AV7 -> 0.52295473 | BB7: =AQ7/BC7 -> 0.00019694717 | BC7: =Z7+AA7*N7 -> 2042.3974 | BD7: 3500 | BE7: =AL7/BB7 -> 3110.4789 | BF7: =(BE7-BC7)/BC7 -> 0.52295473 | BG7: =AQ7/BH7 -> 0.0061864717 | BH7: 65.02 | BI7: =1.380649E-23*Q7 -> 293989.23 | BJ7: =BI7*AK7 -> 587978.46 | BK7: =BL7/1000000 -> 2.2990277 | BL7: =BH7/O7 -> 2299027.7 | BM7: =AL7/(BG7) -> 99.022517 | BN7: =(BM7-BH7)/BH7 -> 0.52295473 | BO7: =BC7*BL7 -> 4.6955283e+09 | BP7: =BO7*0.0000000001 -> 0.46955283 | BQ7: =BO7*T7 -> 1.2067508 | BR7: 5.804497 | BS7: -0.00044547221 | BT7: 0.88854851 | BU7: =SQRT(BT7/BR7) -> 0.39125354 | BV7: =SQRT(1/BR7) -> 0.41506652 | BW7: 2.36e-10 | BX7: =BW7*SQRT(BT7/BR7) -> 9.2335835e-11 | BY7: =SQRT(ABS(BS7))/BR7 -> 0.0036361829 | BZ7: =BC7^(2/3)*O7 -> 0.0045526361 | CA7: =L7/(Y7/1000*(Z7+AA7*N7)) -> 5.0986493e-10
A8: NaCl | B8: 3.94 | C8: 1 | D8: 28 | E8: 28 | F8: =D8*1.6726219E-27 -> 4.6833413e-26 | G8: =E8*9.1093856E-31 -> 2.550628e-29 | H8: =((F8*D8)/(G8*E8)) -> 1836.1523 | I8: =D8/E8 -> 1 | J8: =(F8)-(G8) -> 4.6807907e-26 | K8: 58.44 | L8: =0.0893*EXP(22000/(8.3144598*N8))/1000 -> 0.0010321391 | M8: =N8^-1 -> 0.00092494104 | N8: 1081.15 | O8: 3.765e-05 | P8: 0.00035 | Q8: =6.02214076E+23/O8 -> 1.5995062e+28 | R8: 1.02e-10 | S8: 1.81e-10 | T8: =S8+R8 -> 2.83e-10 | U8: =(( (O8/6.02214076E+23)^(1/3)) + (T8)) / 2 -> 3.3994555e-10 | V8: 2.65901 | W8: =S8/R8 -> 1.7745098 | X8: =T8*10000000000 -> 2.83 | Y8: 1560000 | Z8: 2732.9322 | AA8: -0.915 | AB8: 2.1393 | AC8: -0.000543 | AD8: 22.989769 | AE8: 35.45 | AF8: =ABS(AE8-AD8) -> 12.460231 | AG8: =K8/BR8 -> 4.1905192 | AH8: 1 | AI8: 1 | AJ8: =AH8+AI8 -> 2 | AK8: =1+AH8/AI8 -> 2 | AL8: 0.4665 | AM8: =1/3*BL8*BC8*T8 -> 0.30415923 | AN8: =ABS((AL8-AM8)/AL8) -> 0.34799736 | AO8: =1/3*BL8*BC8*AW8 -> 0.28617344 | AP8: =1/3*BL8*BC8*AX8 -> 0.34614447 | AQ8: 0.30612615 | AR8: =(AL8-AQ8)/AL8 -> 0.34378102 | AS8: =AL8/(1/3*BC8*T8) -> 2836087.9 | AT8: =AL8/(1/3*BC8*AY8) -> 1849136.8 | AU8: 1.0817179e+09 | AV8: =AQ8/AU8 -> 2.83e-10 | AW8: 2.6626541e-10 | AX8: 3.2206448e-10 | AY8: =AL8/(1/3*BL8*BC8) -> 4.3404732e-10 | AZ8: =AL8/AU8 -> 4.3125848e-10 | BA8: =(AZ8-AV8)/AV8 -> 0.52388156 | BB8: =AQ8/BC8 -> 0.00017556326 | BC8: =Z8+AA8*N8 -> 1743.68 | BD8: 2720 | BE8: =AL8/BB8 -> 2657.1618 | BF8: =(BE8-BC8)/BC8 -> 0.52388156 | BG8: =AQ8/BH8 -> 0.0043971007 | BH8: 69.62 | BI8: =1.380649E-23*Q8 -> 220835.66 | BJ8: =BI8*AK8 -> 441671.32 | BK8: =BL8/1000000 -> 1.8491368 | BL8: =BH8/O8 -> 1849136.8 | BM8: =AL8/(BG8) -> 106.09263 | BN8: =(BM8-BH8)/BH8 -> 0.52388156 | BO8: =BC8*BL8 -> 3.2243028e+09 | BP8: =BO8*0.0000000001 -> 0.32243028 | BQ8: =BO8*T8 -> 0.9124777 | BR8: 13.945766 | BS8: -0.0023782148 | BT8: 0.89095701 | BU8: =SQRT(BT8/BR8) -> 0.25275933 | BV8: =SQRT(1/BR8) -> 0.26778042 | BW8: 2.64e-10 | BX8: =BW8*SQRT(BT8/BR8) -> 6.6728462e-11 | BY8: =SQRT(ABS(BS8))/BR8 -> 0.0034968996 | BZ8: =BC8^(2/3)*O8 -> 0.0054543479 | CA8: =L8/(Y8/1000*(Z8+AA8*N8)) -> 3.7944326e-10
A9: KCl | B9: 3.34 | C9: 1 | D9: 36 | E9: 36 | F9: =D9*1.6726219E-27 -> 6.0214388e-26 | G9: =E9*9.1093856E-31 -> 3.2793788e-29 | H9: =((F9*D9)/(G9*E9)) -> 1836.1523 | I9: =D9/E9 -> 1 | J9: =(F9)-(G9) -> 6.0181595e-26 | K9: 74.5513 | L9: =0.0708*EXP(23900/(8.3144598*N9))/1000 -> 0.0011078669 | M9: =N9^-1 -> 0.00095680046 | N9: 1045.15 | O9: 4.884e-05 | P9: 0.000382 | Q9: =6.02214076E+23/O9 -> 1.2330346e+28 | R9: 1.38e-10 | S9: 1.81e-10 | T9: =S9+R9 -> 3.19e-10 | U9: =(( (O9/6.02214076E+23)^(1/3)) + (T9)) / 2 -> 3.7592707e-10 | V9: 2.98522 | W9: =S9/R9 -> 1.3115942 | X9: =T9*10000000000 -> 3.19 | Y9: 1530000 | Z9: 2514.8257 | AA9: -0.878 | AB9: 2.1359 | AC9: -0.0005831 | AD9: 39.0983 | AE9: 35.45 | AF9: =ABS(AE9-AD9) -> 3.6483 | AG9: =K9/BR9 -> 4.0097644 | AH9: 1 | AI9: 1 | AJ9: =AH9+AI9 -> 2 | AK9: =1+AH9/AI9 -> 2 | AL9: 0.35505 | AM9: =1/3*BL9*BC9*T9 -> 0.25593315 | AN9: =ABS((AL9-AM9)/AL9) -> 0.27916308 | AO9: =1/3*BL9*BC9*AW9 -> 0.23977579 | AP9: =1/3*BL9*BC9*AX9 -> 0.2878106 | AQ9: 0.25652334 | AR9: =(AL9-AQ9)/AL9 -> 0.2775008 | AS9: =AL9/(1/3*BC9*T9) -> 2090572 | AT9: =AL9/(1/3*BC9*AY9) -> 1506961.5 | AU9: 8.041484e+08 | AV9: =AQ9/AU9 -> 3.19e-10 | AW9: 2.9886116e-10 | AX9: 3.5873267e-10 | AY9: =AL9/(1/3*BL9*BC9) -> 4.4254115e-10 | AZ9: =AL9/AU9 -> 4.4152298e-10 | BA9: =(AZ9-AV9)/AV9 -> 0.38408459 | BB9: =AQ9/BC9 -> 0.00016060976 | BC9: =Z9+AA9*N9 -> 1597.184 | BD9: 2360 | BE9: =AL9/BB9 -> 2210.6378 | BF9: =(BE9-BC9)/BC9 -> 0.38408459 | BG9: =AQ9/BH9 -> 0.0034853715 | BH9: 73.6 | BI9: =1.380649E-23*Q9 -> 170238.79 | BJ9: =BI9*AK9 -> 340477.58 | BK9: =BL9/1000000 -> 1.5069615 | BL9: =BH9/O9 -> 1506961.5 | BM9: =AL9/(BG9) -> 101.86863 | BN9: =(BM9-BH9)/BH9 -> 0.38408459 | BO9: =BC9*BL9 -> 2.4068948e+09 | BP9: =BO9*0.0000000001 -> 0.24068948 | BQ9: =BO9*T9 -> 0.76779944 | BR9: 18.592439 | BS9: -0.0036120436 | BT9: 0.8909863 | BU9: =SQRT(BT9/BR9) -> 0.21891087 | BV9: =SQRT(1/BR9) -> 0.23191659 | BW9: 2.96e-10 | BX9: =BW9*SQRT(BT9/BR9) -> 6.4797618e-11 | BY9: =SQRT(ABS(BS9))/BR9 -> 0.0032325119 | BZ9: =BC9^(2/3)*O9 -> 0.0066733764 | CA9: =L9/(Y9/1000*(Z9+AA9*N9)) -> 4.5335792e-10
A10: BeF2 | B10: 0.52 | C10: 1 | D10: 13 | E10: 12 | F10: =D10*1.6726219E-27 -> 2.1744085e-26 | G10: =E10*9.1093856E-31 -> 1.0931263e-29 | H10: =((F10*D10)/(G10*E10)) -> 2154.9287 | I10: =D10/E10 -> 1.0833333 | J10: =(F10)-(G10) -> 2.1733153e-26 | K10: 47.01 | L10: =10^(-8.12+11500/N10+639000/N10^2)/1000 -> 1.5280163 | M10: =N10^-1 -> 0.00093444844 | N10: 1070.15 | O10: 2.4e-05 | P10: 7.42e-06 | Q10: =6.02214076E+23/O10 -> 2.5092253e+28 | R10: 3.4e-11 | S10: 1.33e-10 | T10: =S10+R10 -> 1.67e-10 | U10: =(( (O10/6.02214076E+23)^(1/3)) + (T10)) / 2 -> 2.5428778e-10 | W10: =S10/R10 -> 3.9117647 | X10: =T10*10000000000 -> 1.67 | Y10: 1960000 | Z10: 2547.8 | AA10: 0 | AB10: 1.972 | AC10: -1.45e-05 | AD10: 9.012183 | AE10: 18.998403 | AF10: =ABS(AE10-AD10) -> 9.98622 | AG10: =K10/BR10 -> 7.6906906 | AH10: 1 | AI10: 2 | AJ10: =AH10+AI10 -> 3 | AK10: =1+AH10/AI10 -> 1.5 | AL10: 0.79925906 | AM10: =1/3*BL10*BC10*T10 -> 0.51944334 | AN10: =ABS((AL10-AM10)/AL10) -> 0.35009389 | AQ10: 0.51979939 | AR10: =(AL10-AQ10)/AL10 -> 0.34964842 | AS10: =AL10/(1/3*BC10*T10) -> 5635429.4 | AT10: =AL10/(1/3*BC10*AY10) -> 3662500 | AU10: 3.1125712e+09 | AV10: =AQ10/AU10 -> 1.67e-10 | AY10: =AL10/(1/3*BL10*BC10) -> 2.569602e-10 | AZ10: =AL10/AU10 -> 2.5678419e-10 | BA10: =(AZ10-AV10)/AV10 -> 0.53762986 | BB10: =AQ10/BC10 -> 0.00020401891 | BC10: =Z10+AA10*N10 -> 2547.8 | BE10: =AL10/BB10 -> 3917.5733 | BF10: =(BE10-BC10)/BC10 -> 0.53762986 | BG10: =AQ10/BH10 -> 0.0059135311 | BH10: 87.9 | BI10: =1.380649E-23*Q10 -> 346435.94 | BJ10: =BI10*AK10 -> 519653.91 | BK10: =BL10/1000000 -> 3.6625 | BL10: =BH10/O10 -> 3662500 | BM10: =AL10/(BG10) -> 135.15766 | BN10: =(BM10-BH10)/BH10 -> 0.53762986 | BO10: =BC10*BL10 -> 9331317500 | BP10: =BO10*0.0000000001 -> 0.93313175 | BQ10: =BO10*T10 -> 1.55833 | BR10: 6.112585 | BS10: -4.1051313e-06 | BV10: =SQRT(1/BR10) -> 0.40447114 | BX10: =T10*SQRT(0.9/BR10) -> 6.4080408e-11 | BY10: =SQRT(ABS(BS10))/BR10 -> 0.00033146571 | BZ10: =BC10^(2/3)*O10 -> 0.0044770107
A11: MgF2 | B11: 0.02 | C11: 1 | D11: 21 | E11: 20 | F11: =D11*1.6726219E-27 -> 3.512506e-26 | G11: =E11*9.1093856E-31 -> 1.8218771e-29 | H11: =((F11*D11)/(G11*E11)) -> 2024.3579 | I11: =D11/E11 -> 1.05 | J11: =(F11)-(G11) -> 3.5106841e-26 | K11: 62.3018 | L11: =0.187*EXP(32100/(8.3144598*N11))/1000 -> 0.002315921 | M11: =N11^-1 -> 0.0006518055 | N11: 1534.2 | O11: =K11/Y11 -> 2.557462e-05 | P11: 0.000216 | Q11: =6.02214076E+23/O11 -> 2.3547332e+28 | R11: 7.2e-11 | S11: 1.33e-10 | T11: =S11+R11 -> 2.05e-10 | U11: =(( (O11/6.02214076E+23)^(1/3)) + (T11)) / 2 -> 2.7694403e-10 | W11: =S11/R11 -> 1.8472222 | X11: =T11*10000000000 -> 2.05 | Y11: =(AB11+N11*AC11)*1000000 -> 2436079.2 | Z11: 2175.6 | AA11: 0 | AB11: 3.24 | AC11: -0.000524 | AD11: 24.305 | AE11: 18.998403 | AF11: =ABS(AE11-AD11) -> 5.306597 | AG11: =K11/BR11 -> 5.8426504 | AH11: 1 | AI11: 2 | AJ11: =AH11+AI11 -> 3 | AK11: =1+AH11/AI11 -> 1.5 | AL11: 0.6506778 | AM11: =1/3*BL11*BC11*T11 -> 0.55165642 | AN11: =ABS((AL11-AM11)/AL11) -> 0.15218189 | AQ11: 0.55165642 | AR11: =(AL11-AQ11)/AL11 -> 0.15218189 | AS11: =AL11/(1/3*BC11*T11) -> 4376776.1 | AT11: =AL11/(1/3*BC11*AY11) -> 3710710.1 | AU11: 2.6910069e+09 | AV11: =AQ11/AU11 -> 2.05e-10 | AY11: =AL11/(1/3*BL11*BC11) -> 2.4179715e-10 | AZ11: =AL11/AU11 -> 2.4179715e-10 | BA11: =(AZ11-AV11)/AV11 -> 0.17949828 | BB11: =AQ11/BC11 -> 0.00025356519 | BC11: =Z11+AA11*N11 -> 2175.6 | BE11: =AL11/BB11 -> 2566.1165 | BF11: =(BE11-BC11)/BC11 -> 0.17949828 | BG11: =AQ11/BH11 -> 0.0058130287 | BH11: 94.9 | BI11: =1.380649E-23*Q11 -> 325106.01 | BJ11: =BI11*AK11 -> 487659.01 | BK11: =BL11/1000000 -> 3.7107101 | BL11: =BH11/O11 -> 3710710.1 | BM11: =AL11/(BG11) -> 111.93439 | BN11: =(BM11-BH11)/BH11 -> 0.17949828 | BO11: =BC11*BL11 -> 8.0730208e+09 | BP11: =BO11*0.0000000001 -> 0.80730208 | BQ11: =BO11*T11 -> 1.6549693 | BR11: 10.663277 | BS11: -4.942153e-05 | BV11: =SQRT(1/BR11) -> 0.30623488 | BX11: =T11*SQRT(0.9/BR11) -> 5.9556583e-11 | BY11: =SQRT(ABS(BS11))/BR11 -> 0.00065927621 | BZ11: =BC11^(2/3)*O11 -> 0.0042939985 | CA11: =L11/(Y11/1000*(Z11+AA11*N11)) -> 4.3697168e-10
A12: CaF2 | B12: 0.12 | C12: 1 | D12: 29 | E12: 28 | F12: =D12*1.6726219E-27 -> 4.8506035e-26 | G12: =E12*9.1093856E-31 -> 2.550628e-29 | H12: =((F12*D12)/(G12*E12)) -> 1969.648 | I12: =D12/E12 -> 1.0357143 | J12: =(F12)-(G12) -> 4.8480529e-26 | K12: 78.0748 | L12: =0.1*EXP(47600/(8.3144598*N12))/1000 -> 0.0029475213 | M12: =N12^-1 -> 0.00059101655 | N12: 1692 | O12: =K12/Y12 -> 3.1001402e-05 | P12: 0.000155 | Q12: =6.02214076E+23/O12 -> 1.9425382e+28 | R12: 1e-10 | S12: 1.33e-10 | T12: =S12+R12 -> 2.33e-10 | U12: =(( (O12/6.02214076E+23)^(1/3)) + (T12)) / 2 -> 3.0250023e-10 | W12: =S12/R12 -> 1.33 | X12: =T12*10000000000 -> 2.33 | Y12: =(AB12+N12*AC12)*1000000 -> 2518428 | Z12: 1710.3 | AA12: 0 | AB12: 3.18 | AC12: -0.000391 | AD12: 40.078 | AE12: 18.998403 | AF12: =ABS(AE12-AD12) -> 21.079597 | AG12: =K12/BR12 -> 6.0576168 | AH12: 1 | AI12: 2 | AJ12: =AH12+AI12 -> 3 | AK12: =1+AH12/AI12 -> 1.5 | AL12: 0.5648032 | AM12: =1/3*BL12*BC12*T12 -> 0.42810664 | AN12: =ABS((AL12-AM12)/AL12) -> 0.24202511 | AQ12: 0.42810664 | AR12: =(AL12-AQ12)/AL12 -> 0.24202511 | AS12: =AL12/(1/3*BC12*T12) -> 4251970 | AT12: =AL12/(1/3*BC12*AY12) -> 3222886.5 | AU12: 1.8373676e+09 | AV12: =AQ12/AU12 -> 2.33e-10 | AY12: =AL12/(1/3*BL12*BC12) -> 3.0739805e-10 | AZ12: =AL12/AU12 -> 3.0739805e-10 | BA12: =(AZ12-AV12)/AV12 -> 0.31930492 | BB12: =AQ12/BC12 -> 0.00025031085 | BC12: =Z12+AA12*N12 -> 1710.3 | BE12: =AL12/BB12 -> 2256.4072 | BF12: =(BE12-BC12)/BC12 -> 0.31930492 | BG12: =AQ12/BH12 -> 0.0042847513 | BH12: 99.914 | BI12: =1.380649E-23*Q12 -> 268196.34 | BJ12: =BI12*AK12 -> 402294.51 | BK12: =BL12/1000000 -> 3.2228865 | BL12: =BH12/O12 -> 3222886.5 | BM12: =AL12/(BG12) -> 131.81703 | BN12: =(BM12-BH12)/BH12 -> 0.31930492 | BO12: =BC12*BL12 -> 5.5121027e+09 | BP12: =BO12*0.0000000001 -> 0.55121027 | BQ12: =BO12*T12 -> 1.2843199 | BR12: 12.888699 | BS12: -0.00020540721 | BV12: =SQRT(1/BR12) -> 0.27854506 | BX12: =T12*SQRT(0.9/BR12) -> 6.1570494e-11 | BY12: =SQRT(ABS(BS12))/BR12 -> 0.0011119846 | BZ12: =BC12^(2/3)*O12 -> 0.004433665 | CA12: =L12/(Y12/1000*(Z12+AA12*N12)) -> 6.8431351e-10
A13: SrF2 | C13: 1 | D13: 47 | E13: 46 | F13: =D13*1.6726219E-27 -> 7.8613229e-26 | G13: =E13*9.1093856E-31 -> 4.1903174e-29 | H13: =((F13*D13)/(G13*E13)) -> 1916.8527 | I13: =D13/E13 -> 1.0217391 | J13: =(F13)-(G13) -> 7.8571326e-26 | K13: 125.6168 | L13: =0.0703*EXP(54500/(8.3144598*N13))/1000 -> 0.0030018345 | M13: =N13^-1 -> 0.00057273769 | N13: 1746 | O13: =K13/Y13 -> 3.621381e-05 | P13: 0.000213 | Q13: =6.02214076E+23/O13 -> 1.6629404e+28 | R13: 1.18e-10 | S13: 1.33e-10 | T13: =S13+R13 -> 2.51e-10 | U13: =(( (O13/6.02214076E+23)^(1/3)) + (T13)) / 2 -> 3.2138948e-10 | W13: =S13/R13 -> 1.1271186 | X13: =T13*10000000000 -> 2.51 | Y13: =(AB13+N13*AC13)*1000000 -> 3468754 | Z13: 1398.6 | AA13: 0 | AB13: 4.78 | AC13: -0.000751 | AD13: 87.62 | AE13: 18.998403 | AF13: =ABS(AE13-AD13) -> 68.621597 | AG13: =K13/BR13 -> 8.0456208 | AH13: 1 | AI13: 2 | AJ13: =AH13+AI13 -> 3 | AK13: =1+AH13/AI13 -> 1.5 | AL13: 0.390415 | AM13: =1/3*BL13*BC13*T13 -> 0.31989464 | AN13: =ABS((AL13-AM13)/AL13) -> 0.18062923 | AQ13: 0.31989464 | AR13: =(AL13-AQ13)/AL13 -> 0.18062923 | AS13: =AL13/(1/3*BC13*T13) -> 3336418.4 | AT13: =AL13/(1/3*BC13*AY13) -> 2733763.7 | AU13: 1.2744806e+09 | AV13: =AQ13/AU13 -> 2.51e-10 | AY13: =AL13/(1/3*BL13*BC13) -> 3.0633263e-10 | AZ13: =AL13/AU13 -> 3.0633263e-10 | BA13: =(AZ13-AV13)/AV13 -> 0.22044872 | BB13: =AQ13/BC13 -> 0.00022872489 | BC13: =Z13+AA13*N13 -> 1398.6 | BE13: =AL13/BB13 -> 1706.9196 | BF13: =(BE13-BC13)/BC13 -> 0.22044872 | BG13: =AQ13/BH13 -> 0.003231259 | BH13: 99 | BI13: =1.380649E-23*Q13 -> 229593.7 | BJ13: =BI13*AK13 -> 344390.54 | BK13: =BL13/1000000 -> 2.7337637 | BL13: =BH13/O13 -> 2733763.7 | BM13: =AL13/(BG13) -> 120.82442 | BN13: =(BM13-BH13)/BH13 -> 0.22044872 | BO13: =BC13*BL13 -> 3.8234419e+09 | BP13: =BO13*0.0000000001 -> 0.38234419 | BQ13: =BO13*T13 -> 0.95968391 | BR13: 15.613065 | BS13: -0.00046321913 | BV13: =SQRT(1/BR13) -> 0.25307889 | BX13: =T13*SQRT(0.9/BR13) -> 6.026302e-11 | BY13: =SQRT(ABS(BS13))/BR13 -> 0.0013784946 | BZ13: =BC13^(2/3)*O13 -> 0.0045290096 | CA13: =L13/(Y13/1000*(Z13+AA13*N13)) -> 6.1875642e-10
A14: MgCl2 | B14: 0.8 | C14: 1 | D14: 29 | E14: 28 | F14: =D14*1.6726219E-27 -> 4.8506035e-26 | G14: =E14*9.1093856E-31 -> 2.550628e-29 | H14: =((F14*D14)/(G14*E14)) -> 1969.648 | I14: =D14/E14 -> 1.0357143 | J14: =(F14)-(G14) -> 4.8480529e-26 | K14: 95.211 | L14: =0.18*EXP(20500/(8.3144598*N14))/1000 -> 0.0021885965 | M14: =N14^-1 -> 0.0010131712 | N14: 987 | O14: =K14/Y14 -> 5.6510276e-05 | P14: 0.00018 | Q14: =6.02214076E+23/O14 -> 1.0656718e+28 | R14: 7.2e-11 | S14: 1.81e-10 | T14: =S14+R14 -> 2.53e-10 | U14: =(( (O14/6.02214076E+23)^(1/3)) + (T14)) / 2 -> 3.5371074e-10 | V14: 2.36 | W14: =S14/R14 -> 2.5138889 | X14: =T14*10000000000 -> 2.53 | Y14: =(AB14+N14*AC14)*1000000 -> 1684844 | Z14: 2101 | AA14: 0 | AB14: 1.9691 | AC14: -0.000288 | AD14: 24.305 | AE14: 35.45 | AF14: =ABS(AE14-AD14) -> 11.145 | AG14: =K14/BR14 -> 6.6031249 | AH14: 1 | AI14: 2 | AJ14: =AH14+AI14 -> 3 | AK14: =1+AH14/AI14 -> 1.5 | AL14: 0.4568 | AM14: =1/3*BL14*BC14*T14 -> 0.28861058 | AN14: =ABS((AL14-AM14)/AL14) -> 0.3681905 | AO14: =1/3*BL14*BC14*AW14 -> 0.26994066 | AP14: =1/3*BL14*BC14*AX14 -> 0.33370075 | AQ14: 0.28861058 | AR14: =(AL14-AQ14)/AL14 -> 0.3681905 | AS14: =AL14/(1/3*BC14*T14) -> 2578106 | AT14: =AL14/(1/3*BC14*AY14) -> 1628871.9 | AU14: 1.1407533e+09 | AV14: =AQ14/AU14 -> 2.53e-10 | AW14: 2.3663369e-10 | AX14: 2.9252667e-10 | AY14: =AL14/(1/3*BL14*BC14) -> 4.0043716e-10 | AZ14: =AL14/AU14 -> 4.0043716e-10 | BA14: =(AZ14-AV14)/AV14 -> 0.58275557 | BB14: =AQ14/BC14 -> 0.0001373682 | BC14: =Z14+AA14*N14 -> 2101 | BD14: 3400 | BE14: =AL14/BB14 -> 3325.3695 | BF14: =(BE14-BC14)/BC14 -> 0.58275557 | BG14: =AQ14/BH14 -> 0.0031354356 | BH14: 92.048 | BI14: =1.380649E-23*Q14 -> 147131.87 | BJ14: =BI14*AK14 -> 220697.8 | BK14: =BL14/1000000 -> 1.6288719 | BL14: =BH14/O14 -> 1628871.9 | BM14: =AL14/(BG14) -> 145.68948 | BN14: =(BM14-BH14)/BH14 -> 0.58275557 | BO14: =BC14*BL14 -> 3.4222598e+09 | BP14: =BO14*0.0000000001 -> 0.34222598 | BQ14: =BO14*T14 -> 0.86583173 | BR14: 14.419082 | BS14: -0.00017252442 | BT14: 0.94057284 | BU14: =SQRT(BT14/BR14) -> 0.25540383 | BV14: =SQRT(1/BR14) -> 0.26334871 | BW14: 2.36e-10 | BX14: =BW14*SQRT(BT14/BR14) -> 6.0275304e-11 | BY14: =SQRT(ABS(BS14))/BR14 -> 0.0009109356 | BZ14: =BC14^(2/3)*O14 -> 0.0092699658 | CA14: =L14/(Y14/1000*(Z14+AA14*N14)) -> 6.1827252e-10
A15: CaCl2 | B15: 2.5 | C15: 1 | D15: 37 | E15: 36 | F15: =D15*1.6726219E-27 -> 6.188701e-26 | G15: =E15*9.1093856E-31 -> 3.2793788e-29 | H15: =((F15*D15)/(G15*E15)) -> 1939.5775 | I15: =D15/E15 -> 1.0277778 | J15: =(F15)-(G15) -> 6.1854217e-26 | K15: 110.984 | L15: =10^(-0.545+597/N15+546000/N15^2)/1000 -> 0.0033595447 | M15: =N15^-1 -> 0.0009569378 | N15: 1045 | O15: =K15/Y15 -> 5.3154148e-05 | P15: 0.000203 | Q15: =6.02214076E+23/O15 -> 1.1329578e+28 | R15: 1e-10 | S15: 1.81e-10 | T15: =S15+R15 -> 2.81e-10 | U15: =(( (O15/6.02214076E+23)^(1/3)) + (T15)) / 2 -> 3.6312064e-10 | V15: 2.70336 | W15: =S15/R15 -> 1.81 | X15: =T15*10000000000 -> 2.81 | Y15: =(AB15+N15*AC15)*1000000 -> 2087965 | Z15: 2065.03 | AA15: 0 | AB15: 2.53 | AC15: -0.000423 | AD15: 40.078 | AE15: 35.45 | AF15: =ABS(AE15-AD15) -> 4.628 | AG15: =K15/BR15 -> 5.8999195 | AH15: 1 | AI15: 2 | AK15: =1+AH15/AI15 -> 1.5 | AL15: 0.44125 | AM15: =1/3*BL15*BC15*T15 -> 0.3731109 | AN15: =ABS((AL15-AM15)/AL15) -> 0.15442289 | AO15: =1/3*BL15*BC15*AW15 -> 0.3702431 | AP15: =1/3*BL15*BC15*AX15 -> 0.400395 | AS15: =AL15/(1/3*BC15*T15) -> 2281252.1 | AT15: =AL15/(1/3*BC15*AY15) -> 1928974.6 | AW15: 2.7884018e-10 | AX15: 3.015484e-10 | AY15: =AL15/(1/3*BL15*BC15) -> 3.3231742e-10 | BC15: =Z15+AA15*N15 -> 2065.03 | BD15: 2200 | BG15: =AQ15/BH15 -> 0 | BH15: 102.533 | BI15: =1.380649E-23*Q15 -> 156421.71 | BJ15: =BI15*AK15 -> 234632.56 | BK15: =BL15/1000000 -> 1.9289746 | BL15: =BH15/O15 -> 1928974.6 | BO15: =BC15*BL15 -> 3.9833904e+09 | BP15: =BO15*0.0000000001 -> 0.39833904 | BQ15: =BO15*T15 -> 1.1193327 | BR15: 18.811104 | BS15: -0.00016920232 | BT15: 0.99389548 | BU15: =SQRT(BT15/BR15) -> 0.2298599 | BV15: =SQRT(1/BR15) -> 0.23056472 | BW15: 2.78e-10 | BX15: =BW15*SQRT(BT15/BR15) -> 6.3901053e-11 | BY15: =SQRT(ABS(BS15))/BR15 -> 0.00069149472 | BZ15: =BC15^(2/3)*O15 -> 0.008619619 | CA15: =L15/(Y15/1000*(Z15+AA15*N15)) -> 7.7916752e-10
A16: SrCl2 | C16: 1 | D16: 55 | E16: 54 | F16: =D16*1.6726219E-27 -> 9.1994204e-26 | G16: =E16*9.1093856E-31 -> 4.9190682e-29 | H16: =((F16*D16)/(G16*E16)) -> 1904.7876 | I16: =D16/E16 -> 1.0185185 | J16: =(F16)-(G16) -> 9.1945014e-26 | K16: 158.526 | L16: =10^(-0.439+398/N16+879000/N16^2)/1000 -> 0.0037808819 | M16: =N16^-1 -> 0.00087260035 | N16: 1146 | O16: =K16/Y16 -> 5.811897e-05 | P16: 0.000212 | Q16: =6.02214076E+23/O16 -> 1.0361747e+28 | R16: 1.18e-10 | S16: 1.81e-10 | T16: =S16+R16 -> 2.99e-10 | U16: =(( (O16/6.02214076E+23)^(1/3)) + (T16)) / 2 -> 3.7884662e-10 | V16: 2.9 | W16: =S16/R16 -> 1.5338983 | X16: =T16*10000000000 -> 2.99 | Y16: =(AB16+N16*AC16)*1000000 -> 2727612 | Z16: 1873.13 | AA16: 0 | AB16: 3.39 | AC16: -0.000578 | AD16: 87.62 | AE16: 35.45 | AF16: =ABS(AE16-AD16) -> 52.17 | AG16: =K16/BR16 -> 6.2810639 | AH16: 1 | AI16: 2 | AJ16: =AH16+AI16 -> 3 | AK16: =1+AH16/AI16 -> 1.5 | AL16: 0.37705 | AM16: =1/3*BL16*BC16*T16 -> 0.33599408 | AN16: =ABS((AL16-AM16)/AL16) -> 0.1088872 | AO16: =1/3*BL16*BC16*AW16 -> 0.32666099 | AP16: =1/3*BL16*BC16*AX16 -> 0.36759448 | AQ16: 0.33599408 | AR16: =(AL16-AQ16)/AL16 -> 0.1088872 | AS16: =AL16/(1/3*BC16*T16) -> 2019673.2 | AT16: =AL16/(1/3*BC16*AY16) -> 1799756.6 | AU16: 1.123726e+09 | AV16: =AQ16/AU16 -> 2.99e-10 | AW16: 2.9069451e-10 | AX16: 3.2712108e-10 | AY16: =AL16/(1/3*BL16*BC16) -> 3.3553552e-10 | AZ16: =AL16/AU16 -> 3.3553552e-10 | BA16: =(AZ16-AV16)/AV16 -> 0.12219238 | BB16: =AQ16/BC16 -> 0.00017937574 | BC16: =Z16+AA16*N16 -> 1873.13 | BE16: =AL16/BB16 -> 2102.0122 | BF16: =(BE16-BC16)/BC16 -> 0.12219238 | BG16: =AQ16/BH16 -> 0.0032121805 | BH16: 104.6 | BI16: =1.380649E-23*Q16 -> 143059.36 | BJ16: =BI16*AK16 -> 214589.04 | BK16: =BL16/1000000 -> 1.7997566 | BL16: =BH16/O16 -> 1799756.6 | BM16: =AL16/(BG16) -> 117.38132 | BN16: =(BM16-BH16)/BH16 -> 0.12219238 | BO16: =BC16*BL16 -> 3.3711781e+09 | BP16: =BO16*0.0000000001 -> 0.33711781 | BQ16: =BO16*T16 -> 1.0079822 | BR16: 25.238718 | BS16: -0.00038382394 | BT16: 0.9081546 | BU16: =SQRT(BT16/BR16) -> 0.18969079 | BV16: =SQRT(1/BR16) -> 0.19905191 | BW16: 2.9e-10 | BX16: =BW16*SQRT(BT16/BR16) -> 5.501033e-11 | BY16: =SQRT(ABS(BS16))/BR16 -> 0.00077624486 | BZ16: =BC16^(2/3)*O16 -> 0.0088314061 | CA16: =L16/(Y16/1000*(Z16+AA16*N16)) -> 7.4001854e-10
A17: NaNO3 | B17: 0.3 | C17: 1 | D17: 26 | E17: 25 | F17: =D17*1.6726219E-27 -> 4.3488169e-26 | G17: =E17*9.1093856E-31 -> 2.2773464e-29 | H17: =((F17*D17)/(G17*E17)) -> 1985.9823 | I17: =D17/E17 -> 1.04 | J17: =(F17)-(G17) -> 4.3465396e-26 | K17: 84.99 | M17: =N17^-1 -> 0.0017148247 | N17: 583.15 | O17: 4.467e-05 | P17: 0.000376 | Q17: =6.02214076E+23/O17 -> 1.3481399e+28 | R17: 1.02e-10 | S17: 2.31e-10 | T17: =S17+R17 -> 3.33e-10 | U17: =(( (O17/6.02214076E+23)^(1/3)) + (T17)) / 2 -> 3.7658338e-10 | W17: =S17/R17 -> 2.2647059 | X17: =T17*10000000000 -> 3.33 | Y17: =(AB17+N17*AC17)*1000000 -> 1886915.5 | Z17: 2490.4882 | AA17: -1.155 | AB17: 2.3339 | AC17: -0.0007665 | AD17: 22.989769 | AE17: 62.0037 | AF17: =ABS(AE17-AD17) -> 39.013931 | AG17: =K17/BR17 -> 5.06758 | AH17: 1 | AI17: 4 | AJ17: =AH17+AI17 -> 5 | AK17: =1+AH17/AI17 -> 1.25 | AL17: 0.51225 | AM17: =1/3*BL17*BC17*T17 -> 0.70252146 | AN17: =ABS((AL17-AM17)/AL17) -> 0.37144258 | AO17: =1/3*BL17*BC17*AW17 -> 0.43236429 | AQ17: 0.6982846 | AR17: =(AL17-AQ17)/AL17 -> -0.36317149 | AS17: =AL17/(1/3*BC17*T17) -> 2539896.5 | AT17: =AL17/(1/3*BC17*AY17) -> 3483322.1 | AU17: 2.0969507e+09 | AV17: =AQ17/AU17 -> 3.33e-10 | AW17: 2.0494365e-10 | AY17: =AL17/(1/3*BL17*BC17) -> 2.4281002e-10 | AZ17: =AL17/AU17 -> 2.4428328e-10 | BA17: =(AZ17-AV17)/AV17 -> -0.26641658 | BB17: =AQ17/BC17 -> 0.0003843169 | BC17: =Z17+AA17*N17 -> 1816.95 | BE17: =AL17/BB17 -> 1332.8844 | BF17: =(BE17-BC17)/BC17 -> -0.26641658 | BG17: =AQ17/BH17 -> 0.0044876902 | BH17: 155.6 | BI17: =1.380649E-23*Q17 -> 186130.8 | BJ17: =BI17*AK17 -> 232663.49 | BK17: =BL17/1000000 -> 3.4833221 | BL17: =BH17/O17 -> 3483322.1 | BM17: =AL17/(BG17) -> 114.14558 | BN17: =(BM17-BH17)/BH17 -> -0.26641658 | BO17: =BC17*BL17 -> 6.3290222e+09 | BP17: =BO17*0.0000000001 -> 0.63290222 | BQ17: =BO17*T17 -> 2.1075644 | BR17: 16.771319 | BS17: -0.0062307897 | BV17: =SQRT(1/BR17) -> 0.24418354 | BX17: =T17*SQRT(0.9/BR17) -> 7.7140399e-11 | BY17: =SQRT(ABS(BS17))/BR17 -> 0.0047065679 | BZ17: =BC17^(2/3)*O17 -> 0.0066513725
A18: KNO3 | B18: 0.2 | C18: 1 | D18: 34 | E18: 33 | F18: =D18*1.6726219E-27 -> 5.6869145e-26 | G18: =E18*9.1093856E-31 -> 3.0060972e-29 | H18: =((F18*D18)/(G18*E18)) -> 1949.1203 | I18: =D18/E18 -> 1.030303 | J18: =(F18)-(G18) -> 5.6839084e-26 | K18: 101.1 | M18: =N18^-1 -> 0.0016389412 | N18: 610.15 | O18: 5.406e-05 | P18: 0.00039 | Q18: =6.02214076E+23/O18 -> 1.1139735e+28 | R18: 1.38e-10 | S18: 2.31e-10 | T18: =S18+R18 -> 3.69e-10 | U18: =(( (O18/6.02214076E+23)^(1/3)) + (T18)) / 2 -> 4.0837815e-10 | W18: =S18/R18 -> 1.673913 | X18: =T18*10000000000 -> 3.69 | Y18: =(AB18+N18*AC18)*1000000 -> 1870200.6 | Z18: 2449.928 | AA18: -1.12 | AB18: 2.315 | AC18: -0.000729 | AD18: 39.0983 | AE18: 62.0037 | AF18: =ABS(AE18-AD18) -> 22.9054 | AG18: =K18/BR18 -> 4.2163302 | AH18: 1 | AI18: 4 | AJ18: =AH18+AI18 -> 5 | AK18: =1+AH18/AI18 -> 1.25 | AL18: 0.4092 | AM18: =1/3*BL18*BC18*T18 -> 0.56673049 | AN18: =ABS((AL18-AM18)/AL18) -> 0.38497186 | AQ18: 0.53083305 | AR18: =(AL18-AQ18)/AL18 -> -0.29724596 | AS18: =AL18/(1/3*BC18*T18) -> 1883224.6 | AT18: =AL18/(1/3*BC18*AY18) -> 2608213.1 | AU18: 1.4385719e+09 | AV18: =AQ18/AU18 -> 3.69e-10 | AY18: =AL18/(1/3*BL18*BC18) -> 2.6643141e-10 | AZ18: =AL18/AU18 -> 2.8444876e-10 | BA18: =(AZ18-AV18)/AV18 -> -0.22913616 | BB18: =AQ18/BC18 -> 0.00030048968 | BC18: =Z18+AA18*N18 -> 1766.56 | BE18: =AL18/BB18 -> 1361.7772 | BF18: =(BE18-BC18)/BC18 -> -0.22913616 | BG18: =AQ18/BH18 -> 0.0037647734 | BH18: 141 | BI18: =1.380649E-23*Q18 -> 153800.64 | BJ18: =BI18*AK18 -> 192250.8 | BK18: =BL18/1000000 -> 2.6082131 | BL18: =BH18/O18 -> 2608213.1 | BM18: =AL18/(BG18) -> 108.6918 | BN18: =(BM18-BH18)/BH18 -> -0.22913616 | BO18: =BC18*BL18 -> 4.6075649e+09 | BP18: =BO18*0.0000000001 -> 0.46075649 | BQ18: =BO18*T18 -> 1.7001915 | BR18: 23.978198 | BS18: -0.010344196 | BV18: =SQRT(1/BR18) -> 0.20421692 | BX18: =T18*SQRT(0.9/BR18) -> 7.1489021e-11 | BY18: =SQRT(ABS(BS18))/BR18 -> 0.0042416208 | BZ18: =BC18^(2/3)*O18 -> 0.007900022
A19: ZrF4 | B19: 0.05 | C19: 1 | D19: 49 | E19: 46 | F19: =D19*1.6726219E-27 -> 8.1958473e-26 | G19: =E19*9.1093856E-31 -> 4.1903174e-29 | H19: =((F19*D19)/(G19*E19)) -> 2083.4601 | I19: =D19/E19 -> 1.0652174 | J19: =(F19)-(G19) -> 8.191657e-26 | K19: 167.21 | M19: =N19^-1 -> 0.00083963056 | N19: 1191 | O19: =K19/Y19 -> 4.2928625e-05 | P19: 0.000309 | Q19: =6.02214076E+23/O19 -> 1.4028264e+28 | R19: 7.2e-11 | S19: 1.33e-10 | T19: =S19+R19 -> 2.05e-10 | U19: =(( (O19/6.02214076E+23)^(1/3)) + (T19)) / 2 -> 3.0981721e-10 | W19: =S19/R19 -> 1.8472222 | X19: =T19*10000000000 -> 2.05 | Y19: =(5.36-0.00123*N19)*1000000 -> 3895070 | Z19: 1700 | AA19: 0 | AB19: 5.36 | AC19: -0.00123 | AD19: 91.224 | AE19: 18.998403 | AF19: =ABS(AE19-AD19) -> 72.225597 | AG19: =K19/BR19 -> 10.634227 | AH19: 1 | AI19: 4 | AJ19: =AH19+AI19 -> 5 | AK19: =1+AH19/AI19 -> 1.25 | AM19: =1/3*BL19*BC19*T19 -> 0.33284318 | AS19: =AL19/(1/3*BC19*T19) -> 0 | AT19: =AL19/(1/3*BC19*AY19) -> #DIV/0! | AY19: =AL19/(1/3*BL19*BC19) -> 0 | BC19: =Z19+AA19*N19 -> 1700 | BG19: =AQ19/BH19 -> 0 | BH19: 123 | BI19: =1.380649E-23*Q19 -> 193681.08 | BJ19: =BI19*AK19 -> 242101.35 | BK19: =BL19/1000000 -> 2.865221 | BL19: =BH19/O19 -> 2865221 | BO19: =BC19*BL19 -> 4.8708758e+09 | BP19: =BO19*0.0000000001 -> 0.48708758 | BQ19: =BO19*T19 -> 0.99852953 | BR19: 15.723757 | BS19: -1.6744797e-08 | BV19: =SQRT(1/BR19) -> 0.2521865 | BX19: =T19*SQRT(0.9/BR19) -> 4.904525e-11 | BY19: =SQRT(ABS(BS19))/BR19 -> 8.2296928e-06 | BZ19: =BC19^(2/3)*O19 -> 0.0061147625
A20: ThF4 | B20: 0.08 | C20: 1 | D20: 99 | E20: 96 | F20: =D20*1.6726219E-27 -> 1.6558957e-25 | G20: =E20*9.1093856E-31 -> 8.7450102e-29 | H20: =((F20*D20)/(G20*E20)) -> 1952.7049 | I20: =D20/E20 -> 1.03125 | J20: =(F20)-(G20) -> 1.6550212e-25 | K20: 308.0317 | M20: =N20^-1 -> 0.00072254335 | N20: 1384 | O20: =K20/Y20 -> 5.0331977e-05 | P20: 0.000121 | Q20: =6.02214076E+23/O20 -> 1.196484e+28 | R20: 9.4e-11 | S20: 1.33e-10 | T20: =S20+R20 -> 2.27e-10 | U20: =(( (O20/6.02214076E+23)^(1/3)) + (T20)) / 2 -> 3.3210883e-10 | W20: =S20/R20 -> 1.4148936 | X20: =T20*10000000000 -> 2.27 | Y20: 6120000 | Z20: 1362 | AA20: 0 | AB20: 7.34 | AC20: -0.000808 | AD20: 232.0377 | AE20: 18.998403 | AF20: =ABS(AE20-AD20) -> 213.0393 | AG20: =K20/BR20 -> 17.541064 | AH20: 1 | AI20: 4 | AK20: =1+AH20/AI20 -> 1.25 | AM20: =1/3*BL20*BC20*T20 -> 0.34399094 | AS20: =AL20/(1/3*BC20*T20) -> 0 | AT20: =AL20/(1/3*BC20*AY20) -> #DIV/0! | AY20: =AL20/(1/3*BL20*BC20) -> 0 | BC20: =Z20+AA20*N20 -> 1362 | BG20: =AQ20/BH20 -> 0 | BH20: 168 | BI20: =1.380649E-23*Q20 -> 165192.45 | BJ20: =BI20*AK20 -> 206490.56 | BK20: =BL20/1000000 -> 3.3378383 | BL20: =BH20/O20 -> 3337838.3 | BO20: =BC20*BL20 -> 4.5461357e+09 | BP20: =BO20*0.0000000001 -> 0.45461357 | BQ20: =BO20*T20 -> 1.0319728 | BR20: 17.560605 | BS20: -2.6317443e-07 | BV20: =SQRT(1/BR20) -> 0.23863287 | BX20: =T20*SQRT(0.9/BR20) -> 5.1389853e-11 | BY20: =SQRT(ABS(BS20))/BR20 -> 2.9213418e-05 | BZ20: =BC20^(2/3)*O20 -> 0.006184369
A21: UF4 | B21: 0.09 | C21: 1 | D21: 101 | E21: 98 | F21: =D21*1.6726219E-27 -> 1.6893481e-25 | G21: =E21*9.1093856E-31 -> 8.9271979e-29 | H21: =((F21*D21)/(G21*E21)) -> 1950.2904 | I21: =D21/E21 -> 1.0306122 | J21: =(F21)-(G21) -> 1.6884554e-25 | K21: 314.0225 | L21: =10^(11.4-35400/N21+27700000/N21^2)/1000 -> 0.003329486 | M21: =N21^-1 -> 0.00076394194 | N21: 1309 | O21: =K21/Y21 -> 4.8535162e-05 | P21: 0.000149 | Q21: =6.02214076E+23/O21 -> 1.2407789e+28 | R21: 8.9e-11 | S21: 1.33e-10 | T21: =S21+R21 -> 2.22e-10 | U21: =(( (O21/6.02214076E+23)^(1/3)) + (T21)) / 2 -> 3.2697585e-10 | W21: =S21/R21 -> 1.494382 | X21: =T21*10000000000 -> 2.22 | Y21: 6470000 | Z21: 1062 | AA21: 0 | AB21: 7.604 | AC21: -0.000791 | AD21: 238.02891 | AE21: 18.998403 | AF21: =ABS(AE21-AD21) -> 219.03051 | AG21: =K21/BR21 -> 17.848151 | AH21: 1 | AI21: 4 | AK21: =1+AH21/AI21 -> 1.25 | AM21: =1/3*BL21*BC21*T21 -> 0.28174032 | AS21: =AL21/(1/3*BC21*T21) -> 0 | AT21: =AL21/(1/3*BC21*AY21) -> #DIV/0! | AY21: =AL21/(1/3*BL21*BC21) -> 0 | BC21: =Z21+AA21*N21 -> 1062 | BG21: =AQ21/BH21 -> 0 | BH21: 174 | BI21: =1.380649E-23*Q21 -> 171308.02 | BJ21: =BI21*AK21 -> 214135.03 | BK21: =BL21/1000000 -> 3.5850297 | BL21: =BH21/O21 -> 3585029.7 | BO21: =BC21*BL21 -> 3.8073016e+09 | BP21: =BO21*0.0000000001 -> 0.38073016 | BQ21: =BO21*T21 -> 0.84522095 | BR21: 17.594119 | BS21: -1.2112877e-07 | BV21: =SQRT(1/BR21) -> 0.23840548 | BX21: =T21*SQRT(0.9/BR21) -> 5.0210028e-11 | BY21: =SQRT(ABS(BS21))/BR21 -> 1.9781359e-05 | BZ21: =BC21^(2/3)*O21 -> 0.0050521104 | CA21: =L21/(Y21/1000*(Z21+AA21*N21)) -> 4.8456093e-10
A22: UCl3 | C22: 1 | D22: 109 | E22: 107 | F22: =D22*1.6726219E-27 -> 1.8231579e-25 | G22: =E22*9.1093856E-31 -> 9.7470426e-29 | H22: =((F22*D22)/(G22*E22)) -> 1905.435 | I22: =D22/E22 -> 1.0186916 | J22: =(F22)-(G22) -> 1.8221832e-25 | K22: 344.3879 | L22: =0.478*EXP(10900/(8.3144598*N22))/1000 -> 0.0015506403 | M22: =N22^-1 -> 0.00089766607 | N22: 1114 | O22: =K22/Y22 -> 7.5193865e-05 | P22: 0.000333 | Q22: =6.02214076E+23/O22 -> 8.0088193e+27 | R22: 1.16e-10 | S22: 1.81e-10 | T22: =S22+R22 -> 2.97e-10 | U22: =(( (O22/6.02214076E+23)^(1/3)) + (T22)) / 2 -> 3.984082e-10 | W22: =S22/R22 -> 1.5603448 | X22: =T22*10000000000 -> 2.97 | Y22: 4580000 | Z22: 1248 | AA22: 0 | AB22: 6.3747 | AC22: -0.0015222 | AD22: 238.02891 | AE22: 35.45 | AF22: =ABS(AE22-AD22) -> 202.57891 | AG22: =K22/BR22 -> 11.161583 | AH22: 1 | AI22: 3 | AK22: =1+AH22/AI22 -> 1.3333333 | AM22: =1/3*BL22*BC22*T22 -> 0.24646692 | AS22: =AL22/(1/3*BC22*T22) -> 0 | AT22: =AL22/(1/3*BC22*AY22) -> #DIV/0! | AY22: =AL22/(1/3*BL22*BC22) -> 0 | BC22: =Z22+AA22*N22 -> 1248 | BG22: =AQ22/BH22 -> 0 | BH22: 150 | BI22: =1.380649E-23*Q22 -> 110573.68 | BK22: =BL22/1000000 -> 1.9948436 | BL22: =BH22/O22 -> 1994843.6 | BO22: =BC22*BL22 -> 2.4895648e+09 | BP22: =BO22*0.0000000001 -> 0.24895648 | BQ22: =BO22*T22 -> 0.73940075 | BR22: 30.854755 | BS22: -2.5395582e-05 | BV22: =SQRT(1/BR22) -> 0.18002754 | BX22: =T22*SQRT(0.9/BR22) -> 5.0724369e-11 | BY22: =SQRT(ABS(BS22))/BR22 -> 0.00016332662 | BZ22: =BC22^(2/3)*O22 -> 0.0087161654 | CA22: =L22/(Y22/1000*(Z22+AA22*N22)) -> 2.7128826e-10
A23: 0.68KCl-0.32MgCl2 | C23: 2 | D23: 33.76 | E23: 33.44 | F23: =D23*1.6726219E-27 -> 5.6467715e-26 | G23: =E23*9.1093856E-31 -> 3.0461785e-29 | H23: =((F23*D23)/(G23*E23)) -> 1871.4621 | I23: =D23/E23 -> 1.0095694 | J23: =(F23)-(G23) -> 5.6437254e-26 | K23: 81.162404 | L23: =0.141*EXP(18800/(8.3144598*N23))/1000 -> 0.0036048873 | M23: =N23^-1 -> 0.0014334862 | N23: 697.6 | O23: 4.6549051e-05 | P23: 0.00030722638 | Q23: =6.02214076E+23/O23 -> 1.2937193e+28 | T23: =0.68*T9+0.32*T14 -> 2.9788e-10 | U23: =(( (O23/6.02214076E+23)^(1/3)) + (T23)) / 2 -> 3.6192874e-10 | X23: =T23*10000000000 -> 2.9788 | Y23: 1741629.2 | Z23: 1968.0306 | AH23: 2 | AI23: 3 | AJ23: =AH23+AI23 -> 5 | AK23: =1+AH23/AI23 -> 1.6666667 | AL23: 0.43524 | AM23: =1/3*BL23*BC23*T23 -> 0.33375409 | AN23: =ABS((AL23-AM23)/AL23) -> 0.2331723 | AQ23: 0.28255486 | AR23: =(AL23-AQ23)/AL23 -> 0.35080678 | AS23: =AL23/(1/3*BC23*T23) -> 2227290.5 | AT23: =AL23/(1/3*BC23*AY23) -> 1707948 | AU23: 1.1204313e+09 | AV23: =AQ23/AU23 -> 2.52184e-10 | AY23: =AL23/(1/3*BL23*BC23) -> 3.8845754e-10 | AZ23: =AL23/AU23 -> 3.8845754e-10 | BA23: =(AZ23-AV23)/AV23 -> 0.54037345 | BB23: =AQ23/BC23 -> 0.00014357239 | BC23: =Z23+AA23*N23 -> 1968.0306 | BE23: =AL23/BB23 -> 3031.5021 | BF23: =(BE23-BC23)/BC23 -> 0.54037345 | BG23: =AQ23/BH23 -> 0.0035539989 | BH23: 79.50336 | BI23: =1.380649E-23*Q23 -> 178617.23 | BK23: =BL23/1000000 -> 1.707948 | BL23: =BH23/O23 -> 1707948 | BM23: =AL23/(BG23) -> 122.46486 | BN23: =(BM23-BH23)/BH23 -> 0.54037345 | BO23: =BC23*BL23 -> 3.361294e+09 | BP23: =BO23*0.0000000001 -> 0.3361294 | BQ23: =BO23*T23 -> 1.0012623 | BR23: 17.256965 | BV23: =SQRT(1/BR23) -> 0.24072311 | BX23: =T23*SQRT(0.9/BR23) -> 6.8026855e-11 | CA23: =L23/(Y23/1000*(Z23+AA23*N23)) -> 1.0517297e-09
A24: 0.66LiF-0.34BeF2 | C24: 2 | D24: 12.34 | E24: 11.34 | F24: =D24*1.6726219E-27 -> 2.0640154e-26 | G24: =E24*9.1093856E-31 -> 1.0330043e-29 | H24: =((F24*D24)/(G24*E24)) -> 2174.2671 | I24: =D24/E24 -> 1.0881834 | J24: =(F24)-(G24) -> 2.0629824e-26 | K24: 33.10314 | L24: =0.116*EXP(31200/(8.3144598*N24))/1000 -> 0.019398692 | M24: =N24^-1 -> 0.0013642565 | N24: 733 | O24: 1.6714174e-05 | P24: 0.00014095269 | Q24: =6.02214076E+23/O24 -> 3.6030143e+28 | T24: =0.66*T2+0.34*T10 -> 1.9472e-10 | U24: =(( (O24/6.02214076E+23)^(1/3)) + (T24)) / 2 -> 2.4874448e-10 | X24: =T24*10000000000 -> 1.9472 | Y24: 1986063.4 | Z24: 2547.6864 | AH24: 2 | AI24: 3 | AJ24: =AH24+AI24 -> 5 | AL24: 1.1 | AM24: =1/3*BL24*BC24*T24 -> 0.71488518 | AN24: =ABS((AL24-AM24)/AL24) -> 0.35010438 | AO24: =1/3*BL24*BC24*AW24 -> 0.60953584 | AP24: =1/3*BL24*BC24*AX24 -> 1.2830584 | AQ24: 0.62426159 | AR24: =(AL24-AQ24)/AL24 -> 0.43248946 | AS24: =AL24/(1/3*BC24*T24) -> 6652079.2 | AT24: =AL24/(1/3*BC24*AY24) -> 4323157.2 | AU24: 3.6713495e+09 | AV24: =AQ24/AU24 -> 1.70036e-10 | AW24: 1.6602501e-10 | AX24: 3.494787e-10 | AY24: =AL24/(1/3*BL24*BC24) -> 2.9961735e-10 | AZ24: =AL24/AU24 -> 2.9961735e-10 | BA24: =(AZ24-AV24)/AV24 -> 0.76208182 | BB24: =AQ24/BC24 -> 0.00024503078 | BC24: =Z24+AA24*N24 -> 2547.6864 | BE24: =AL24/BB24 -> 4489.2319 | BF24: =(BE24-BC24)/BC24 -> 0.76208182 | BG24: =AQ24/BH24 -> 0.0086393422 | BH24: 72.258 | BI24: =1.380649E-23*Q24 -> 497449.81 | BK24: =BL24/1000000 -> 4.3231572 | BL24: =BH24/O24 -> 4323157.2 | BM24: =AL24/(BG24) -> 127.32451 | BN24: =(BM24-BH24)/BH24 -> 0.76208182 | BO24: =BC24*BL24 -> 1.1014049e+10 | BP24: =BO24*0.0000000001 -> 1.1014049 | BQ24: =BO24*T24 -> 2.1446555 | BR24: 5.433515 | BT24: 0.94088178 | BU24: =SQRT(BT24/BR24) -> 0.41612815 | BV24: =SQRT(1/BR24) -> 0.42900224 | BX24: =T24*SQRT(0.9/BR24) -> 7.924856e-11 | CA24: =L24/(Y24/1000*(Z24+AA24*N24)) -> 3.8338347e-09
A25: 0.465LiF-0.115NaF-0.42KF | C25: 3 | D25: 19.64 | E25: 19.64 | F25: =D25*1.6726219E-27 -> 3.2850294e-26 | G25: =E25*9.1093856E-31 -> 1.7890833e-29 | H25: =((F25*D25)/(G25*E25)) -> 1836.1523 | I25: =D25/E25 -> 1 | J25: =(F25)-(G25) -> 3.2832403e-26 | K25: 41.290995 | L25: =10^(0.213+-1200/N25+1350000/N25^2)/1000 -> 0.012003439 | M25: =N25^-1 -> 0.0013605442 | N25: 735 | O25: 1.9405588e-05 | P25: 0.00031252325 | Q25: =6.02214076E+23/O25 -> 3.1033023e+28 | T25: =0.465*T2+0.115*T3+0.42*T4 -> 2.3803e-10 | U25: =(( (O25/6.02214076E+23)^(1/3)) + (T25)) / 2 -> 2.7812421e-10 | X25: =T25*10000000000 -> 2.3803 | Y25: 2102415.4 | Z25: 2012.4687 | AH25: 3 | AI25: 3 | AJ25: =AH25+AI25 -> 6 | AL25: 0.78024247 | AM25: =1/3*BL25*BC25*T25 -> 0.54326859 | AN25: =ABS((AL25-AM25)/AL25) -> 0.30371825 | AO25: =1/3*BL25*BC25*AW25 -> 0.48209295 | AP25: =1/3*BL25*BC25*AX25 -> 0.85046707 | AQ25: 0.39969772 | AR25: =(AL25-AQ25)/AL25 -> 0.48772627 | AS25: =AL25/(1/3*BC25*T25) -> 4886411.1 | AT25: =AL25/(1/3*BC25*AY25) -> 3402318.9 | AU25: 2.2823534e+09 | AV25: =AQ25/AU25 -> 1.7512525e-10 | AW25: 2.1122625e-10 | AX25: 3.7262724e-10 | AY25: =AL25/(1/3*BL25*BC25) -> 3.4185874e-10 | AZ25: =AL25/AU25 -> 3.4185874e-10 | BA25: =(AZ25-AV25)/AV25 -> 0.95208136 | BB25: =AQ25/BC25 -> 0.00019861065 | BC25: =Z25+AA25*N25 -> 2012.4687 | BE25: =AL25/BB25 -> 3928.5027 | BF25: =(BE25-BC25)/BC25 -> 0.95208136 | BG25: =AQ25/BH25 -> 0.0060538246 | BH25: 66.024 | BI25: =1.380649E-23*Q25 -> 428457.13 | BK25: =BL25/1000000 -> 3.4023189 | BL25: =BH25/O25 -> 3402318.9 | BM25: =AL25/(BG25) -> 128.88422 | BN25: =(BM25-BH25)/BH25 -> 0.95208136 | BO25: =BC25*BL25 -> 6.8470603e+09 | BP25: =BO25*0.0000000001 -> 0.68470603 | BQ25: =BO25*T25 -> 1.6298058 | BR25: 8.930149 | BT25: 0.88069482 | BU25: =SQRT(BT25/BR25) -> 0.31403884 | BV25: =SQRT(1/BR25) -> 0.33463445 | BX25: =T25*SQRT(0.9/BR25) -> 7.5565507e-11 | CA25: =L25/(Y25/1000*(Z25+AA25*N25)) -> 2.8369915e-09
A26: 0.675LiF-0.2BeF2-0.005ThF4-0.12UF4 | C26: 4 | D26: 23.315 | E26: 22.74 | F26: =D26*1.6726219E-27 -> 3.899718e-26 | G26: =E26*9.1093856E-31 -> 2.0714743e-29 | H26: =((F26*D26)/(G26*E26)) -> 1930.1836 | I26: =D26/E26 -> 1.0252858 | J26: =(F26)-(G26) -> 3.8976465e-26 | K26: 66.133684 | L26: =0.062*EXP(38800/(8.3144598*N26))/1000 -> 0.030468149 | M26: =N26^-1 -> 0.0013280212 | N26: 753 | O26: 1.9202817e-05 | P26: 0.00016787041 | Q26: =6.02214076E+23/O26 -> 3.1360715e+28 | T26: =0.675*T2+0.2*T10+0.005*T20+0.12*T21 -> 2.0225e-10 | U26: =(( (O26/6.02214076E+23)^(1/3)) + (T26)) / 2 -> 2.5967808e-10 | X26: =T26*10000000000 -> 2.0225 | Y26: 2609440.5 | Z26: 1781.4332 | AH26: 4 | AI26: 11 | AJ26: =AH26+AI26 -> 15 | AL26: 1.16 | AM26: =1/3*BL26*BC26*T26 -> 0.51681595 | AN26: =ABS((AL26-AM26)/AL26) -> 0.55446901 | AQ26: 0.43510013 | AR26: =(AL26-AQ26)/AL26 -> 0.62491368 | AS26: =AL26/(1/3*BC26*T26) -> 9658755.4 | AT26: =AL26/(1/3*BC26*AY26) -> 4303274.9 | AU26: 2.5553323e+09 | AV26: =AQ26/AU26 -> 1.7027145e-10 | AY26: =AL26/(1/3*BL26*BC26) -> 4.5395271e-10 | AZ26: =AL26/AU26 -> 4.5395271e-10 | BA26: =(AZ26-AV26)/AV26 -> 1.666053 | BB26: =AQ26/BC26 -> 0.00024424162 | BC26: =Z26+AA26*N26 -> 1781.4332 | BE26: =AL26/BB26 -> 4749.3953 | BF26: =(BE26-BC26)/BC26 -> 1.666053 | BG26: =AQ26/BH26 -> 0.005265325 | BH26: 82.635 | BI26: =1.380649E-23*Q26 -> 432981.4 | BK26: =BL26/1000000 -> 4.3032749 | BL26: =BH26/O26 -> 4303274.9 | BM26: =AL26/(BG26) -> 220.30929 | BN26: =(BM26-BH26)/BH26 -> 1.666053 | BO26: =BC26*BL26 -> 7.6659968e+09 | BP26: =BO26*0.0000000001 -> 0.76659968 | BQ26: =BO26*T26 -> 1.5504478 | BR26: 6.853106 | BT26: 0.94088178 | BU26: =SQRT(BT26/BR26) -> 0.37053036 | BV26: =SQRT(1/BR26) -> 0.38199377 | BX26: =T26*SQRT(0.9/BR26) -> 7.3293601e-11 | CA26: =L26/(Y26/1000*(Z26+AA26*N26)) -> 6.5543424e-09
A27: 0.712LiF-0.23BeF2-0.05ZrF4-0.008UF4 | C27: 4 | D27: 14.792 | E27: 14.388 | F27: =D27*1.6726219E-27 -> 2.4741423e-26 | G27: =E27*9.1093856E-31 -> 1.3106584e-29 | H27: =((F27*D27)/(G27*E27)) -> 1940.7144 | I27: =D27/E27 -> 1.028079 | J27: =(F27)-(G27) -> 2.4728317e-26 | K27: 40.153548 | M27: =N27^-1 -> 0.0014084507 | N27: 710 | O27: 1.6919881e-05 | P27: 0.00018512202 | Q27: =6.02214076E+23/O27 -> 3.5592099e+28 | T27: =0.712*T2+0.23*T10+0.05*T19+0.008*T21 -> 1.99244e-10 | U27: =(( (O27/6.02214076E+23)^(1/3)) + (T27)) / 2 -> 2.5162499e-10 | X27: =T27*10000000000 -> 1.99244 | Y27: 2163027.6 | Z27: 2319.1206 | AH27: 4 | AI27: 11 | AJ27: =AH27+AI27 -> 15 | AL27: 1.24 | AM27: =1/3*BL27*BC27*T27 -> 0.6688004 | AN27: =ABS((AL27-AM27)/AL27) -> 0.46064484 | AQ27: 0.58242618 | AR27: =(AL27-AQ27)/AL27 -> 0.53030146 | AS27: =AL27/(1/3*BC27*T27) -> 8050713 | AT27: =AL27/(1/3*BC27*AY27) -> 4342193.6 | AU27: 3.3566903e+09 | AV27: =AQ27/AU27 -> 1.7351204e-10 | AY27: =AL27/(1/3*BL27*BC27) -> 3.694115e-10 | AZ27: =AL27/AU27 -> 3.694115e-10 | BA27: =(AZ27-AV27)/AV27 -> 1.1290252 | BB27: =AQ27/BC27 -> 0.00025114096 | BC27: =Z27+AA27*N27 -> 2319.1206 | BE27: =AL27/BB27 -> 4937.4662 | BF27: =(BE27-BC27)/BC27 -> 1.1290252 | BG27: =AQ27/BH27 -> 0.0079274662 | BH27: 73.4694 | BI27: =1.380649E-23*Q27 -> 491401.95 | BK27: =BL27/1000000 -> 4.3421936 | BL27: =BH27/O27 -> 4342193.6 | BM27: =AL27/(BG27) -> 156.4182 | BN27: =(BM27-BH27)/BH27 -> 1.1290252 | BO27: =BC27*BL27 -> 1.0070071e+10 | BP27: =BO27*0.0000000001 -> 1.0070071 | BQ27: =BO27*T27 -> 2.0064012 | BR27: 5.952423 | BT27: 0.94088178 | BU27: =SQRT(BT27/BR27) -> 0.39757644 | BV27: =SQRT(1/BR27) -> 0.40987658 | BX27: =T27*SQRT(0.9/BR27) -> 7.7474648e-11
A28: 0.73LiF-0.27BeF2 | C28: 2 | D28: 12.27 | E28: 11.73 | F28: =D28*1.6726219E-27 -> 2.0523071e-26 | G28: =E28*9.1093856E-31 -> 1.0685309e-29 | H28: =((F28*D28)/(G28*E28)) -> 2009.1011 | I28: =D28/E28 -> 1.0460358 | J28: =(F28)-(G28) -> 2.0512385e-26 | K28: 31.62817 | L28: =0.118*EXP(30100/(8.3144598*N28))/1000 -> 0.01658596 | M28: =N28^-1 -> 0.0013661202 | N28: 732 | O28: 1.5942466e-05 | P28: 0.00016222659 | Q28: =6.02214076E+23/O28 -> 3.7774211e+28 | T28: =0.73*T2+0.27*T10 -> 1.9766e-10 | U28: =(( (O28/6.02214076E+23)^(1/3)) + (T28)) / 2 -> 2.4784782e-10 | X28: =T28*10000000000 -> 1.9766 | Y28: 1989043.9 | Z28: 2547.6876 | AH28: 2 | AI28: 3 | AJ28: =AH28+AI28 -> 5 | AL28: 0.98602842 | AM28: =1/3*BL28*BC28*T28 -> 0.74333871 | AN28: =ABS((AL28-AM28)/AL28) -> 0.24612852 | AQ28: 0.66180311 | AR28: =(AL28-AQ28)/AL28 -> 0.32881944 | AS28: =AL28/(1/3*BC28*T28) -> 5874159.5 | AT28: =AL28/(1/3*BC28*AY28) -> 4428361.3 | AU28: 3.7606936e+09 | AV28: =AQ28/AU28 -> 1.75979e-10 | AY28: =AL28/(1/3*BL28*BC28) -> 2.6219323e-10 | AZ28: =AL28/AU28 -> 2.6219323e-10 | BA28: =(AZ28-AV28)/AV28 -> 0.48991205 | BB28: =AQ28/BC28 -> 0.0002597662 | BC28: =Z28+AA28*N28 -> 2547.6876 | BE28: =AL28/BB28 -> 3795.8304 | BF28: =(BE28-BC28)/BC28 -> 0.48991205 | BG28: =AQ28/BH28 -> 0.0093741145 | BH28: 70.599 | BI28: =1.380649E-23*Q28 -> 521529.26 | BK28: =BL28/1000000 -> 4.4283613 | BL28: =BH28/O28 -> 4428361.3 | BM28: =AL28/(BG28) -> 105.1863 | BN28: =(BM28-BH28)/BH28 -> 0.48991205 | BO28: =BC28*BL28 -> 1.1282081e+10 | BP28: =BO28*0.0000000001 -> 1.1282081 | BQ28: =BO28*T28 -> 2.2300161 | BR28: 5.361492 | BT28: 0.94088178 | BU28: =SQRT(BT28/BR28) -> 0.41891383 | BV28: =SQRT(1/BR28) -> 0.43187411 | BX28: =T28*SQRT(0.9/BR28) -> 8.0983625e-11 | CA28: =L28/(Y28/1000*(Z28+AA28*N28)) -> 3.2730306e-09
A29: 0.725LiF-0.265BeF2-0.01UF4 | C29: 3 | D29: 13.155 | E29: 12.86 | F29: =D29*1.6726219E-27 -> 2.2003341e-26 | G29: =E29*9.1093856E-31 -> 1.171467e-29 | H29: =((F29*D29)/(G29*E29)) -> 1921.3587 | I29: =D29/E29 -> 1.0229393 | J29: =(F29)-(G29) -> 2.1991626e-26 | K29: 34.40365 | L29: =0.123*EXP(29800/(8.3144598*N29))/1000 -> 0.01645722 | M29: =N29^-1 -> 0.0013661202 | N29: 732 | O29: 1.6204764e-05 | P29: 0.00016258314 | Q29: =6.02214076E+23/O29 -> 3.7162779e+28 | T29: =0.725*T2+0.265*T10+0.01*T21 -> 1.98e-10 | U29: =(( (O29/6.02214076E+23)^(1/3)) + (T29)) / 2 -> 2.4883063e-10 | X29: =T29*10000000000 -> 1.98 | Y29: 2039490.5 | Z29: 2441.8706 | AH29: 3 | AI29: 7 | AJ29: =AH29+AI29 -> 10 | AL29: 0.89056772 | AM29: =1/3*BL29*BC29*T29 -> 0.71187944 | AN29: =ABS((AL29-AM29)/AL29) -> 0.20064535 | AQ29: 0.63042336 | AR29: =(AL29-AQ29)/AL29 -> 0.2921107 | AS29: =AL29/(1/3*BC29*T29) -> 5525866.3 | AT29: =AL29/(1/3*BC29*AY29) -> 4417126.9 | AU29: 3.5953507e+09 | AV29: =AQ29/AU29 -> 1.7534405e-10 | AY29: =AL29/(1/3*BL29*BC29) -> 2.4769982e-10 | AZ29: =AL29/AU29 -> 2.4769982e-10 | BA29: =(AZ29-AV29)/AV29 -> 0.41265025 | BB29: =AQ29/BC29 -> 0.00025817231 | BC29: =Z29+AA29*N29 -> 2441.8706 | BE29: =AL29/BB29 -> 3449.5091 | BF29: =(BE29-BC29)/BC29 -> 0.41265025 | BG29: =AQ29/BH29 -> 0.0088074402 | BH29: 71.5785 | BI29: =1.380649E-23*Q29 -> 513087.54 | BK29: =BL29/1000000 -> 4.4171269 | BL29: =BH29/O29 -> 4417126.9 | BM29: =AL29/(BG29) -> 101.11539 | BN29: =(BM29-BH29)/BH29 -> 0.41265025 | BO29: =BC29*BL29 -> 1.0786052e+10 | BP29: =BO29*0.0000000001 -> 1.0786052 | BQ29: =BO29*T29 -> 2.1356383 | BR29: 5.481452 | BT29: 0.94088178 | BU29: =SQRT(BT29/BR29) -> 0.41430457 | BV29: =SQRT(1/BR29) -> 0.42712225 | BX29: =T29*SQRT(0.9/BR29) -> 8.0230341e-11 | CA29: =L29/(Y29/1000*(Z29+AA29*N29)) -> 3.3045487e-09
A30: 0.72LiF-0.26BeF2-0.02UF4 | C30: 3 | D30: 14.04 | E30: 13.72 | F30: =D30*1.6726219E-27 -> 2.3483611e-26 | G30: =E30*9.1093856E-31 -> 1.2498077e-29 | H30: =((F30*D30)/(G30*E30)) -> 1922.8025 | I30: =D30/E30 -> 1.0233236 | J30: =(F30)-(G30) -> 2.3471113e-26 | K30: 37.17913 | L30: =0.123*EXP(29800/(8.3144598*N30))/1000 -> 0.01645722 | M30: =N30^-1 -> 0.0013661202 | N30: 732 | O30: 1.6467062e-05 | P30: 0.00016292833 | Q30: =6.02214076E+23/O30 -> 3.6570826e+28 | T30: =0.72*T2+0.26*T10+0.02*T21 -> 1.9834e-10 | U30: =(( (O30/6.02214076E+23)^(1/3)) + (T30)) / 2 -> 2.4980472e-10 | X30: =T30*10000000000 -> 1.9834 | Y30: 2089937.1 | Z30: 2348.752 | AH30: 3 | AI30: 7 | AJ30: =AH30+AI30 -> 10 | AL30: 0.80397278 | AM30: =1/3*BL30*BC30*T30 -> 0.68421942 | AN30: =ABS((AL30-AM30)/AL30) -> 0.14895201 | AQ30: 0.60277958 | AR30: =(AL30-AQ30)/AL30 -> 0.25024878 | AS30: =AL30/(1/3*BC30*T30) -> 5177440.6 | AT30: =AL30/(1/3*BC30*AY30) -> 4406250.4 | AU30: 3.4497298e+09 | AV30: =AQ30/AU30 -> 1.747324e-10 | AY30: =AL30/(1/3*BL30*BC30) -> 2.3305384e-10 | AZ30: =AL30/AU30 -> 2.3305384e-10 | BA30: =(AZ30-AV30)/AV30 -> 0.33377575 | BB30: =AQ30/BC30 -> 0.00025663824 | BC30: =Z30+AA30*N30 -> 2348.752 | BE30: =AL30/BB30 -> 3132.7085 | BF30: =(BE30-BC30)/BC30 -> 0.33377575 | BG30: =AQ30/BH30 -> 0.008307555 | BH30: 72.558 | BI30: =1.380649E-23*Q30 -> 504914.75 | BK30: =BL30/1000000 -> 4.4062504 | BL30: =BH30/O30 -> 4406250.4 | BM30: =AL30/(BG30) -> 96.776101 | BN30: =(BM30-BH30)/BH30 -> 0.33377575 | BO30: =BC30*BL30 -> 1.034919e+10 | BP30: =BO30*0.0000000001 -> 1.034919 | BQ30: =BO30*T30 -> 2.0526583 | BR30: 5.601412 | BT30: 0.94088178 | BU30: =SQRT(BT30/BR30) -> 0.40984418 | BV30: =SQRT(1/BR30) -> 0.42252386 | BX30: =T30*SQRT(0.9/BR30) -> 7.950287e-11 | CA30: =L30/(Y30/1000*(Z30+AA30*N30)) -> 3.3526337e-09
A31: 0.32KCl-0.68MgCl2 | C31: 2 | D31: 31.24 | E31: 30.56 | F31: =D31*1.6726219E-27 -> 5.2252708e-26 | G31: =E31*9.1093856E-31 -> 2.7838282e-29 | H31: =((F31*D31)/(G31*E31)) -> 1918.775 | I31: =D31/E31 -> 1.0222513 | J31: =(F31)-(G31) -> 5.222487e-26 | K31: 88.599896 | M31: =N31^-1 -> 0.001433589 | N31: 697.55 | O31: 5.0411903e-05 | P31: 0.00023528262 | Q31: =6.02214076E+23/O31 -> 1.1945871e+28 | T31: =0.32*T9+0.68*T14 -> 2.7412e-10 | U31: =(( (O31/6.02214076E+23)^(1/3)) + (T31)) / 2 -> 3.5578448e-10 | X31: =T31*10000000000 -> 2.7412 | Y31: 1755710.6 | Z31: 2039.5015 | AH31: 2 | AI31: 3 | AJ31: =AH31+AI31 -> 5 | AL31: 0.45966667 | AM31: =1/3*BL31*BC31*T31 -> 0.31844809 | AN31: =ABS((AL31-AM31)/AL31) -> 0.30721952 | AQ31: 0.26536257 | AR31: =(AL31-AQ31)/AL31 -> 0.42270652 | AS31: =AL31/(1/3*BC31*T31) -> 2466604.5 | AT31: =AL31/(1/3*BC31*AY31) -> 1708815.5 | AU31: 1.1617105e+09 | AV31: =AQ31/AU31 -> 2.28424e-10 | AY31: =AL31/(1/3*BL31*BC31) -> 3.9568089e-10 | AZ31: =AL31/AU31 -> 3.9568089e-10 | BA31: =(AZ31-AV31)/AV31 -> 0.73222119 | BB31: =AQ31/BC31 -> 0.00013011149 | BC31: =Z31+AA31*N31 -> 2039.5015 | BE31: =AL31/BB31 -> 3532.8677 | BF31: =(BE31-BC31)/BC31 -> 0.73222119 | BG31: =AQ31/BH31 -> 0.0030804304 | BH31: 86.14464 | BI31: =1.380649E-23*Q31 -> 164930.54 | BK31: =BL31/1000000 -> 1.7088155 | BL31: =BH31/O31 -> 1708815.5 | BM31: =AL31/(BG31) -> 149.22157 | BN31: =(BM31-BH31)/BH31 -> 0.73222119 | BO31: =BC31*BL31 -> 3.4851316e+09 | BP31: =BO31*0.0000000001 -> 0.34851316 | BQ31: =BO31*T31 -> 0.95534428 | BR31: 15.754556 | BV31: =SQRT(1/BR31) -> 0.25193988 | BX31: =T31*SQRT(0.9/BR31) -> 6.5517738e-11
A32: 0.4598NaCl-0.3891KCl-0.1511MgCl2 | C32: 3 | D32: 31.2639 | E32: 31.1128 | F32: =D32*1.6726219E-27 -> 5.2292684e-26 | G32: =E32*9.1093856E-31 -> 2.8341849e-29 | H32: =((F32*D32)/(G32*E32)) -> 1854.0302 | I32: =D32/E32 -> 1.0048565 | J32: =(F32)-(G32) -> 5.2264342e-26 | K32: 70.265005 | M32: =N32^-1 -> 0.0014824698 | N32: 674.55 | O32: 3.990775e-05 | P32: 0.00032881888 | Q32: =6.02214076E+23/O32 -> 1.5090154e+28 | T32: =0.4598*T8+0.3891*T9+0.1511*T14 -> 2.924746e-10 | U32: =(( (O32/6.02214076E+23)^(1/3)) + (T32)) / 2 -> 3.4857281e-10 | X32: =T32*10000000000 -> 2.924746 | Y32: 1761445 | Z32: 2024.7769 | AH32: 3 | AI32: 4 | AJ32: =AH32+AI32 -> 7 | AL32: 0.46554762 | AM32: =1/3*BL32*BC32*T32 -> 0.36878913 | AN32: =ABS((AL32-AM32)/AL32) -> 0.207838 | AQ32: 0.28383634 | AR32: =(AL32-AQ32)/AL32 -> 0.39031728 | AS32: =AL32/(1/3*BC32*T32) -> 2358413.9 | AT32: =AL32/(1/3*BC32*AY32) -> 1868245.9 | AU32: 1.260927e+09 | AV32: =AQ32/AU32 -> 2.2510132e-10 | AY32: =AL32/(1/3*BL32*BC32) -> 3.6921059e-10 | AZ32: =AL32/AU32 -> 3.6921059e-10 | BA32: =(AZ32-AV32)/AV32 -> 0.64019737 | BB32: =AQ32/BC32 -> 0.00014018154 | BC32: =Z32+AA32*N32 -> 2024.7769 | BE32: =AL32/BB32 -> 3321.0338 | BF32: =(BE32-BC32)/BC32 -> 0.64019737 | BG32: =AQ32/BH32 -> 0.0038069461 | BH32: 74.557489 | BI32: =1.380649E-23*Q32 -> 208342.06 | BK32: =BL32/1000000 -> 1.8682459 | BL32: =BH32/O32 -> 1868245.9 | BM32: =AL32/(BG32) -> 122.289 | BN32: =(BM32-BH32)/BH32 -> 0.64019737 | BO32: =BC32*BL32 -> 3.7827811e+09 | BP32: =BO32*0.0000000001 -> 0.37827811 | BQ32: =BO32*T32 -> 1.1063674 | BR32: 15.825305 | BV32: =SQRT(1/BR32) -> 0.25137608 | BX32: =T32*SQRT(0.9/BR32) -> 6.9748258e-11
A33: 0.345NaF-0.59KF-0.065MgF2 | C33: 3 | D33: 24.785 | E33: 24.72 | F33: =D33*1.6726219E-27 -> 4.1455934e-26 | G33: =E33*9.1093856E-31 -> 2.2518401e-29 | H33: =((F33*D33)/(G33*E33)) -> 1845.8211 | I33: =D33/E33 -> 1.0026294 | J33: =(F33)-(G33) -> 4.1433415e-26 | K33: 52.812707 | M33: =N33^-1 -> 0.0010416667 | N33: 960 | O33: 2.5195547e-05 | P33: 0.00031944978 | Q33: =6.02214076E+23/O33 -> 2.3901607e+28 | T33: =0.345*T3+0.59*T4+0.065*T11 -> 2.5429e-10 | U33: =(( (O33/6.02214076E+23)^(1/3)) + (T33)) / 2 -> 3.0072285e-10 | X33: =T33*10000000000 -> 2.5429 | Y33: 2110100.6 | Z33: 1885.1934 | AH33: 3 | AI33: 4 | AJ33: =AH33+AI33 -> 7 | AL33: 0.82855604 | AM33: =1/3*BL33*BC33*T33 -> 0.4430568 | AN33: =ABS((AL33-AM33)/AL33) -> 0.46526635 | AQ33: 0.33711022 | AR33: =(AL33-AQ33)/AL33 -> 0.59313528 | AS33: =AL33/(1/3*BC33*T33) -> 5185109.6 | AT33: =AL33/(1/3*BC33*AY33) -> 2772652.6 | AU33: 1.7423288e+09 | AV33: =AQ33/AU33 -> 1.9348255e-10 | AY33: =AL33/(1/3*BL33*BC33) -> 4.7554516e-10 | AZ33: =AL33/AU33 -> 4.7554516e-10 | BA33: =(AZ33-AV33)/AV33 -> 1.4578194 | BB33: =AQ33/BC33 -> 0.00017881997 | BC33: =Z33+AA33*N33 -> 1885.1934 | BE33: =AL33/BB33 -> 4633.4649 | BF33: =(BE33-BC33)/BC33 -> 1.4578194 | BG33: =AQ33/BH33 -> 0.004825615 | BH33: 69.8585 | BI33: =1.380649E-23*Q33 -> 329997.3 | BK33: =BL33/1000000 -> 2.7726526 | BL33: =BH33/O33 -> 2772652.6 | BM33: =AL33/(BG33) -> 171.69957 | BN33: =(BM33-BH33)/BH33 -> 1.4578194 | BO33: =BC33*BL33 -> 5.2269865e+09 | BP33: =BO33*0.0000000001 -> 0.52269865 | BQ33: =BO33*T33 -> 1.3291704 | BR33: 11.825414 | BT33: 0.86751984 | BU33: =SQRT(BT33/BR33) -> 0.27085168 | BV33: =SQRT(1/BR33) -> 0.29079827 | BX33: =T33*SQRT(0.9/BR33) -> 7.0152372e-11
A34: 0.582LiCl-0.418KCl | C34: 2 | D34: 26.688 | E34: 26.688 | F34: =D34*1.6726219E-27 -> 4.4638933e-26 | G34: =E34*9.1093856E-31 -> 2.4311128e-29 | H34: =((F34*D34)/(G34*E34)) -> 1836.1523 | I34: =D34/E34 -> 1 | J34: =(F34)-(G34) -> 4.4614622e-26 | K34: 55.835751 | L34: =0.087*EXP(20900/(8.3144598*N34))/1000 -> 0.0046437178 | M34: =N34^-1 -> 0.0015822785 | N34: 632 | O34: 3.2950649e-05 | P34: 0.00033829968 | Q34: =6.02214076E+23/O34 -> 1.8276243e+28 | T34: =0.582*T7+0.418*T9 -> 2.82916e-10 | U34: =(( (O34/6.02214076E+23)^(1/3)) + (T34)) / 2 -> 3.3127759e-10 | X34: =T34*10000000000 -> 2.82916 | Y34: 1676175.3 | Z34: 2084.8843 | AH34: 2 | AI34: 2 | AJ34: =AH34+AI34 -> 4 | AL34: 0.58438111 | AM34: =1/3*BL34*BC34*T34 -> 0.40937294 | AN34: =ABS((AL34-AM34)/AL34) -> 0.29947609 | AQ34: 0.33404178 | AR34: =(AL34-AQ34)/AL34 -> 0.42838368 | AS34: =AL34/(1/3*BC34*T34) -> 2972199.4 | AT34: =AL34/(1/3*BC34*AY34) -> 2082096.8 | AU34: 1.446977e+09 | AV34: =AQ34/AU34 -> 2.3085494e-10 | AY34: =AL34/(1/3*BL34*BC34) -> 4.0386344e-10 | AZ34: =AL34/AU34 -> 4.0386344e-10 | BA34: =(AZ34-AV34)/AV34 -> 0.74942521 | BB34: =AQ34/BC34 -> 0.00016022077 | BC34: =Z34+AA34*N34 -> 2084.8843 | BE34: =AL34/BB34 -> 3647.3492 | BF34: =(BE34-BC34)/BC34 -> 0.74942521 | BG34: =AQ34/BH34 -> 0.0048689566 | BH34: 68.60644 | BI34: =1.380649E-23*Q34 -> 252330.77 | BK34: =BL34/1000000 -> 2.0820968 | BL34: =BH34/O34 -> 2082096.8 | BM34: =AL34/(BG34) -> 120.02184 | BN34: =(BM34-BH34)/BH34 -> 0.74942521 | BO34: =BC34*BL34 -> 4.340931e+09 | BP34: =BO34*0.0000000001 -> 0.4340931 | BQ34: =BO34*T34 -> 1.2281188 | BR34: 11.149857 | BV34: =SQRT(1/BR34) -> 0.29947829 | BX34: =T34*SQRT(0.9/BR34) -> 8.0379281e-11 | CA34: =L34/(Y34/1000*(Z34+AA34*N34)) -> 1.3288146e-09
A35: 0.6LiF-0.4NaF | C35: 2 | D35: 15.2 | E35: 15.2 | F35: =D35*1.6726219E-27 -> 2.5423853e-26 | G35: =E35*9.1093856E-31 -> 1.3846266e-29 | H35: =((F35*D35)/(G35*E35)) -> 1836.1523 | I35: =D35/E35 -> 1 | J35: =(F35)-(G35) -> 2.5410007e-26 | K35: 32.3586 | L35: =0.116*EXP(26800/(8.3144598*N35))/1000 -> 0.0039071252 | M35: =N35^-1 -> 0.0010911075 | N35: 916.5 | O35: 1.5885584e-05 | P35: 0.00027773489 | Q35: =6.02214076E+23/O35 -> 3.7909472e+28 | T35: =0.6*T2+0.4*T3 -> 2.194e-10 | U35: =(( (O35/6.02214076E+23)^(1/3)) + (T35)) / 2 -> 2.5854038e-10 | X35: =T35*10000000000 -> 2.194 | Y35: 2014141.4 | Z35: 2298.2284 | AH35: 2 | AI35: 2 | AJ35: =AH35+AI35 -> 4 | AL35: 0.86544945 | AM35: =1/3*BL35*BC35*T35 -> 0.70465998 | AN35: =ABS((AL35-AM35)/AL35) -> 0.18578725 | AO35: =1/3*BL35*BC35*AW35 -> 0.61490801 | AP35: =1/3*BL35*BC35*AX35 -> 0.73223098 | AQ35: 0.56745362 | AR35: =(AL35-AQ35)/AL35 -> 0.34432494 | AS35: =AL35/(1/3*BC35*T35) -> 5149121.7 | AT35: =AL35/(1/3*BC35*AY35) -> 4192480.6 | AU35: 3.2117592e+09 | AV35: =AQ35/AU35 -> 1.7668e-10 | AW35: 1.914552e-10 | AX35: 2.2798439e-10 | AY35: =AL35/(1/3*BL35*BC35) -> 2.6946274e-10 | AZ35: =AL35/AU35 -> 2.6946274e-10 | BA35: =(AZ35-AV35)/AV35 -> 0.52514569 | BB35: =AQ35/BC35 -> 0.00024690915 | BC35: =Z35+AA35*N35 -> 2298.2284 | BE35: =AL35/BB35 -> 3505.1331 | BF35: =(BE35-BC35)/BC35 -> 0.52514569 | BG35: =AQ35/BH35 -> 0.0085203247 | BH35: 66.6 | BI35: =1.380649E-23*Q35 -> 523396.74 | BK35: =BL35/1000000 -> 4.1924806 | BL35: =BH35/O35 -> 4192480.6 | BM35: =AL35/(BG35) -> 101.5747 | BN35: =(BM35-BH35)/BH35 -> 0.52514569 | BO35: =BC35*BL35 -> 9.6352777e+09 | BP35: =BO35*0.0000000001 -> 0.96352777 | BQ35: =BO35*T35 -> 2.1139799 | BR35: 7.21109 | BT35: 0.84938809 | BU35: =SQRT(BT35/BR35) -> 0.34320422 | BV35: =SQRT(1/BR35) -> 0.37239131 | BX35: =T35*SQRT(0.9/BR35) -> 7.7509943e-11 | CA35: =L35/(Y35/1000*(Z35+AA35*N35)) -> 8.4406168e-10
A36: 0.63NaCl-0.37UCl3 (ORNL) | C36: 2 | D36: 57.97 | E36: 57.23 | F36: =D36*1.6726219E-27 -> 9.6961892e-26 | G36: =E36*9.1093856E-31 -> 5.2133014e-29 | H36: =((F36*D36)/(G36*E36)) -> 1883.9432 | I36: =D36/E36 -> 1.0129303 | J36: =(F36)-(G36) -> 9.6909759e-26 | K36: 164.24072 | L36: =10^(-1.2675+1704/N36+0/N36^2)/1000 -> 0.0080532167 | M36: =N36^-1 -> 0.0012755102 | N36: 784 | O36: 4.6078431e-05 | P36: 0.00034092676 | Q36: =6.02214076E+23/O36 -> 1.3069327e+28 | T36: =0.63*T8+0.37*T22 -> 2.8818e-10 | U36: =(( (O36/6.02214076E+23)^(1/3)) + (T36)) / 2 -> 3.5635852e-10 | V36: 2.65819 | X36: =T36*10000000000 -> 2.8818 | Y36: 2996639.7 | Z36: 1451.7495 | AH36: 2 | AI36: 4 | AJ36: =AH36+AI36 -> 6 | AL36: 0.23926258 | AM36: =1/3*BL36*BC36*T36 -> 0.30071201 | AN36: =ABS((AL36-AM36)/AL36) -> 0.25682845 | AO36: =1/3*BL36*BC36*AW36 -> 0.28418198 | AP36: =1/3*BL36*BC36*AX36 -> 0.2930153 | AQ36: 0.2476864 | AR36: =(AL36-AQ36)/AL36 -> -0.035207434 | AS36: =AL36/(1/3*BC36*T36) -> 1715696.7 | AT36: =AL36/(1/3*BC36*AY36) -> 2156336.4 | AU36: 1.0434868e+09 | AV36: =AQ36/AU36 -> 2.373642e-10 | AW36: 2.7233885e-10 | AX36: 2.8080404e-10 | AY36: =AL36/(1/3*BL36*BC36) -> 2.2929144e-10 | AZ36: =AL36/AU36 -> 2.2929144e-10 | BA36: =(AZ36-AV36)/AV36 -> -0.034010028 | BB36: =AQ36/BC36 -> 0.00017061236 | BC36: =Z36+AA36*N36 -> 1451.7495 | BE36: =AL36/BB36 -> 1402.3754 | BF36: =(BE36-BC36)/BC36 -> -0.034010028 | BG36: =AQ36/BH36 -> 0.002492803 | BH36: 99.3606 | BI36: =1.380649E-23*Q36 -> 180441.53 | BK36: =BL36/1000000 -> 2.1563364 | BL36: =BH36/O36 -> 2156336.4 | BM36: =AL36/(BG36) -> 95.981343 | BN36: =(BM36-BH36)/BH36 -> -0.034010028 | BO36: =BC36*BL36 -> 3.1304603e+09 | BP36: =BO36*0.0000000001 -> 0.31304603 | BQ36: =BO36*T36 -> 0.90213604 | BR36: 20.202092 | BT36: 0.8503299 | BU36: =SQRT(BT36/BR36) -> 0.20516135 | BV36: =SQRT(1/BR36) -> 0.22248556 | BX36: =T36*SQRT(0.9/BR36) -> 6.0825673e-11 | CA36: =L36/(Y36/1000*(Z36+AA36*N36)) -> 1.8511567e-09
A37: 0.658NaCl-0.342UCl3 (ANL) | C37: 2 | D37: 55.702 | E37: 55.018 | F37: =D37*1.6726219E-27 -> 9.3168385e-26 | G37: =E37*9.1093856E-31 -> 5.0118018e-29 | H37: =((F37*D37)/(G37*E37)) -> 1882.0912 | I37: =D37/E37 -> 1.0124323 | J37: =(F37)-(G37) -> 9.3118267e-26 | K37: 156.23418 | L37: =10^(-1.2179+1557/N37+0/N37^2)/1000 -> 0.0058623182 | M37: =N37^-1 -> 0.0012755102 | N37: 784 | O37: 4.5172249e-05 | P37: 0.00034144514 | Q37: =6.02214076E+23/O37 -> 1.3331505e+28 | T37: =0.658*T8+0.342*T22 -> 2.87788e-10 | U37: =(( (O37/6.02214076E+23)^(1/3)) + (T37)) / 2 -> 3.547618e-10 | X37: =T37*10000000000 -> 2.87788 | Y37: 2899543.9 | Z37: 1470.4556 | AH37: 2 | AI37: 4 | AJ37: =AH37+AI37 -> 6 | AL37: 0.27567442 | AM37: =1/3*BL37*BC37*T37 -> 0.30324622 | AN37: =ABS((AL37-AM37)/AL37) -> 0.10001579 | AO37: =1/3*BL37*BC37*AW37 -> 0.28696723 | AP37: =1/3*BL37*BC37*AX37 -> 0.3165179 | AQ37: 0.25155328 | AR37: =(AL37-AQ37)/AL37 -> 0.087498657 | AS37: =AL37/(1/3*BC37*T37) -> 1954308.6 | AT37: =AL37/(1/3*BC37*AY37) -> 2149770.3 | AU37: 1.0537139e+09 | AV37: =AQ37/AU37 -> 2.3873015e-10 | AW37: 2.7233885e-10 | AX37: 3.0038315e-10 | AY37: =AL37/(1/3*BL37*BC37) -> 2.616217e-10 | AZ37: =AL37/AU37 -> 2.616217e-10 | BA37: =(AZ37-AV37)/AV37 -> 0.095888798 | BB37: =AQ37/BC37 -> 0.00017107167 | BC37: =Z37+AA37*N37 -> 1470.4556 | BE37: =AL37/BB37 -> 1611.4558 | BF37: =(BE37-BC37)/BC37 -> 0.095888798 | BG37: =AQ37/BH37 -> 0.0025903963 | BH37: 97.10996 | BI37: =1.380649E-23*Q37 -> 184061.29 | BK37: =BL37/1000000 -> 2.1497703 | BL37: =BH37/O37 -> 2149770.3 | BM37: =AL37/(BG37) -> 106.42172 | BN37: =(BM37-BH37)/BH37 -> 0.095888798 | BO37: =BC37*BL37 -> 3.1611417e+09 | BP37: =BO37*0.0000000001 -> 0.31611417 | BQ37: =BO37*T37 -> 0.90973865 | BR37: 19.72864 | BT37: 0.8503299 | BU37: =SQRT(BT37/BR37) -> 0.20760851 | BV37: =SQRT(1/BR37) -> 0.22513936 | BX37: =T37*SQRT(0.9/BR37) -> 6.1467473e-11 | CA37: =L37/(Y37/1000*(Z37+AA37*N37)) -> 1.3749528e-09
A38: (NaF-KF)-.3UF4 | K38: 128.10887 | L38: =0.0767*EXP(39300/(8.3144598*N38))/1000 -> 0.0090410767 | N38: 991 | O38: 3.0243424e-05 | P38: 0.00023876282 | Q38: =6.02214076E+23/O38 -> 1.9912232e+28 | T38: =0.582*T3+0.388*T4+0.3*T21 -> 3.08518e-10 | U38: =(( (O38/6.02214076E+23)^(1/3)) + (T38)) / 2 -> 3.3873082e-10 | X38: =T38*10000000000 -> 3.08518 | Y38: 3498633.6 | Z38: =BC38 -> 1348.6175 | AH38: 3 | AI38: 6 | AJ38: =AH38+AI38 -> 9 | AL38: 0.49395062 | AM38: =1/3*BL38*BC38*T38 -> 0.46048979 | AN38: =ABS((AL38-AM38)/AL38) -> 0.067741246 | AQ38: 0.25347402 | AR38: =(AL38-AQ38)/AL38 -> 0.48684341 | AS38: =AL38/(1/3*BC38*T38) -> 3561520.8 | AT38: =AL38/(1/3*BC38*AY38) -> 3320258.9 | AU38: 1.4925865e+09 | AV38: =AQ38/AU38 -> 1.69822e-10 | AY38: =AL38/(1/3*BL38*BC38) -> 3.3093602e-10 | AZ38: =AL38/AU38 -> 3.3093602e-10 | BA38: =(AZ38-AV38)/AV38 -> 0.94872289 | BB38: =AQ38/BC38 -> 0.000187951 | BC38: 1348.6175 | BE38: =AL38/BB38 -> 2628.0818 | BF38: =(BE38-BC38)/BC38 -> 0.94872289 | BG38: =AQ38/BH38 -> 0.0025242393 | BH38: 100.416 | BI38: =1.380649E-23*Q38 -> 274918.03 | BK38: =BL38/1000000 -> 3.3202589 | BL38: =BH38/O38 -> 3320258.9 | BM38: =AL38/(BG38) -> 195.68296 | BN38: =(BM38-BH38)/BH38 -> 0.94872289 | BO38: =BC38*BL38 -> 4.4777594e+09 | BP38: =BO38*0.0000000001 -> 0.44777594 | BQ38: =BO38*T38 -> 1.3814694 | BR38: 13.56083 | BV38: =SQRT(1/BR38) -> 0.27155441 | BX38: =T38*SQRT(0.9/BR38) -> 7.9480141e-11 | CA38: =L38/(Y38/1000*(Z38+AA38*N38)) -> 1.916165e-09
A39: (NaF-KF)-.4UF4 | K39: 154.66796 | L39: =0.0767*EXP(39300/(8.3144598*N39))/1000 -> 0.0081514268 | N39: 1013 | O39: 3.2645143e-05 | P39: 0.00022077563 | Q39: =6.02214076E+23/O39 -> 1.8447279e+28 | T39: =0.576*T3+0.384*T4+0.4*T21 -> 3.28224e-10 | U39: =(( (O39/6.02214076E+23)^(1/3)) + (T39)) / 2 -> 3.5334312e-10 | X39: =T39*10000000000 -> 3.28224 | Y39: 3957693.6 | Z39: =BC39 -> 1272.126 | AH39: 3 | AI39: 6 | AJ39: =AH39+AI39 -> 9 | AL39: 0.45693694 | AM39: =1/3*BL39*BC39*T39 -> 0.4729354 | AN39: =ABS((AL39-AM39)/AL39) -> 0.03501241 | AQ39: 0.24265777 | AR39: =(AL39-AQ39)/AL39 -> 0.46894691 | AS39: =AL39/(1/3*BC39*T39) -> 3283046.6 | AT39: =AL39/(1/3*BC39*AY39) -> 3397994 | AU39: 1.4408922e+09 | AV39: =AQ39/AU39 -> 1.68408e-10 | AY39: =AL39/(1/3*BL39*BC39) -> 3.1712084e-10 | AZ39: =AL39/AU39 -> 3.1712084e-10 | BA39: =(AZ39-AV39)/AV39 -> 0.8830509 | BB39: =AQ39/BC39 -> 0.00019074979 | BC39: 1272.126 | BE39: =AL39/BB39 -> 2395.478 | BF39: =(BE39-BC39)/BC39 -> 0.8830509 | BG39: =AQ39/BH39 -> 0.002187525 | BH39: 110.928 | BI39: =1.380649E-23*Q39 -> 254692.18 | BK39: =BL39/1000000 -> 3.397994 | BL39: =BH39/O39 -> 3397994 | BM39: =AL39/(BG39) -> 208.88307 | BN39: =(BM39-BH39)/BH39 -> 0.8830509 | BO39: =BC39*BL39 -> 4.3226766e+09 | BP39: =BO39*0.0000000001 -> 0.43226766 | BQ39: =BO39*T39 -> 1.4188062 | BR39: 14.137014 | BV39: =SQRT(1/BR39) -> 0.26596296 | BX39: =T39*SQRT(0.9/BR39) -> 8.2815713e-11 | CA39: =L39/(Y39/1000*(Z39+AA39*N39)) -> 1.619054e-09
A40: (NaF-KF)-.5UF4 | K40: 181.22705 | L40: =0.0767*EXP(39300/(8.3144598*N40))/1000 -> 0.0078587879 | N40: 1021 | O40: 3.494914e-05 | P40: 0.00020501178 | Q40: =6.02214076E+23/O40 -> 1.7231156e+28 | T40: =0.57*T3+0.38*T4+0.5*T21 -> 3.4793e-10 | U40: =(( (O40/6.02214076E+23)^(1/3)) + (T40)) / 2 -> 3.675471e-10 | X40: =T40*10000000000 -> 3.4793 | Y40: 4426131.4 | Z40: =BC40 -> 1215.1718 | AH40: 3 | AI40: 6 | AJ40: =AH40+AI40 -> 9 | AL40: 0.43928571 | AM40: =1/3*BL40*BC40*T40 -> 0.48970392 | AN40: =ABS((AL40-AM40)/AL40) -> 0.11477315 | AQ40: 0.23920093 | AR40: =(AL40-AQ40)/AL40 -> 0.45547755 | AS40: =AL40/(1/3*BC40*T40) -> 3117014.1 | AT40: =AL40/(1/3*BC40*AY40) -> 3474763.6 | AU40: 1.4074783e+09 | AV40: =AQ40/AU40 -> 1.6995e-10 | AY40: =AL40/(1/3*BL40*BC40) -> 3.1210834e-10 | AZ40: =AL40/AU40 -> 3.1210834e-10 | BA40: =(AZ40-AV40)/AV40 -> 0.83647156 | BB40: =AQ40/BC40 -> 0.00019684536 | BC40: 1215.1718 | BE40: =AL40/BB40 -> 2231.6285 | BF40: =(BE40-BC40)/BC40 -> 0.83647156 | BG40: =AQ40/BH40 -> 0.0019697047 | BH40: 121.44 | BI40: =1.380649E-23*Q40 -> 237901.78 | BK40: =BL40/1000000 -> 3.4747636 | BL40: =BH40/O40 -> 3474763.6 | BM40: =AL40/(BG40) -> 223.02111 | BN40: =(BM40-BH40)/BH40 -> 0.83647156 | BO40: =BC40*BL40 -> 4.2224349e+09 | BP40: =BO40*0.0000000001 -> 0.42224349 | BQ40: =BO40*T40 -> 1.4691118 | BR40: 14.713198 | BV40: =SQRT(1/BR40) -> 0.26070326 | BX40: =T40*SQRT(0.9/BR40) -> 8.6051727e-11 | CA40: =L40/(Y40/1000*(Z40+AA40*N40)) -> 1.4611459e-09
A41: H2O | B41: 0.01 | C41: 1 | D41: 10 | E41: 10 | F41: =D41*1.6726219E-27 -> 1.6726219e-26 | G41: =E41*9.1093856E-31 -> 9.1093856e-30 | H41: =((F41*D41)/(G41*E41)) -> 1836.1523 | I41: =D41/E41 -> 1 | J41: =(F41)-(G41) -> 1.671711e-26 | K41: 18.015 | L41: 0.001793 | M41: =N41^-1 -> 0.0036609921 | N41: 273.15 | O41: 1.802e-05 | P41: 5.1e-05 | Q41: =6.02214076E+23/O41 -> 3.3419205e+28 | T41: 3.1e-10 | U41: =(( (O41/6.02214076E+23)^(1/3)) + (T41)) / 2 -> 3.1022844e-10 | X41: =T41*10000000000 -> 3.1 | Y41: 999840 | Z41: 1403 | AA41: 0 | AB41: 999840 | AC41: 0 | AL41: 0.561 | AM41: =1/3*BL41*BC41*T41 -> 0.60645622 | AN41: =ABS((AL41-AM41)/AL41) -> 0.081027135 | AQ41: =AU41*T41 -> 0.60645622 | AR41: =(AL41-AQ41)/AL41 -> -0.081027135 | AS41: =AL41/(1/3*BC41*T41) -> 3869588.2 | AT41: =AL41/(1/3*BC41*AY41) -> 4183129.9 | AU41: =1/3*BH41/O41*Z41 -> 1.9563104e+09 | AV41: =T41 -> 3.1e-10 | AY41: =AL41/(1/3*BL41*BC41) -> 2.8676431e-10 | AZ41: =AL41/(1/3*BH41/O41*Z41) -> 2.8676431e-10 | BA41: =(AZ41-AV41)/AV41 -> -0.07495384 | BB41: =AQ41/BC41 -> 0.00043225675 | BC41: =Z41+AA41*N41 -> 1403 | BE41: =AL41/BB41 -> 1297.8398 | BF41: =(BE41-BC41)/BC41 -> -0.07495384 | BG41: =AQ41/BH41 -> 0.00804532 | BH41: 75.38 | BI41: =1.380649E-23*Q41 -> 461401.92 | BK41: =BL41/1000000 -> 4.1831299 | BL41: =BH41/O41 -> 4183129.9 | BM41: =AL41/(BG41) -> 69.72998 | BN41: =(BM41-BH41)/BH41 -> -0.07495384 | BO41: =BC41*BL41 -> 5.8689312e+09 | BP41: =BO41*0.0000000001 -> 0.58689312 | BQ41: =BO41*T41 -> 1.8193687 | CA41: =L41/(Y41/1000*(Z41+AA41*N41)) -> 1.2781803e-09
AN42: =AVERAGE(AN2:AN41) -> 0.26496425
AN43: =MAX(AN2:AN41) -> 0.55446901
AN44: =MIN(AN2:AN41) -> 0.03501241 | AV44: 0
AV45: 250
AM46: Unary Flourides
AM47: Unary Chlorides
AM48: Unary Alkaline Earth Flourides
AM49: Unary Alkaline Earth Chlorides
AM50: Unary Nitrates
G51: LiCl | H51: 5.6672852 | AM51: Fluoride Mixtures
G52: NaCl | H52: 3.6125286 | AM52: Chloride Mixtures
G53: KCl | H53: 2.160308 | AM53: Fluoride Actinide Mixtures
AM54: Chloride Actinide Mixtures
AM55: Water

Sheet GUI_plotter_results_BC
A1: Salt Composition | B1: PDF Source | C1: Melting Temp (K) | D1: Min Measured Temp (K) | E1: Present Model at Min Meas Temp (W/m-K) | F1: Present Model, Mix Data at Min Meas Temp (W/m-K) | G1: Ideal at Min Meas Temp (W/m-K) | H1: TC Experimental (W/m-K) | I1: Exp. Reference | J1: TC MSTDB (W/m-K) | K1: MSTDB Reference | L1: GECM c_m (J/kg-K) | M1: GECM c' (J/kg-KÂ²) | N1: GECM_Mix c_m (J/kg-K) | O1: GECM_Mix c' (J/kg-KÂ²) | P1: cp,m | Q1: GECM v_m (m/s) | R1: GECM v' (m/s/K) | S1: GECM_Mix v_m (m/s) | T1: GECM_Mix v' (m/s/K) | U1: v_m | V1: l_melt | W1: l_min_meas | Y1: cp_BC | Z1: v_BC | AA1: l_BC
A2: 1.0LiCl | B2: Walz, 2019 | C2: 883 | D2: 907.84314 | E2: 0.66267842 | H2: 0.71088282 | I2: LiCl (Nagasaka, 1992),LiCl (Smirnov, 1987) | L2: 2303686.5 | M2: -663.78865 | P2: =(L2+M2*(C2-C2)) -> 2303686.5 | Q2: 2079.483 | R2: -0.849 | U2: =Q2+R2*(C2-C2) -> 2079.483 | V2: =E2/(1/3*(L2+M2*(C2-C2))*(Q2+R2*(C2-C2))) -> 4.1499736e-10 | W2: =E2/(1/3*(L2+M2*(D2-C2))*(Q2+R2*(D2-C2))) -> 4.2227251e-10 | Y2: =H2/(1/3*U2*V2) -> 2471260.7 | Z2: =H2/(1/3*P2*V2) -> 2230.7483 | AA2: =H2/(1/3*U2*P2) -> 4.45185e-10
A3: 1.0KCl | B3: Walz, 2019 | C3: 1042.7 | D3: 1052.1639 | E3: 0.41133533 | H3: 0.34773254 | I3: KCl (Harada, 1992),KCl (Hatakeyama, 1988),KCl (Nagasaka, 1988),KCl (Nagasaka, 1992) | L3: 1508405.1 | M3: -575.65945 | P3: =(L3+M3*(C3-C3)) -> 1508405.1 | Q3: 1632.6594 | R3: -0.878 | U3: =Q3+R3*(C3-C3) -> 1632.6594 | V3: =E3/(1/3*(L3+M3*(C3-C3))*(Q3+R3*(C3-C3))) -> 5.010761e-10 | W3: =E3/(1/3*(L3+M3*(D3-C3))*(Q3+R3*(D3-C3))) -> 5.0546494e-10 | Y3: =H3/(1/3*U3*V3) -> 1275167.7 | Z3: =H3/(1/3*P3*V3) -> 1380.2092 | AA3: =H3/(1/3*U3*P3) -> 4.2359713e-10
A4: 1.0LiF | B4: Walz, 2019 | C4: 1121.2 | D4: 1121.2 | E4: 1.324322 | H4: 1.3697681 | I4: LiF (Golyshev, 1982),LiF (Golyshev, 1992),LiF (Smirnov, 1987),LiF (Skreenivasan, 1967),LiF (Khlebnikov, 1981) | L4: 4476075.2 | M4: -1213.2634 | P4: =(L4+M4*(C4-C4)) -> 4476075.2 | Q4: 2571.7112 | R4: -1.174 | U4: =Q4+R4*(C4-C4) -> 2571.7112 | V4: =E4/(1/3*(L4+M4*(C4-C4))*(Q4+R4*(C4-C4))) -> 3.4514e-10 | W4: =E4/(1/3*(L4+M4*(D4-C4))*(Q4+R4*(D4-C4))) -> 3.4514e-10 | Y4: =H4/(1/3*U4*V4) -> 4629678.3 | Z4: =H4/(1/3*P4*V4) -> 2659.9633 | AA4: =H4/(1/3*U4*P4) -> 3.5698399e-10
A5: 1.0NaF | B5: Walz, 2019 | C5: 1268 | D5: 1276.2108 | E5: 0.87347029 | H5: 1.179152 | I5: NaF (Smirnov, 1987),NaF (Polyakov, 1975) | L5: 3257796.3 | M5: -1063.3324 | P5: =(L5+M5*(C5-C5)) -> 3257796.3 | Q5: 2078.72 | R5: -0.96 | U5: =Q5+R5*(C5-C5) -> 2078.72 | V5: =E5/(1/3*(L5+M5*(C5-C5))*(Q5+R5*(C5-C5))) -> 3.8694521e-10 | W5: =E5/(1/3*(L5+M5*(D5-C5))*(Q5+R5*(D5-C5))) -> 3.8946182e-10 | Y5: =H5/(1/3*U5*V5) -> 4397902.5 | Z5: =H5/(1/3*P5*V5) -> 2806.1938 | AA5: =H5/(1/3*U5*P5) -> 5.2236148e-10
A6: 1.0KF | B6: Walz, 2019 | C6: 1131.2 | D6: 1130.597 | E6: 0.58083041 | H6: 0.62277172 | I6: KF (Smirnov, 1987) | L6: 2198743.7 | M6: -750.21688 | P6: =(L6+M6*(C6-C6)) -> 2198743.7 | Q6: 1833.136 | R6: -0.845 | U6: =Q6+R6*(C6-C6) -> 1833.136 | V6: =E6/(1/3*(L6+M6*(C6-C6))*(Q6+R6*(C6-C6))) -> 4.32316e-10 | W6: =E6/(1/3*(L6+M6*(D6-C6))*(Q6+R6*(D6-C6))) -> 4.3210697e-10 | Y6: =H6/(1/3*U6*V6) -> 2357513.3 | Z6: =H6/(1/3*P6*V6) -> 1965.5053 | AA6: =H6/(1/3*U6*P6) -> 4.635332e-10
A7: 1.0CaCl2 | B7: McGreevy, 1987 | C7: 1045 | L7: 1928974.6 | M7: -390.79019 | P7: =(L7+M7*(C7-C7)) -> 1928974.6 | Q7: 2065.03 | R7: 2.24e-16 | U7: =Q7+R7*(C7-C7) -> 2065.03 | V7: =E7/(1/3*(L7+M7*(C7-C7))*(Q7+R7*(C7-C7))) -> 0 | W7: =E7/(1/3*(L7+M7*(D7-C7))*(Q7+R7*(D7-C7))) -> 0
A8: 1.0SrCl2 | B8: McGreevy, 1987 | C8: 1146 | L8: 1799756.6 | M8: -381.38097 | P8: =(L8+M8*(C8-C8)) -> 1799756.6 | Q8: 1873.13 | R8: -3.2e-16 | U8: =Q8+R8*(C8-C8) -> 1873.13 | V8: =E8/(1/3*(L8+M8*(C8-C8))*(Q8+R8*(C8-C8))) -> 0 | W8: =E8/(1/3*(L8+M8*(D8-C8))*(Q8+R8*(D8-C8))) -> 0
A9: 0.64NaCl-0.36UCl3 | B9: ANL-Andersson, 2022 | C9: 822 | D9: 802 | E9: 0.30155487 | G9: 0.44086705 | H9: 0.24178034 | I9: 63NaCl-37UCl3 (Termini, 2024),65.8NaCl-34.2UCl3 (Rose, 2023) | L9: 2129019.7 | M9: -656.68402 | P9: =(L9+M9*(C9-C9)) -> 2129019.7 | Q9: 1453.8835 | R9: -0.39416043 | U9: =Q9+R9*(C9-C9) -> 1453.8835 | V9: =E9/(1/3*(L9+M9*(C9-C9))*(Q9+R9*(C9-C9))) -> 2.92266e-10 | W9: =E9/(1/3*(L9+M9*(D9-C9))*(Q9+R9*(D9-C9))) -> 2.8890759e-10 | Y9: =H9/(1/3*U9*V9) -> 1707003.1 | Z9: =H9/(1/3*P9*V9) -> 1165.6932 | AA9: =H9/(1/3*U9*P9) -> 2.3433272e-10
A10: 0.5LiF-0.5BeF2 | B10: Sun, 2024 | C10: 654 | L10: 4146145.8 | M10: -396.44925 | N10: 4895548.3 | O10: -926.3042 | P10: =(N10+O10*(C10-C10)) -> 4895548.3 | Q10: 2704.5388 | R10: -0.34105291 | S10: 3551.6475 | T10: -1.1019299 | U10: =S10+T10*(C10-C10) -> 3551.6475 | V10: =E10/(1/3*(L10+M10*(C10-C10))*(Q10+R10*(C10-C10))) -> 0 | W10: =E10/(1/3*(L10+M10*(D10-C10))*(Q10+R10*(D10-C10))) -> 0
A11: 0.66LiF-0.34BeF2 | B11: Fayfar, 2023 | C11: 733 | L11: 4323157.2 | M11: -589.00441 | N11: 5313500.3 | O11: -1020.6428 | P11: =(N11+O11*(C11-C11)) -> 5313500.3 | Q11: 2760.3323 | R11: -0.54504916 | S11: 3464.595 | T11: -1.1019299 | U11: =S11+T11*(C11-C11) -> 3464.595 | V11: =E11/(1/3*(L11+M11*(C11-C11))*(Q11+R11*(C11-C11))) -> 0 | W11: =E11/(1/3*(L11+M11*(D11-C11))*(Q11+R11*(D11-C11))) -> 0
A12: 0.6LiF-0.4NaF | B12: Grizzi, 2024 | C12: 930 | D12: 933.1 | E12: 0.81674049 | F12: 0.75866148 | G12: 1.228198 | H12: 0.86713739 | I12: 0.6LiF-0.4NaF (BYU) | L12: 4176953.8 | M12: -1150.2767 | N12: 4176953.8 | O12: -1150.2767 | P12: =(N12+O12*(C12-C12)) -> 4176953.8 | Q12: 2589.814 | R12: -1.0633708 | S12: 2404.86 | T12: -0.698 | U12: =S12+T12*(C12-C12) -> 2404.86 | V12: =E12/(1/3*(L12+M12*(C12-C12))*(Q12+R12*(C12-C12))) -> 2.2650464e-10 | W12: =E12/(1/3*(L12+M12*(D12-C12))*(Q12+R12*(D12-C12))) -> 2.2698709e-10 | Y12: =H12/(1/3*U12*V12) -> 4775757.5 | Z12: =H12/(1/3*P12*V12) -> 2749.6182 | AA12: =H12/(1/3*U12*P12) -> 2.5897611e-10
A13: 0.465LiF-0.115NaF-0.42KF | B13: Frandsen, 2020 | C13: 735 | D13: 742.4 | E13: 0.66960862 | F13: 0.79544603 | G13: 1.0975899 | H13: 0.75900891 | I13: 0.465LiF-0.115NaF-0.42KF (BYU_RR),0.465LiF-0.115NaF-0.42KF (Merritt, 2022),0.465LiF-0.115NaF-0.42KF (Gallagher, 2022),0.465LiF-0.115NaF-0.42KF (Khokhlov, 2011),0.465LiF-0.115NaF-0.42KF (Rudenko, 2022),0.465LiF-0.115NaF-0.42KF (An, 2015),0.465LiF-0.115NaF-0.42KF (Robertson, 2022),0.465LiF-0.115NaF-0.42KF (MIT RR) | L13: 3402318.9 | M13: -957.23555 | N13: 4129410.1 | O13: -1374.7437 | P13: =(N13+O13*(C13-C13)) -> 4129410.1 | Q13: 2408.0441 | R13: -0.94763243 | S13: 2359.15 | T13: -1.2 | U13: =S13+T13*(C13-C13) -> 2359.15 | V13: =E13/(1/3*(L13+M13*(C13-C13))*(Q13+R13*(C13-C13))) -> 2.4519005e-10 | W13: =E13/(1/3*(L13+M13*(D13-C13))*(Q13+R13*(D13-C13))) -> 2.4641919e-10 | Y13: =H13/(1/3*U13*V13) -> 3936495.3 | Z13: =H13/(1/3*P13*V13) -> 2248.9369 | AA13: =H13/(1/3*U13*P13) -> 2.3373544e-10
A14: 0.34500000000000003NaF-0.59KF-0.065MgF2 | C14: 958 | D14: 966.7 | E14: 0.48497295 | G14: 0.74255404 | H14: 0.8299279 | I14: 0.345NaF-0.59KF-0.065MgF2 (BYU),0.345NaF-0.59KF-0.065MgF2 (Rudenko, 2024) | L14: 2774359.3 | M14: -853.86165 | P14: =(L14+M14*(C14-C14)) -> 2774359.3 | Q14: 2066.8356 | R14: -0.8512565 | U14: =Q14+R14*(C14-C14) -> 2066.8356 | V14: =E14/(1/3*(L14+M14*(C14-C14))*(Q14+R14*(C14-C14))) -> 2.5372902e-10 | W14: =E14/(1/3*(L14+M14*(D14-C14))*(Q14+R14*(D14-C14))) -> 2.5532511e-10 | Y14: =H14/(1/3*U14*V14) -> 4747724.9 | Z14: =H14/(1/3*P14*V14) -> 3536.9488 | AA14: =H14/(1/3*U14*P14) -> 4.3420317e-10
A15: 0.38NaCl-0.21KCl-0.41000000000000003MgCl2 | C15: 750 | D15: 722.73281 | E15: 0.33623308 | F15: 0.28042658 | G15: 0.48929504 | H15: 0.45832502 | I15: 0.2046NaCl-0.4131KCl-0.3823MgCl2 (Wang, 2021) | L15: 1797748.4 | M15: -445.16413 | N15: 1499365.9 | O15: -550.04424 | P15: =(L15+M15*(C15-C15)) -> 1797748.4 | Q15: 2041.5014 | R15: -0.60413319 | S15: 2041.5014 | T15: -0.60413319 | U15: =Q15+R15*(C15-C15) -> 2041.5014 | V15: =E15/(1/3*(L15+M15*(C15-C15))*(Q15+R15*(C15-C15))) -> 2.74842e-10 | W15: =E15/(1/3*(L15+M15*(D15-C15))*(Q15+R15*(D15-C15))) -> 2.708135e-10 | Y15: =H15/(1/3*U15*V15) -> 2450541.3 | Z15: =H15/(1/3*P15*V15) -> 2782.8053 | AA15: =H15/(1/3*U15*P15) -> 3.746418e-10
A16: 0.45NaCl-0.33KCl-0.22MgCl2 | C16: 750 | L16: 1823037.2 | M16: -516.78925 | N16: 1499365.9 | O16: -550.04424 | P16: =(L16+M16*(C16-C16)) -> 1823037.2 | Q16: 2008.0415 | R16: -0.75955695 | S16: 2008.0415 | T16: -0.75955695 | U16: =Q16+R16*(C16-C16) -> 2008.0415 | V16: =E16/(1/3*(L16+M16*(C16-C16))*(Q16+R16*(C16-C16))) -> 0 | W16: =E16/(1/3*(L16+M16*(D16-C16))*(Q16+R16*(D16-C16))) -> 0
A17: 0.5454LiF-0.3636NaF-0.091UF4 | B17: Grizzi, 2024 | C17: 750 | L17: 4270154.2 | M17: -981.92887 | P17: =(L17+M17*(C17-C17)) -> 4270154.2 | Q17: 2018.7028 | R17: -0.50070395 | U17: =Q17+R17*(C17-C17) -> 2018.7028 | V17: =E17/(1/3*(L17+M17*(C17-C17))*(Q17+R17*(C17-C17))) -> 0 | W17: =E17/(1/3*(L17+M17*(D17-C17))*(Q17+R17*(D17-C17))) -> 0
A18: 0.7000000000000001LiCl-0.3CaCl2 | C18: 750 | L18: 2238425.1 | M18: -537.6275 | P18: =(L18+M18*(C18-C18)) -> 2238425.1 | Q18: 2112.201 | R18: -0.57362521 | U18: =Q18+R18*(C18-C18) -> 2112.201 | V18: =E18/(1/3*(L18+M18*(C18-C18))*(Q18+R18*(C18-C18))) -> 0 | W18: =E18/(1/3*(L18+M18*(D18-C18))*(Q18+R18*(D18-C18))) -> 0
A19: 0.4703NaCl-0.5097CaCl2 | B19: Wei, 2022 | C19: 750 | L19: 2051550 | M19: -491.51932 | P19: =(L19+M19*(C19-C19)) -> 2051550 | Q19: 2052.6091 | R19: -0.50634044 | U19: =Q19+R19*(C19-C19) -> 2052.6091 | V19: =E19/(1/3*(L19+M19*(C19-C19))*(Q19+R19*(C19-C19))) -> 0 | W19: =E19/(1/3*(L19+M19*(D19-C19))*(Q19+R19*(D19-C19))) -> 0
A20: 0.718KCl-0.282CaCl2 | B20: Wei, 2022 | C20: 750 | L20: 1790703.4 | M20: -534.21578 | N20: 1790703.4 | O20: -534.21578 | P20: =(N20+O20*(C20-C20)) -> 1790703.4 | Q20: 1915.9488 | R20: -0.77595472 | S20: 1915.9488 | T20: -0.77595472 | U20: =S20+T20*(C20-C20) -> 1915.9488 | V20: =E20/(1/3*(L20+M20*(C20-C20))*(Q20+R20*(C20-C20))) -> 0 | W20: =E20/(1/3*(L20+M20*(D20-C20))*(Q20+R20*(D20-C20))) -> 0
A21: 0.718KCl-0.282CaCl2 | B21: Wei, 2022 | C21: 750 | L21: 1790703.4 | M21: -534.21578 | P21: =(L21+M21*(C21-C21)) -> 1790703.4 | Q21: 1915.9488 | R21: -0.77595472 | U21: =Q21+R21*(C21-C21) -> 1915.9488 | V21: =E21/(1/3*(L21+M21*(C21-C21))*(Q21+R21*(C21-C21))) -> 0 | W21: =E21/(1/3*(L21+M21*(D21-C21))*(Q21+R21*(D21-C21))) -> 0
A22: 0.535NaCl-0.15MgCl2-0.315CaCl2 | C22: 750 | L22: 1984667.6 | M22: -477.19297 | P22: =(L22+M22*(C22-C22)) -> 1984667.6 | Q22: 2060.6052 | R22: -0.53339629 | U22: =Q22+R22*(C22-C22) -> 2060.6052 | V22: =E22/(1/3*(L22+M22*(C22-C22))*(Q22+R22*(C22-C22))) -> 0 | W22: =E22/(1/3*(L22+M22*(D22-C22))*(Q22+R22*(D22-C22))) -> 0
A23: 0.41700000000000004NaCl-0.525KCl-0.057999999999999996CaCl2 | C23: 750 | L23: 1839447.5 | M23: -593.08119 | P23: =(L23+M23*(C23-C23)) -> 1839447.5 | Q23: 1953.0496 | R23: -0.87096257 | U23: =Q23+R23*(C23-C23) -> 1953.0496 | V23: =E23/(1/3*(L23+M23*(C23-C23))*(Q23+R23*(C23-C23))) -> 0 | W23: =E23/(1/3*(L23+M23*(D23-C23))*(Q23+R23*(D23-C23))) -> 0
A24: 0.5NaCl-0.5KCl | B24: Manga, 2013 | C24: 930 | L24: 1735132.7 | M24: -609.70091 | P24: =(L24+M24*(C24-C24)) -> 1735132.7 | Q24: 1799.5981 | R24: -0.89749908 | U24: =Q24+R24*(C24-C24) -> 1799.5981 | V24: =E24/(1/3*(L24+M24*(C24-C24))*(Q24+R24*(C24-C24))) -> 0 | W24: =E24/(1/3*(L24+M24*(D24-C24))*(Q24+R24*(D24-C24))) -> 0
A25: 0.5LiCl-0.5KCl | B25: Jiang, 2016 | C25: 930 | D25: 761.2 | G25: 0.53512761 | H25: 0.51005292 | I25: 0.582LiCl-0.418KCl (BYU) | L25: 1838632.3 | M25: -621.80969 | P25: =(L25+M25*(C25-C25)) -> 1838632.3 | Q25: 1835.1642 | R25: -0.88713784 | U25: =Q25+R25*(C25-C25) -> 1835.1642 | V25: 5.6547e-10 | W25: =E25/(1/3*(L25+M25*(D25-C25))*(Q25+R25*(D25-C25))) -> 0 | Y25: =H25/(1/3*U25*V25) -> 1474524.5 | Z25: =H25/(1/3*P25*V25) -> 1471.7432 | AA25: =H25/(1/3*U25*P25) -> 4.5348892e-10
A26: 1.0NaCl | B26: Walz, 2019 | C26: 1073.8 | D26: 1072.7651 | E26: 0.50445163 | G26: 0.48673467 | H26: 0.52444601 | I26: NaCl (Harada, 1992),NaCl (Nagasaka 1992),NaCl (Golyshev 1983),NaCl (Smirnov 1987) | L26: 1853849 | M26: -646.84667 | P26: =(L26+M26*(C26-C26)) -> 1853849 | Q26: 1773.623 | R26: -0.915 | U26: =Q26+R26*(C26-C26) -> 1773.623 | V26: =E26/(1/3*(L26+M26*(C26-C26))*(Q26+R26*(C26-C26))) -> 4.60262e-10 | W26: =E26/(1/3*(L26+M26*(D26-C26))*(Q26+R26*(D26-C26))) -> 4.5985034e-10 | Y26: =H26/(1/3*U26*V26) -> 1927327.9 | Z26: =H26/(1/3*P26*V26) -> 1843.9221 | AA26: =H26/(1/3*U26*P26) -> 4.7850489e-10
A27: 1.0MgCl2 | B27: Lu, 2021 | C27: 987 | D27: 986.86211 | E27: 0.27965566 | G27: 0.4382922 | H27: 0.79153948 | I27: MgCl2 (Bystrai, 1975),MgCl2 (Filatov, 2005) | L27: 1628871.9 | M27: -278.43237 | P27: =(L27+M27*(C27-C27)) -> 1628871.9 | Q27: 2101 | R27: 6.39e-16 | U27: =Q27+R27*(C27-C27) -> 2101 | V27: =E27/(1/3*(L27+M27*(C27-C27))*(Q27+R27*(C27-C27))) -> 2.4515e-10 | W27: =E27/(1/3*(L27+M27*(D27-C27))*(Q27+R27*(D27-C27))) -> 2.4514422e-10 | Y27: =H27/(1/3*U27*V27) -> 4610371.1 | Z27: =H27/(1/3*P27*V27) -> 5946.6861 | AA27: =H27/(1/3*U27*P27) -> 6.9387439e-10
A28: 1.0MgCl2 | B28: Roy, 2021 | C28: 1073 | D28: 986.86211 | E28: =1/3*P28*U28*V28 -> 0.50882615 | G28: 0.4382922 | H28: 0.79153948 | I28: MgCl2 (Bystrai, 1975),MgCl2 (Filatov, 2005) | L28: 1628871.9 | M28: -278.43237 | P28: 1628871.9 | Q28: 2101 | R28: 6.39e-16 | U28: 2101 | V28: 4.46044e-10 | W28: 2.4514422e-10 | Y28: =H28/(1/3*U28*V28) -> 2533903.6 | Z28: =H28/(1/3*P28*V28) -> 3268.3549 | AA28: =H28/(1/3*U28*P28) -> 6.9387439e-10

Sheet GUI_plotter_results_Final_9-4-2
C1: Salt Composition | D1: PDF Source | E1: Melting Temp (K) | F1: Min Measured Temp (K) | G1: Gheribi-KT24 at Melt Temp (W/m-K) | H1: Gheribi-KT24, Mix Data at Melt Temp (W/m-K) | I1: Zhao-PGM at Melt Temp (W/m-K) | J1: Zhao-PGM, Mix Data at Melt Temp (W/m-K) | K1: Present Model at Melt Temp (W/m-K) | L1: Present Model, Mix Data at Melt Temp (W/m-K) | M1: Ideal at Melt Temp (W/m-K) | N1: Gheribi-KT24 at Min Meas Temp (W/m-K) | O1: Gheribi-KT24, Mix Data at Min Meas Temp (W/m-K) | P1: Zhao-PGM at Min Meas Temp (W/m-K) | Q1: Zhao-PGM, Mix Data at Min Meas Temp (W/m-K) | R1: Present Model at Min Meas Temp (W/m-K) | S1: Present Model, Mix Data at Min Meas Temp (W/m-K) | T1: Present Model, Mix Data at Min Meas Temp (W/m-K) | U1: Present Model, Mix Data at Min Meas Temp (W/m-K) | V1: Ideal at Min Meas Temp (W/m-K) | W1: TC Experimental (W/m-K) | X1: Exp. Reference | Y1: TC MSTDB (W/m-K) | Z1: MSTDB Reference | AA1: 1.380649e-23 | AB1: GECM c_m (J/kg-K) | AC1: GECM c' (J/kg-KÂ²) | AD1: GECM_Mix c_m (J/kg-K) | AE1: GECM_Mix c' (J/kg-KÂ²) | AF1: GECM v_m (m/s) | AG1: GECM v' (m/s/K) | AH1: GECM_Mix v_m (m/s) | AI1: GECM_Mix v' (m/s/K) | AJ1: l_sc
C2: Salt Composition | D2: PDF Source | E2: Melting Temp (K) | F2: Min Measured Temp (K) | G2: Gheribi-KT24 at Melt Temp (W/m-K) | H2: Gheribi-KT24, Mix Data at Melt Temp (W/m-K) | I2: Zhao-PGM at Melt Temp (W/m-K) | J2: Zhao-PGM, Mix Data at Melt Temp (W/m-K) | K2: Present Model at Melt Temp (W/m-K) | L2: Present Model, Mix Data at Melt Temp (W/m-K) | M2: Ideal at Melt Temp (W/m-K) | N2: Gheribi-KT24 at Min Meas Temp (W/m-K) | O2: Gheribi | P2: Zhao-PGM at Min Meas Temp (W/m-K) | Q2: Zhao-PGM, Mix Data at Min Meas Temp (W/m-K) | R2: Present Model at Min Meas Temp (W/m-K) | S2: Present Model | T2: Present Model, Extrap | U2: Present Model, Mix | V2: Ideal at Min Meas Temp (W/m-K) | W2: TC Experimental (W/m-K) | X2: Exp. Reference | Y2: TC MSTDB (W/m-K) | Z2: MSTDB Reference | AA2: Gheribi c-term | AB2: GECM c_m (J/kg-K) | AC2: GECM c' (J/kg-KÂ²) | AD2: GECM_Mix c_m (J/kg-K) | AE2: GECM_Mix c' (J/kg-KÂ²) | AF2: GECM v_m (m/s) | AG2: GECM v' (m/s/K) | AH2: GECM_Mix v_m (m/s) | AI2: GECM_Mix v' (m/s/K) | AJ2: l_sc | AK2: l_bc
A3: G - Alkali Unary | B3: P - Alkali Unary | C3: 1.0LiF | D3: Walz, 2019 | E3: 1121.2 | F3: 1121.2 | G3: 1.3498415 | I3: 0.80194503 | K3: 1.324322 | N3: 1.3498415 | O3: 1.3498415 | P3: 0.80194503 | R3: 1.324322 | S3: 1.324322 | T3: =1/3*AB3*AF3*AJ3 -> 1.324322 | U3: =1/3*AB3*AF3*AJ3 -> 1.324322 | W3: 1.35422 | X3: LiF (Golyshev, 1992),LiF (Smirnov, 1987),LiF (Khlebnikov, 1981) | AB3: 4476075.2 | AC3: -1213.2634 | AF3: 2571.7112 | AG3: -1.174 | AJ3: =K3/(1/3*AB3*AF3) -> 3.4514e-10 | AK3: =W3/(1/3*AB3*AF3) -> 3.529319e-10
C4: 1.0NaF | D4: Walz, 2019 | E4: 1268 | F4: 1276.2108 | G4: 0.8422681 | I4: 0.53047696 | K4: 0.87920123 | N4: 0.84016734 | O4: 0.84016734 | P4: 0.52713702 | R4: 0.87366568 | S4: 0.87366568 | T4: =1/3*AB4*AF4*AJ4 -> 0.87920123 | U4: =1/3*AB4*AF4*AJ4 -> 0.87920123 | W4: 1.179152 | X4: NaF (Smirnov, 1987),NaF (Polyakov, 1975) | AB4: 3257796.3 | AC4: -1063.3324 | AF4: 2078.72 | AG4: -0.96 | AJ4: =K4/(1/3*AB4*AF4) -> 3.89484e-10 | AK4: =W4/(1/3*AB4*AF4) -> 5.2236148e-10
C5: 1.0KF | D5: Walz, 2019 | E5: 1131.2 | F5: 1130.597 | G5: 0.58268228 | I5: 0.36409719 | K5: 0.58083041 | N5: 0.58268228 | O5: 0.58268228 | P5: 0.36409719 | R5: 0.58083041 | S5: 0.58083041 | T5: =1/3*AB5*AF5*AJ5 -> 0.58083041 | U5: =1/3*AB5*AF5*AJ5 -> 0.58083041 | W5: 0.62277172 | X5: KF (Smirnov, 1987) | AB5: 2198743.7 | AC5: -750.21688 | AF5: 1833.136 | AG5: -0.845 | AJ5: =K5/(1/3*AB5*AF5) -> 4.32316e-10 | AK5: =W5/(1/3*AB5*AF5) -> 4.635332e-10
C6: 1.0LiCl | D6: Walz, 2019 | E6: 883 | F6: 965.57734 | G6: 0.68631947 | I6: 0.41038419 | K6: 0.67489675 | N6: 0.66799849 | O6: 0.66799849 | P6: 0.38692537 | R6: 0.63631759 | S6: 0.63631759 | T6: =1/3*AB6*AF6*AJ6 -> 0.67489675 | U6: =1/3*AB6*AF6*AJ6 -> 0.67489675 | W6: 0.65551426 | X6: LiCl (Nagasaka, 1992) | AB6: 2303686.5 | AC6: -663.78865 | AF6: 2079.483 | AG6: -0.849 | AJ6: =K6/(1/3*AB6*AF6) -> 4.22649e-10 | AK6: =W6/(1/3*AB6*AF6) -> 4.1051086e-10
C7: 1.0NaCl | D7: Walz, 2019 | E7: 1073.8 | F7: 1087.3181 | G7: 0.48681288 | I7: 0.31017075 | K7: 0.50445163 | N7: 0.48411361 | O7: 0.48411361 | P7: 0.30671571 | R7: 0.49883245 | S7: 0.49883245 | T7: =1/3*AB7*AF7*AJ7 -> 0.50445163 | U7: =1/3*AB7*AF7*AJ7 -> 0.50445163 | W7: 0.4910426 | X7: NaCl (Harada, 1992),NaCl (Nagasaka 1992) | AB7: 1853849 | AC7: -646.84667 | AF7: 1773.623 | AG7: -0.915 | AJ7: =K7/(1/3*AB7*AF7) -> 4.60262e-10 | AK7: =W7/(1/3*AB7*AF7) -> 4.4802759e-10
C8: 1.0NaCl | D8: Lu, 2021 | E8: 1073.8 | F8: 1087.3181 | G8: 0.48681288 | I8: 0.31017075 | K8: 0.50445163 | N8: 0.48411361 | O8: 0.48411361 | P8: 0.30671571 | R8: 0.49883245 | S8: 0.49883245 | T8: =1/3*AB8*AF8*AJ8 -> 0.49727825 | U8: =1/3*AB8*AF8*AJ8 -> 0.49727825 | W8: 0.4910426 | X8: NaCl (Harada, 1992),NaCl (Nagasaka 1992) | AB8: 1853849 | AC8: -646.84667 | AF8: 1773.623 | AG8: -0.915 | AJ8: 4.53717e-10 | AK8: =W8/(1/3*AB8*AF8) -> 4.4802759e-10
C9: 1.0KCl | D9: Walz, 2019 | E9: 1042.7 | F9: 1052.1639 | G9: 0.3742357 | I9: 0.26186835 | K9: 0.41546111 | N9: 0.37219192 | O9: 0.37219192 | P9: 0.25926783 | R9: 0.41133533 | S9: 0.41133533 | T9: =1/3*AB9*AF9*AJ9 -> 0.41546111 | U9: =1/3*AB9*AF9*AJ9 -> 0.41546111 | W9: 0.36749822 | X9: KCl (Harada, 1992),KCl (Nagasaka, 1992) | AB9: 1508405.1 | AC9: -575.65945 | AF9: 1632.6594 | AG9: -0.878 | AJ9: =K9/(1/3*AB9*AF9) -> 5.06102e-10 | AK9: =W9/(1/3*AB9*AF9) -> 4.4767507e-10
A10: G - Alkaline Earth | B10: P - Alkaline Earth | C10: 1.0MgCl2 | D10: Roy, 2021 | E10: 987 | F10: 986.86211 | G10: 0.4382922 | I10: 0.28861058 | K10: 0.50882615 | N10: 0.4382922 | O10: 0.4382922 | P10: 0.28861058 | R10: 0.50882615 | S10: 0.50882615 | T10: =1/3*AB10*AF10*AJ10 -> 0.51755063 | U10: =1/3*AB10*AF10*AJ10 -> 0.51755063 | W10: 0.54390686 | X10: MgCl2 (Filatov, 2005) | AB10: 1628871.9 | AC10: -278.43237 | AF10: 2101 | AG10: 4.8008563e-15 | AJ10: 4.53692e-10 | AK10: =W10/(1/3*AB10*AF10) -> 4.7679623e-10
C11: 1.0MgCl2 | D11: McGreevy, 1987 | E11: 987 | F11: 986.86211 | G11: 0.4382922 | I11: 0.28861058 | K11: 0.50882615 | N11: 0.4382922 | O11: 0.4382922 | P11: 0.28861058 | R11: 0.50882615 | S11: 0.50882615 | T11: =1/3*AB11*AF11*AJ11 -> 0.53380751 | U11: =1/3*AB11*AF11*AJ11 -> 0.53380751 | W11: 0.54390686 | X11: MgCl2 (Filatov, 2005) | AB11: 1628871.9 | AC11: -278.43237 | AF11: 2101 | AG11: 4.8008563e-15 | AJ11: 4.67943e-10 | AK11: =W11/(1/3*AB11*AF11) -> 4.7679623e-10
C12: 1.0MgCl2 | D12: Lu, 2021 | E12: 987 | F12: 986.86211 | G12: 0.4382922 | I12: 0.28861058 | K12: 0.50882615 | N12: 0.4382922 | O12: 0.4382922 | P12: 0.28861058 | R12: 0.50882615 | S12: 0.50882615 | T12: =1/3*AB12*AF12*AJ12 -> 0.50482097 | U12: =1/3*AB12*AF12*AJ12 -> 0.50482097 | W12: 0.54390686 | X12: MgCl2 (Filatov, 2005) | AB12: 1628871.9 | AC12: -278.43237 | AF12: 2101 | AG12: 4.8008563e-15 | AJ12: 4.42533e-10 | AK12: =W12/(1/3*AB12*AF12) -> 4.7679623e-10
C13: 1.0CaCl2 | D13: McGreevy, 1987 | E13: 1045 | F13: 1099.78 | G13: 0.44873599 | I13: 0.3731109 | K13: 0.62790714 | N13: 0.44251165 | O13: 0.44251165 | P13: 0.36904516 | R13: 0.62106492 | S13: 0.62106492 | T13: =1/3*AB13*AF13*AJ13 -> 0.73070915 | U13: =1/3*AB13*AF13*AJ13 -> 0.73070915 | W13: 1.025853 | X13: CaCl2 (Wei, 2022; MD) | AB13: 1928974.6 | AC13: -390.79019 | AF13: 2065.03 | AG13: 2.2410473e-16 | AJ13: 5.50317e-10 | AK13: =W13/(1/3*AB13*AF13) -> 7.7259785e-10
C14: 1.0CaCl2 | D14: Bu, 2021 | E14: 1045 | F14: 1099.78 | G14: 0.44873599 | I14: 0.3731109 | K14: 0.62790714 | N14: 0.44251165 | O14: 0.44251165 | P14: 0.36904516 | R14: 0.62106492 | S14: 0.62106492 | T14: =1/3*AB14*AF14*AJ14 -> 0.63127481 | U14: =1/3*AB14*AF14*AJ14 -> 0.63127481 | W14: 1.025853 | X14: CaCl2 (Wei, 2022; MD) | AB14: 1928974.6 | AC14: -390.79019 | AF14: 2065.03 | AG14: 2.2410473e-16 | AJ14: 4.7543029e-10 | AK14: =W14/(1/3*AB14*AF14) -> 7.7259785e-10
C15: 1.0SrCl2 | D15: McGreevy, 1987 | E15: 1146 | G15: 0.38351171 | I15: 0.33599408 | K15: 0.54688375 | AB15: 1799756.6 | AC15: -381.38097 | AF15: 1873.13 | AG15: -3.2e-16 | AJ15: 5.05062e-10
A16: G - Fluoride Mixtures | B16: P - Fluoride Mixtures | C16: 0.6LiF-0.4NaF | D16: Grizzi, 2024 | E16: 927.15 | F16: 933.1 | G16: 1.0140559 | H16: 1.0673834 | I16: 0.79266966 | J16: 0.7358082 | K16: 0.81987117 | L16: 0.76105842 | M16: 1.2300447 | N16: 1.0124409 | O16: 1.0655588 | P16: 0.78967818 | Q16: 0.73351782 | R16: 0.81677703 | S16: 0.75868945 | T16: =1/3*AB16*AF16*AJ16 -> 0.82444871 | U16: =1/3*AD16*AH16*AJ16 -> 0.7653076 | V16: 1.2282196 | W16: 0.86868921 | X16: 0.6LiF-0.4NaF (BYU) | AB16: 4180231.7 | AC16: -1150.5433 | AD16: 4180231.7 | AE16: -1150.5433 | AF16: 2592.8448 | AG16: -1.0632394 | AH16: 2406.8493 | AI16: -0.698 | AJ16: 2.28196e-10 | AK16: =W16/(1/3*AD16*AH16) -> 2.5902187e-10
C17: 0.5BeF2-0.5LiF | D17: Sun, 2024 | E17: 648.15 | F17: 746.27899 | G17: 0.98532244 | H17: 1.535953 | I17: 0.70337308 | J17: 1.0927876 | K17: 0.75008005 | L17: 1.1653534 | M17: 1.2385706 | N17: 0.97854224 | O17: 1.5208835 | P17: 0.69138422 | Q17: 1.0387509 | R17: 0.73729507 | S17: 1.1077283 | T17: =1/3*AB17*AF17*AJ17 -> 0.75493631 | U17: =1/3*AD17*AH17*AJ17 -> 1.1728983 | V17: 1.2195234 | W17: 1.2394817 | X17: 0.66LiF-0.34BeF2 (Kato, 1983) | AB17: 4148286.1 | AC17: -396.11657 | AD17: 4900967.1 | AE17: -926.3042 | AF17: 2705.705 | AG17: -0.33945409 | AH17: 3558.0938 | AI17: -1.1019299 | AJ17: 2.01782e-10 | AK17: =W17/(1/3*AD17*AH17) -> 2.1323681e-10
C18: 0.34BeF2-0.66LiF | D18: Langford, 2022 | E18: 732.2 | F18: 733 | G18: 1.0025389 | H18: 1.5190358 | I18: 0.77472216 | J18: 1.1953627 | K18: 0.79321491 | L18: 1.2238963 | M18: 1.3125596 | N18: 1.0025389 | O18: 1.5190358 | P18: 0.77472216 | Q18: 1.1953627 | R18: 0.79321491 | S18: 1.2238963 | T18: =1/3*AB18*AF18*AJ18 -> 0.81583352 | U18: =1/3*AD18*AH18*AJ18 -> 1.2587958 | V18: 1.3125596 | W18: 1.18195 | X18: 0.66LiF-0.34BeF2 (Schorne-Pinto, 2024) | Y18: 1.1 | Z18: Rosenthal 1969 [122] | AB18: 4323604.2 | AC18: -588.95196 | AD18: 5314316.8 | AE18: -1020.6428 | AF18: 2760.6461 | AG18: -0.5447805 | AH18: 3465.4766 | AI18: -1.1019299 | AJ18: 2.05053e-10 | AK18: =W18/(1/3*AD18*AH18) -> 1.9253512e-10
C19: 0.34BeF2-0.66LiF | D19: Fayfar, 2023 | E19: 713.15 | F19: 742 | G19: 1.0026614 | H19: 1.5321497 | I19: 0.77869667 | J19: 1.2070034 | K19: 0.83996625 | L19: 1.3019731 | M19: 1.3173179 | N19: 0.99913347 | O19: 1.5247355 | P19: 0.77251606 | Q19: 1.188996 | R19: 0.83329933 | S19: 1.2825488 | T19: =1/3*AB19*AF19*AJ19 -> 0.85830993 | U19: =1/3*AD19*AH19*AJ19 -> 1.3304064 | V19: 1.309948 | W19: 1.1000358 | X19: 0.66LiF-0.34BeF2 (Redkin, 2022),0.66LiF-0.34BeF2 (Kato, 1983),0.66LiF-0.34BeF2 (Bobrova, 2023) | Y19: 1.1 | Z19: Rosenthal 1969 [122] | AB19: 4334227.3 | AC19: -587.70578 | AD19: 5333760 | AE19: -1020.6428 | AF19: 2768.0079 | AG19: -0.53840648 | AH19: 3486.4683 | AI19: -1.1019299 | AJ19: 2.14628e-10 | AK19: =W19/(1/3*AD19*AH19) -> 1.7746344e-10
C20: 0.34BeF2-0.66LiF | D20: Fayfar, 2023 | E20: 713.15 | F20: 733 | G20: 1.0026614 | H20: 1.5321497 | I20: 0.77869667 | J20: 1.2070034 | K20: 0.83996625 | L20: 1.3019731 | M20: 1.3173179 | N20: 1.0003095 | O20: 1.527207 | P20: 0.77459169 | Q20: 1.1949843 | R20: 0.83553827 | S20: 1.2890083 | T20: =1/3*AB20*AF20*AJ20 -> 0.85830993 | U20: =1/3*AD20*AH20*AJ20 -> 1.3304064 | V20: 1.3124046 | W20: 1.1867125 | X20: 0.66LiF-0.34BeF2 (Schorne-Pinto, 2024) | Y20: 1.1 | Z20: Rosenthal 1969 [122] | AB20: 4334227.3 | AC20: -587.70578 | AD20: 5333760 | AE20: -1020.6428 | AF20: 2768.0079 | AG20: -0.53840648 | AH20: 3486.4683 | AI20: -1.1019299 | AJ20: 2.14628e-10 | AK20: =W20/(1/3*AD20*AH20) -> 1.9144656e-10
C21: 0.42KF-0.465LiF-0.115NaF | D21: Frandsen, 2020 | E21: 735 | F21: 742.4 | G21: 0.6954626 | H21: 0.90509687 | I21: 0.65005469 | J21: 0.77295464 | K21: 0.68950912 | L21: 0.81986837 | M21: 1.0993871 | N21: 0.69317885 | O21: 0.90175871 | P21: 0.6459406 | Q21: 0.76685546 | R21: 0.68514534 | S21: 0.813399 | T21: =1/3*AB21*AF21*AJ21 -> 0.69709851 | U21: =1/3*AD21*AH21*AJ21 -> 0.82889262 | V21: 1.0964289 | W21: 0.79004699 | X21: 0.465LiF-0.115NaF-0.42KF (Merritt, 2022),0.465LiF-0.115NaF-0.42KF (Gallagher, 2022),0.465LiF-0.115NaF-0.42KF (Rudenko, 2022) | AB21: 3402318.9 | AC21: -956.96194 | AD21: 4129410.1 | AE21: -1374.7437 | AF21: 2408.0441 | AG21: -0.94777015 | AH21: 2359.15 | AI21: -1.2 | AJ21: 2.55256e-10 | AK21: =W21/(1/3*AD21*AH21) -> 2.4329356e-10
C22: 0.59KF-0.065MgF2-0.345NaF | D22: Solano, 2021 | E22: 958 | F22: 993.01378 | G22: 0.57197135 | H22: 0.59758621 | I22: 0.4860452 | J22: 0.49336011 | K22: 0.48768134 | L22: 0.49502088 | M22: 0.74453173 | N22: 0.56448951 | O22: 0.58988275 | P22: 0.47418606 | Q22: 0.48283679 | R22: 0.47578228 | S22: 0.48446213 | T22: =1/3*AB22*AF22*AJ22 -> 0.49332756 | U22: =1/3*AD22*AH22*AJ22 -> 0.50075207 | V22: 0.73580725 | W22: 0.76602039 | X22: 0.345NaF-0.59KF-0.065MgF2 (Rudenko, 2024) | AB22: 2774359.3 | AC22: -854.00824 | AD22: 2816113 | AE22: -610.09615 | AF22: 2066.8356 | AG22: -0.85263325 | AH22: 2066.8356 | AI22: -0.85263325 | AJ22: 2.581e-10 | AK22: =W22/(1/3*AD22*AH22) -> 3.9482585e-10
A24: G - Chloride Mixtures | B24: P - Chloride Mixtures | C24: 0.5KCl-0.5NaCl | D24: Manga, 2013 | E24: 927.15 | G24: 0.41485047 | I24: 0.31405433 | K24: 0.29741154 | M24: 0.45658875 | AB24: 1736870.1 | AC24: -609.72766 | AF24: 1802.1553 | AG24: -0.89755401 | AJ24: 3.05253e-10
C25: 0.3CaCl2-0.7LiCl | D25: Liang, 2024 | E25: 771.15 | G25: 0.41872535 | I25: 0.41213211 | K25: 0.37096882 | M25: 0.6410266 | AB25: 2227090.4 | AC25: -537.97423 | AF25: 2101.2951 | AG25: -0.58476861 | AJ25: 2.83762e-10
C26: 0.5097CaCl2-0.4903NaCl | D26: Wei, 2022 | E26: 779.15 | F26: 822.88235 | G26: 0.40278116 | H26: 0.40544837 | I26: 0.39066532 | J26: 0.38124752 | K26: 0.39864458 | L26: 0.38903443 | M26: 0.51314107 | N26: 0.39721038 | O26: 0.39998305 | P26: 0.38306674 | Q26: 0.37476826 | R26: 0.3908908 | S26: 0.38242283 | T26: =1/3*AB26*AF26*AJ26 -> 0.40383857 | U26: =1/3*AD26*AH26*AJ26 -> 0.39410321 | V26: 0.50629198 | W26: 0.58073622 | X26: 0.52NaCl-0.48CaCl2 (Tian, 2021) | AB26: 2037424.2 | AC26: -494.77865 | AD26: 1988307.9 | AE26: -363.8138 | AF26: 2039.9777 | AG26: -0.53529197 | AH26: 2039.9777 | AI26: -0.53529197 | AJ26: 2.91489e-10 | AK26: =W26/(1/3*AD26*AH26) -> 4.2952764e-10
C27: 0.5097CaCl2-0.4903NaCl | D27: Wei, 2022 | E27: 779.15 | F27: 792.88235 | G27: 0.40278116 | H27: 0.40544837 | I27: 0.39066532 | J27: 0.38124752 | K27: 0.39864458 | L27: 0.38903443 | M27: 0.51314107 | N27: 0.40110992 | O27: 0.40380877 | P27: 0.38839418 | Q27: 0.37931329 | R27: 0.39632705 | S27: 0.38706069 | T27: =1/3*AB27*AF27*AJ27 -> 0.40383857 | U27: =1/3*AD27*AH27*AJ27 -> 0.39410321 | V27: 0.51108634 | W27: 0.61309197 | X27: 0.4903NaCl-0.5097CaCl2 (Wei, 2022; MD),0.52NaCl-0.48CaCl2 (Tian, 2021) | AB27: 2037424.2 | AC27: -494.77865 | AD27: 1988307.9 | AE27: -363.8138 | AF27: 2039.9777 | AG27: -0.53529197 | AH27: 2039.9777 | AI27: -0.53529197 | AJ27: 2.91489e-10 | AK27: =W27/(1/3*AD27*AH27) -> 4.5345879e-10
C28: 0.282CaCl2-0.718KCl | D28: Wei, 2022 | E28: 921.15 | G28: 0.33458127 | I28: 0.31245403 | K28: 0.40005313 | M28: 0.41564916 | AB28: 1699665.5 | AC28: -536.55342 | AF28: 1788.9283 | AG28: -0.80765914 | AJ28: 4.01003e-10
C29: 0.282CaCl2-0.718KCl | D29: Wei, 2022 | E29: 921.15 | G29: 0.33458127 | I29: 0.31245403 | K29: 0.40005313 | M29: 0.41564916 | AB29: 1699665.5 | AC29: -536.55342 | AF29: 1788.9283 | AG29: -0.80765914 | AJ29: 4.01003e-10
C30: 0.22KCl-0.45MgCl2-0.33NaCl | D30: Jiang, 2024 | E30: 658.15 | F30: 722.73281 | G30: 0.41559976 | H30: 0.41029941 | I30: 0.35068437 | J30: 0.26195245 | K30: 0.3437129 | L30: 0.25674493 | M30: 0.4981635 | N30: 0.40661804 | O30: 0.40015577 | P30: 0.34048018 | Q30: 0.25226821 | R30: 0.33371157 | S30: 0.24725322 | T30: =1/3*AB30*AF30*AJ30 -> 0.34683268 | U30: =1/3*AD30*AH30*AJ30 -> 0.25907533 | V30: 0.48823177 | W30: 0.48206143 | X30: 0.1511NaCl-0.3891KCl-0.4598MgCl2 (Wang, 2021) | Y30: 0.481881 | Z30: Wang 2021 [179] | AB30: 1820781 | AC30: -431.00377 | AD30: 1360077.9 | AE30: -482.68212 | AF30: 2082.7741 | AG30: -0.56546559 | AH30: 2082.7741 | AI30: -0.56546559 | AJ30: 2.74373e-10 | AK30: =W30/(1/3*AD30*AH30) -> 5.105258e-10
C31: 0.41KCl-0.38MgCl2-0.21NaCl | D31: Jiang, 2024 | E31: 660.15 | F31: 722.73281 | G31: 0.39371452 | H31: 0.39118931 | I31: 0.34976748 | J31: 0.26709171 | K31: 0.3383728 | L31: 0.25839043 | M31: 0.48112821 | N31: 0.38518775 | O31: 0.38163468 | P31: 0.33909051 | Q31: 0.25729941 | R31: 0.32804366 | S31: 0.24891714 | T31: =1/3*AB31*AF31*AJ31 -> 0.35325954 | U31: =1/3*AD31*AH31*AJ31 -> 0.26975833 | V31: 0.47179185 | W31: 0.48154458 | X31: 0.1511NaCl-0.3891KCl-0.4598MgCl2 (Wang, 2021) | Y31: 0.481361 | Z31: Wang 2021 [179] | AB31: 1785221.7 | AC31: -455.02882 | AD31: 1363242.6 | AE31: -484.14891 | AF31: 2052.5614 | AG31: -0.6530825 | AH31: 2052.5614 | AI31: -0.6530825 | AJ31: 2.89219e-10 | AK31: =W31/(1/3*AD31*AH31) -> 5.1628374e-10
C32: 0.525CaCl2-0.058KCl-0.417NaCl | D32: Wei, 2022 | E32: 769.45 | G32: 0.41953087 | H32: 0.41953087 | I32: 0.38802897 | J32: 0.38802897 | K32: 0.38903579 | L32: 0.38903579 | M32: 0.50641835 | AB32: 2019238.1 | AC32: -491.56569 | AD32: 2019238.1 | AE32: -491.56569 | AF32: 2029.6513 | AG32: -0.54189987 | AH32: 2029.6513 | AI32: -0.54189987 | AJ32: 2.87617e-10
C33: 0.15CaCl2-0.315MgCl2-0.535NaCl | D33: Wei, 2022 | E33: 693.98 | F33: 749.18963 | G33: 0.39286591 | H33: 0.40084534 | I33: 0.36978447 | J33: 0.34910765 | K33: 0.34304767 | L33: 0.32386586 | M33: 0.52260972 | N33: 0.3858977 | O33: 0.39371521 | P33: 0.36107462 | Q33: 0.34240071 | R33: 0.33496757 | S33: 0.31764386 | T33: =1/3*AB33*AF33*AJ33 -> 0.34658786 | U33: =1/3*AD33*AH33*AJ33 -> 0.32720809 | V33: 0.51375373 | W33: 0.53550323 | X33: 0.535NaCl-0.15CaCl2-0.315MgCl2 (Rong, 2020) | AB33: 1937107.5 | AC33: -448.02544 | AD33: 1828792.5 | AE33: -275.79916 | AF33: 2095.8299 | AG33: -0.51172528 | AH33: 2095.8299 | AI33: -0.51172528 | AJ33: 2.56109e-10 | AK33: =W33/(1/3*AD33*AH33) -> 4.1914366e-10
A34: G - Actinide | B34: P - Actinide | C34: 0.64NaCl-0.36UCl3 | D34: Andersson, 2022 | E34: 796.15 | F34: 802 | G34: 0.11347723 | I34: 0.30138327 | K34: 0.30880171 | M34: 0.44540781 | N34: 0.11327335 | O34: 0.11327335 | P34: 0.30072256 | R34: 0.30812473 | S34: 0.30812473 | T34: 0.30812473 | U34: =1/3*AB34*AF34*AJ34 -> 0.31197208 | V34: 0.44469125 | W34: 0.23702504 | X34: 63NaCl-37UCl3 (Termini, 2024),65.8NaCl-34.2UCl3 (Rose, 2023) | AB34: 2145991.5 | AC34: -656.6752 | AF34: 1462.7146 | AG34: -0.39072139 | AJ34: 2.9816e-10
C35: 0.5454LiF-0.3636NaF-0.091UF4 | D35: Grizzi, 2024 | E35: 923 | G35: 0.18974506 | I35: 0.58214846 | K35: 0.57584661 | M35: 1.1464545 | AB35: 4101032.9 | AC35: -986.34718 | AF35: 1938.9073 | AG35: -0.53988028 | AJ35: 2.18981e-10

Sheet ChargeCalcs
AI1: Sep dist. 100 above Tm | AT1: Calculated at PDF peak | AX1: Calculated at r_nominal
A2: Compound | B2: S/cm | C2: order | D2: protons | E2: electrons | F2: Mp/molecule | G2: Me/molecule | H2: ratio of Mpe*# | I2: ratio | J2: Dif mass | K2: M_i (g/mol) | L2: Visc (N*s/m^2) | M2: T_i_m (K) inverse | N2: T_i_m (K) | O2: V_i_m (m^3/mol) | P2: n (ions/m^3) | Q2: alpha_i_m (K^-1) | S2: r_c (m) | T2: r_a (m) | U2: sum_radii | V2: --> Scaled | W2: rho_m (g/m^3) | X2: SoS(T)_A (A+B*T) | Y2: SoS(T)_B | Z2: A (Density (g/cm3): A - BT(K)) | AA2: B (Density (g/cm3): A - BT(K)) | AB2: #_cations | AC2: #_anions | AD2: sum_ions | AE2: n_c (ions/m^3) | AF2: n_a (ions/m^3) | AG2: TC Experimental (W/m-K) | AH2: Exp. Reference | AI2: r_ca | AJ2: r_cc | AK2: r_aa | AM2: ε_r | AN2: ε_r Ref | AP2: ε_r Ref source | AQ2: z_c | AR2: z_a | AS2: λD | AT2: V_ca(r ) | AU2: V_cc(r ) | AV2: V_aa(r ) | AW2: ca-cc dif | AX2: V_ca(r ) | AY2: V_cc(r ) | AZ2: V_aa(r ) | BC2: Visc/(Dens*C0)
A3: LiF | B3: 9.95 | C3: 1 | D3: 12 | E3: 12 | F3: =D3*1.6726219E-27 -> 2.0071463e-26 | G3: =E3*9.1093856E-31 -> 1.0931263e-29 | H3: =((F3*D3)/(G3*E3)) -> 1836.1523 | I3: =D3/E3 -> 1 | J3: =(F3)-(G3) -> 2.0060532e-26 | K3: 25.939 | L3: =0.115*EXP(27000/(8.3144598*N3))/1000 -> 0.0020988673 | M3: =N3^-1 -> 0.00089433439 | N3: 1118.15 | O3: 1.42e-05 | P3: =6.0223E+23/O3 -> 4.2410563e+28 | Q3: 0.000268 | S3: 7.6e-11 | T3: 1.33e-10 | U3: =T3+S3 -> 2.09e-10 | V3: =U3*10000000000 -> 2.09 | W3: 1810000 | X3: 2547.8 | Y3: 0 | Z3: 2.3581 | AA3: -0.0004902 | AB3: 1 | AC3: 1 | AD3: =AB3+AC3 -> 2 | AE3: =6.0223E+23/O3*ABS(AQ3)/(ABS(AQ3)+ABS(AR3)) -> 2.1205282e+28 | AF3: =6.0223E+23/O3*ABS(AR3)/(ABS(AQ3)+ABS(AR3)) -> 2.1205282e+28 | AG3: 1.2596773 | AH3: LiF (Golyshev, 1982),LiF (Golyshev, 1983),LiF (Golyshev, 1992),LiF (Smirnov, 1987),LiF (Khlebnikov, 1981) | AI3: =WalzPDFpeaks!D3*0.000000000001 -> 1.84e-10 | AJ3: =WalzPDFpeaks!F3*0.000000000001 -> 2.82e-10 | AK3: =WalzPDFpeaks!H3*0.000000000001 -> 2.84e-10 | AL3: Walz, 2019 | AM3: 5.9 | AN3: Estimated analogous to molten NaCl | AO3: Chen & Sato (1983) | AP3: https://journal.buct.edu.cn/EN/10.13543/j.bhxbzr.2023.03.007 | AQ3: 1 | AR3: =AQ3*-1 -> -1 | AS3: =SQRT(($AM$46*AM3*$AM$48*N3)/(AE3*(AQ3*$AM$50)^2+AF3*(AR3*$AM$50)^2)) -> 2.7220279e-11 | AT3: =(AQ3*AR3*$AM$50)/(4*PI()*$AM$46*AM3*AI3)*EXP(-AI3/AS3) -> -0.0015379712 | AU3: =(AQ3*AQ3*$AM$50)/(4*PI()*$AM$46*AM3*AJ3)*EXP(-AJ3/AS3) -> 2.741228e-05 | AV3: =(AR3*AR3*$AM$50)/(4*PI()*$AM$46*AM3*AK3)*EXP(-AK3/AS3) -> 2.5291017e-05 | AX3: =(AQ3*AR3*$AM$50)/(4*PI()*$AM$46*AM3*$AM$52)*EXP(-$AM$52/AS3) -> -6.5464269e-05 | AY3: =(AQ3*AQ3*$AM$50)/(4*PI()*$AM$46*AM3*$AM$52)*EXP(-$AM$52/AS3) -> 6.5464269e-05 | AZ3: =(AR3*AR3*$AM$50)/(4*PI()*$AM$46*AM3*$AM$52)*EXP(-$AM$52/AS3) -> 6.5464269e-05 | BC3: =L3/(W3/1000*(X3+Y3*N3)) -> 4.5513588e-10
A4: NaF | B4: 6.9 | C4: 1 | D4: 20 | E4: 20 | F4: =D4*1.6726219E-27 -> 3.3452438e-26 | G4: =E4*9.1093856E-31 -> 1.8218771e-29 | H4: =((F4*D4)/(G4*E4)) -> 1836.1523 | I4: =D4/E4 -> 1 | J4: =(F4)-(G4) -> 3.3434219e-26 | K4: 41.988 | L4: =0.12*EXP(26500/(8.3144598*N4))/1000 -> 0.0014814456 | M4: =N4^-1 -> 0.00078855025 | N4: 1268.15 | O4: 2.16e-05 | P4: =6.0223E+23/O4 -> 2.7881019e+28 | Q4: 0.000288 | S4: 1.02e-10 | T4: 1.33e-10 | U4: =T4+S4 -> 2.35e-10 | V4: =U4*10000000000 -> 2.35 | W4: 1950000 | X4: 2085.5 | Y4: 0 | Z4: 2.755 | AA4: -0.000636 | AB4: 1 | AC4: 1 | AD4: =AB4+AC4 -> 2 | AE4: =6.0223E+23/O4*ABS(AQ4)/(ABS(AQ4)+ABS(AR4)) -> 1.3940509e+28 | AF4: =6.0223E+23/O4*ABS(AR4)/(ABS(AQ4)+ABS(AR4)) -> 1.3940509e+28 | AG4: 1.179152 | AH4: NaF (Smirnov, 1987),NaF (Polyakov, 1975) | AI4: =WalzPDFpeaks!D4*0.000000000001 -> 2.14e-10 | AJ4: =WalzPDFpeaks!F4*0.000000000001 -> 3.26e-10 | AK4: =WalzPDFpeaks!H4*0.000000000001 -> 3.34e-10 | AL4: Walz, 2020 | AM4: 5.9 | AN4: Estimated from alkali-halide trend (NaCl) | AO4: Chen & Sato (1983) | AP4: https://journal.buct.edu.cn/EN/10.13543/j.bhxbzr.2023.03.007 | AQ4: 1 | AR4: =AQ4*-1 -> -1 | AS4: =SQRT(($AM$46*AM4*$AM$48*N4)/(AE4*(AQ4*$AM$50)^2+AF4*(AR4*$AM$50)^2)) -> 3.575284e-11 | AT4: =(AQ4*AR4*$AM$50)/(4*PI()*$AM$46*AM4*AI4)*EXP(-AI4/AS4) -> -0.0028678188 | AU4: =(AQ4*AQ4*$AM$50)/(4*PI()*$AM$46*AM4*AJ4)*EXP(-AJ4/AS4) -> 8.2085995e-05 | AV4: =(AR4*AR4*$AM$50)/(4*PI()*$AM$46*AM4*AK4)*EXP(-AK4/AS4) -> 6.4056491e-05 | AX4: =(AQ4*AR4*$AM$50)/(4*PI()*$AM$46*AM4*$AM$52)*EXP(-$AM$52/AS4) -> -0.00064235936 | AY4: =(AQ4*AQ4*$AM$50)/(4*PI()*$AM$46*AM4*$AM$52)*EXP(-$AM$52/AS4) -> 0.00064235936 | AZ4: =(AR4*AR4*$AM$50)/(4*PI()*$AM$46*AM4*$AM$52)*EXP(-$AM$52/AS4) -> 0.00064235936 | BC4: =L4/(W4/1000*(X4+Y4*N4)) -> 3.6428469e-10
A5: KF | B5: 5.1 | C5: 1 | D5: 28 | E5: 28 | F5: =D5*1.6726219E-27 -> 4.6833413e-26 | G5: =E5*9.1093856E-31 -> 2.550628e-29 | H5: =((F5*D5)/(G5*E5)) -> 1836.1523 | I5: =D5/E5 -> 1 | J5: =(F5)-(G5) -> 4.6807907e-26 | K5: 58.097 | L5: =0.107*EXP(23800/(8.3144598*N5))/1000 -> 0.001350063 | M5: =N5^-1 -> 0.00088562193 | N5: 1129.15 | O5: 3.04e-05 | P5: =6.0223E+23/O5 -> 1.9810197e+28 | Q5: 0.000341 | S5: 1.38e-10 | T5: 1.33e-10 | U5: =T5+S5 -> 2.71e-10 | V5: =U5*10000000000 -> 2.71 | W5: 1910000 | X5: 1816.4 | Y5: 0 | Z5: 2.6464 | AA5: -0.0006515 | AB5: 1 | AC5: 1 | AD5: =AB5+AC5 -> 2 | AE5: =6.0223E+23/O5*ABS(AQ5)/(ABS(AQ5)+ABS(AR5)) -> 9.9050987e+27 | AF5: =6.0223E+23/O5*ABS(AR5)/(ABS(AQ5)+ABS(AR5)) -> 9.9050987e+27 | AG5: 0.62277172 | AH5: KF (Smirnov, 1987) | AI5: =WalzPDFpeaks!D5*0.000000000001 -> 2.44e-10 | AJ5: =WalzPDFpeaks!F5*0.000000000001 -> 3.8e-10 | AK5: =WalzPDFpeaks!H5*0.000000000001 -> 3.84e-10 | AL5: Walz, 2021 | AM5: 5.9 | AN5: Estimated from KCl analogy | AO5: Chen & Sato (1983) | AP5: https://journal.buct.edu.cn/EN/10.13543/j.bhxbzr.2023.03.007 | AQ5: 1 | AR5: =AQ5*-1 -> -1 | AS5: =SQRT(($AM$46*AM5*$AM$48*N5)/(AE5*(AQ5*$AM$50)^2+AF5*(AR5*$AM$50)^2)) -> 4.0023123e-11 | AT5: =(AQ5*AR5*$AM$50)/(4*PI()*$AM$46*AM5*AI5)*EXP(-AI5/AS5) -> -0.0022511072 | AU5: =(AQ5*AQ5*$AM$50)/(4*PI()*$AM$46*AM5*AJ5)*EXP(-AJ5/AS5) -> 4.8334169e-05 | AV5: =(AR5*AR5*$AM$50)/(4*PI()*$AM$46*AM5*AK5)*EXP(-AK5/AS5) -> 4.3281497e-05 | AX5: =(AQ5*AR5*$AM$50)/(4*PI()*$AM$46*AM5*$AM$52)*EXP(-$AM$52/AS5) -> -0.0013975067 | AY5: =(AQ5*AQ5*$AM$50)/(4*PI()*$AM$46*AM5*$AM$52)*EXP(-$AM$52/AS5) -> 0.0013975067 | AZ5: =(AR5*AR5*$AM$50)/(4*PI()*$AM$46*AM5*$AM$52)*EXP(-$AM$52/AS5) -> 0.0013975067 | BC5: =L5/(W5/1000*(X5+Y5*N5)) -> 3.8914297e-10
A6: RbF | C6: 1 | D6: 46 | E6: 46 | F6: =D6*1.6726219E-27 -> 7.6940607e-26 | G6: =E6*9.1093856E-31 -> 4.1903174e-29 | H6: =((F6*D6)/(G6*E6)) -> 1836.1523 | I6: =D6/E6 -> 1 | J6: =(F6)-(G6) -> 7.6898704e-26 | K6: 104.4662 | L6: =0.115*EXP(27000/(8.3144598*N6))/1000 -> 0.0025481161 | M6: =N6^-1 -> 0.00095406192 | N6: 1048.15 | O6: 3.57e-05 | P6: =6.0223E+23/O6 -> 1.6869188e+28 | Q6: 0.000349 | S6: 1.52e-10 | T6: 1.33e-10 | U6: =T6+S6 -> 2.85e-10 | V6: =U6*10000000000 -> 2.85 | W6: =K6/O6 -> 2926224.1 | X6: 1760.4 | Y6: 0 | Z6: =W6*100^3/1000 -> 2.9262241e+09 | AA6: 0 | AE6: =6.0223E+23/O6*ABS(AQ6)/(ABS(AQ6)+ABS(AR6)) -> 8.4345938e+27 | AF6: =6.0223E+23/O6*ABS(AR6)/(ABS(AQ6)+ABS(AR6)) -> 8.4345938e+27 | AI6: =WalzPDFpeaks!D6*0.000000000001 -> 2.56e-10 | AJ6: =WalzPDFpeaks!F6*0.000000000001 -> 4e-10 | AK6: =WalzPDFpeaks!H6*0.000000000001 -> 4.06e-10 | AL6: Walz, 2022 | AM6: 5.9 | AN6: Same series assumption based on KCl | AO6: Chen & Sato (1983) | AP6: https://journal.buct.edu.cn/EN/10.13543/j.bhxbzr.2023.03.007 | AQ6: 1 | AR6: =AQ6*-1 -> -1 | AS6: =SQRT(($AM$46*AM6*$AM$48*N6)/(AE6*(AQ6*$AM$50)^2+AF6*(AR6*$AM$50)^2)) -> 4.1787288e-11 | AT6: =(AQ6*AR6*$AM$50)/(4*PI()*$AM$46*AM6*AI6)*EXP(-AI6/AS6) -> -0.0020826139 | AU6: =(AQ6*AQ6*$AM$50)/(4*PI()*$AM$46*AM6*AJ6)*EXP(-AJ6/AS6) -> 4.2481467e-05 | AV6: =(AR6*AR6*$AM$50)/(4*PI()*$AM$46*AM6*AK6)*EXP(-AK6/AS6) -> 3.625564e-05 | AX6: =(AQ6*AR6*$AM$50)/(4*PI()*$AM$46*AM6*$AM$52)*EXP(-$AM$52/AS6) -> -0.0018393987 | AY6: =(AQ6*AQ6*$AM$50)/(4*PI()*$AM$46*AM6*$AM$52)*EXP(-$AM$52/AS6) -> 0.0018393987 | AZ6: =(AR6*AR6*$AM$50)/(4*PI()*$AM$46*AM6*$AM$52)*EXP(-$AM$52/AS6) -> 0.0018393987 | BC6: =L6/(W6/1000*(X6+Y6*N6)) -> 4.9465257e-10
A7: CsF | C7: 1 | D7: 64 | E7: 64 | F7: =D7*1.6726219E-27 -> 1.070478e-25 | G7: =E7*9.1093856E-31 -> 5.8300068e-29 | H7: =((F7*D7)/(G7*E7)) -> 1836.1523 | I7: =D7/E7 -> 1 | J7: =(F7)-(G7) -> 1.069895e-25 | K7: 58.44 | L7: =0.115*EXP(27000/(8.3144598*N7))/1000 -> 0.0034453112 | M7: =N7^-1 -> 0.001046956 | N7: 955.15 | O7: 4.57e-05 | P7: =6.0223E+23/O7 -> 1.3177899e+28 | Q7: 0.000385 | S7: 1.67e-10 | T7: 1.33e-10 | U7: =T7+S7 -> 3e-10 | V7: =U7*10000000000 -> 3 | W7: 2196977.2 | X7: 2732.9322 | Y7: -0.915 | Z7: 4.8985 | AA7: -0.000543 | AE7: =6.0223E+23/O7*ABS(AQ7)/(ABS(AQ7)+ABS(AR7)) -> 6.5889497e+27 | AF7: =6.0223E+23/O7*ABS(AR7)/(ABS(AQ7)+ABS(AR7)) -> 6.5889497e+27 | AI7: =WalzPDFpeaks!D7*0.000000000001 -> 2.76e-10 | AJ7: =WalzPDFpeaks!F7*0.000000000001 -> 4.24e-10 | AK7: =WalzPDFpeaks!H7*0.000000000001 -> 4.28e-10 | AL7: Walz, 2023 | AM7: 5.9 | AN7: Same trend as above | AO7: Chen & Sato (1983) | AP7: https://journal.buct.edu.cn/EN/10.13543/j.bhxbzr.2023.03.007 | AQ7: 1 | AR7: =AQ7*-1 -> -1 | AS7: =SQRT(($AM$46*AM7*$AM$48*N7)/(AE7*(AQ7*$AM$50)^2+AF7*(AR7*$AM$50)^2)) -> 4.5132797e-11 | AT7: =(AQ7*AR7*$AM$50)/(4*PI()*$AM$46*AM7*AI7)*EXP(-AI7/AS7) -> -0.0019530232 | AU7: =(AQ7*AQ7*$AM$50)/(4*PI()*$AM$46*AM7*AJ7)*EXP(-AJ7/AS7) -> 4.7874808e-05 | AV7: =(AR7*AR7*$AM$50)/(4*PI()*$AM$46*AM7*AK7)*EXP(-AK7/AS7) -> 4.3404901e-05 | AX7: =(AQ7*AR7*$AM$50)/(4*PI()*$AM$46*AM7*$AM$52)*EXP(-$AM$52/AS7) -> -0.0029196881 | AY7: =(AQ7*AQ7*$AM$50)/(4*PI()*$AM$46*AM7*$AM$52)*EXP(-$AM$52/AS7) -> 0.0029196881 | AZ7: =(AR7*AR7*$AM$50)/(4*PI()*$AM$46*AM7*$AM$52)*EXP(-$AM$52/AS7) -> 0.0029196881 | BC7: =L7/(W7/1000*(X7+Y7*N7)) -> 8.4358824e-10
A8: LiCl | B8: 3.67 | C8: 1 | D8: 20 | E8: 20 | F8: =D8*1.6726219E-27 -> 3.3452438e-26 | G8: =E8*9.1093856E-31 -> 1.8218771e-29 | H8: =((F8*D8)/(G8*E8)) -> 1836.1523 | I8: =D8/E8 -> 1 | J8: =(F8)-(G8) -> 3.3434219e-26 | K8: 42.394 | L8: =0.0726*EXP(22400/(8.3144598*N8))/1000 -> 0.0015609789 | M8: =N8^-1 -> 0.0011388225 | N8: 878.1 | O8: =K8/W8 -> 2.8281521e-05 | P8: =6.0223E+23/O8 -> 2.1294116e+28 | Q8: 0.000288 | S8: 7.6e-11 | T8: 1.81e-10 | U8: =T8+S8 -> 2.57e-10 | V8: =U8*10000000000 -> 2.57 | W8: 1499000 | X8: 2787.9043 | Y8: -0.849 | Z8: 1.8842 | AA8: -0.0004328 | AB8: 1 | AC8: 1 | AD8: =AB8+AC8 -> 2 | AE8: =6.0223E+23/O8*ABS(AQ8)/(ABS(AQ8)+ABS(AR8)) -> 1.0647058e+28 | AF8: =6.0223E+23/O8*ABS(AR8)/(ABS(AQ8)+ABS(AR8)) -> 1.0647058e+28 | AG8: 0.65551426 | AH8: LiCl (Nagasaka, 1992) | AI8: =WalzPDFpeaks!D8*0.000000000001 -> 2.36e-10 | AJ8: =WalzPDFpeaks!F8*0.000000000001 -> 3.52e-10 | AK8: =WalzPDFpeaks!H8*0.000000000001 -> 3.62e-10 | AL8: Walz, 2024 | AM8: 5.9 | AN8: Analogous to NaCl molten behavior | AO8: Chen & Sato (1983) | AP8: https://journal.buct.edu.cn/EN/10.13543/j.bhxbzr.2023.03.007 | AQ8: 1 | AR8: =AQ8*-1 -> -1 | AS8: =SQRT(($AM$46*AM8*$AM$48*N8)/(AE8*(AQ8*$AM$50)^2+AF8*(AR8*$AM$50)^2)) -> 3.4042522e-11 | AT8: =(AQ8*AR8*$AM$50)/(4*PI()*$AM$46*AM8*AI8)*EXP(-AI8/AS8) -> -0.0010087663 | AU8: =(AQ8*AQ8*$AM$50)/(4*PI()*$AM$46*AM8*AJ8)*EXP(-AJ8/AS8) -> 2.2402687e-05 | AV8: =(AR8*AR8*$AM$50)/(4*PI()*$AM$46*AM8*AK8)*EXP(-AK8/AS8) -> 1.623903e-05 | AX8: =(AQ8*AR8*$AM$50)/(4*PI()*$AM$46*AM8*$AM$52)*EXP(-$AM$52/AS8) -> -0.00044547221 | AY8: =(AQ8*AQ8*$AM$50)/(4*PI()*$AM$46*AM8*$AM$52)*EXP(-$AM$52/AS8) -> 0.00044547221 | AZ8: =(AR8*AR8*$AM$50)/(4*PI()*$AM$46*AM8*$AM$52)*EXP(-$AM$52/AS8) -> 0.00044547221 | BC8: =L8/(W8/1000*(X8+Y8*N8)) -> 5.0986493e-10
A9: NaCl | B9: 3.94 | C9: 1 | D9: 28 | E9: 28 | F9: =D9*1.6726219E-27 -> 4.6833413e-26 | G9: =E9*9.1093856E-31 -> 2.550628e-29 | H9: =((F9*D9)/(G9*E9)) -> 1836.1523 | I9: =D9/E9 -> 1 | J9: =(F9)-(G9) -> 4.6807907e-26 | K9: 58.44 | L9: =0.0893*EXP(22000/(8.3144598*N9))/1000 -> 0.0010321391 | M9: =N9^-1 -> 0.00092494104 | N9: 1081.15 | O9: 3.765e-05 | P9: =6.0223E+23/O9 -> 1.5995485e+28 | Q9: 0.00035 | S9: 1.02e-10 | T9: 1.81e-10 | U9: =T9+S9 -> 2.83e-10 | V9: =U9*10000000000 -> 2.83 | W9: 1560000 | X9: 2732.9322 | Y9: -0.915 | Z9: 2.1393 | AA9: -0.000543 | AB9: 1 | AC9: 1 | AD9: =AB9+AC9 -> 2 | AE9: =6.0223E+23/O9*ABS(AQ9)/(ABS(AQ9)+ABS(AR9)) -> 7.9977424e+27 | AF9: =6.0223E+23/O9*ABS(AR9)/(ABS(AQ9)+ABS(AR9)) -> 7.9977424e+27 | AG9: 0.5263607 | AH9: NaCl (Nagasaka 1992) | AI9: =WalzPDFpeaks!D9*0.000000000001 -> 2.64e-10 | AJ9: =WalzPDFpeaks!F9*0.000000000001 -> 3.96e-10 | AK9: =WalzPDFpeaks!H9*0.000000000001 -> 4.04e-10 | AL9: Walz, 2025 | AM9: 5.9 | AN9: Measured molten NaCl at ~1074 K | AO9: Chen & Sato (1983) | AP9: https://journal.buct.edu.cn/EN/10.13543/j.bhxbzr.2023.03.007 | AQ9: 1 | AR9: =AQ9*-1 -> -1 | AS9: =SQRT(($AM$46*AM9*$AM$48*N9)/(AE9*(AQ9*$AM$50)^2+AF9*(AR9*$AM$50)^2)) -> 4.3583673e-11 | AT9: =(AQ9*AR9*$AM$50)/(4*PI()*$AM$46*AM9*AI9)*EXP(-AI9/AS9) -> -0.0021636637 | AU9: =(AQ9*AQ9*$AM$50)/(4*PI()*$AM$46*AM9*AJ9)*EXP(-AJ9/AS9) -> 6.9786182e-05 | AV9: =(AR9*AR9*$AM$50)/(4*PI()*$AM$46*AM9*AK9)*EXP(-AK9/AS9) -> 5.6933298e-05 | AX9: =(AQ9*AR9*$AM$50)/(4*PI()*$AM$46*AM9*$AM$52)*EXP(-$AM$52/AS9) -> -0.0023782148 | AY9: =(AQ9*AQ9*$AM$50)/(4*PI()*$AM$46*AM9*$AM$52)*EXP(-$AM$52/AS9) -> 0.0023782148 | AZ9: =(AR9*AR9*$AM$50)/(4*PI()*$AM$46*AM9*$AM$52)*EXP(-$AM$52/AS9) -> 0.0023782148 | BC9: =L9/(W9/1000*(X9+Y9*N9)) -> 3.7944326e-10
A10: KCl | B10: 3.34 | C10: 1 | D10: 36 | E10: 36 | F10: =D10*1.6726219E-27 -> 6.0214388e-26 | G10: =E10*9.1093856E-31 -> 3.2793788e-29 | H10: =((F10*D10)/(G10*E10)) -> 1836.1523 | I10: =D10/E10 -> 1 | J10: =(F10)-(G10) -> 6.0181595e-26 | K10: 74.5513 | L10: =0.0708*EXP(23900/(8.3144598*N10))/1000 -> 0.0011078669 | M10: =N10^-1 -> 0.00095680046 | N10: 1045.15 | O10: 4.884e-05 | P10: =6.0223E+23/O10 -> 1.2330672e+28 | Q10: 0.000382 | S10: 1.38e-10 | T10: 1.81e-10 | U10: =T10+S10 -> 3.19e-10 | V10: =U10*10000000000 -> 3.19 | W10: 1530000 | X10: 2514.8257 | Y10: -0.878 | Z10: 2.1359 | AA10: -0.0005831 | AB10: 1 | AC10: 1 | AD10: =AB10+AC10 -> 2 | AE10: =6.0223E+23/O10*ABS(AQ10)/(ABS(AQ10)+ABS(AR10)) -> 6.1653358e+27 | AF10: =6.0223E+23/O10*ABS(AR10)/(ABS(AQ10)+ABS(AR10)) -> 6.1653358e+27 | AG10: 0.36749822 | AH10: KCl (Harada, 1992),KCl (Nagasaka, 1992) | AI10: =WalzPDFpeaks!D10*0.000000000001 -> 2.96e-10 | AJ10: =WalzPDFpeaks!F10*0.000000000001 -> 4.38e-10 | AK10: =WalzPDFpeaks!H10*0.000000000001 -> 4.52e-10 | AL10: Walz, 2026 | AM10: 5.2 | AN10: Measured molten KCl at ~1043 K (by analogy to NaCl) | AO10: Chen & Sato (1983) | AP10: https://journal.buct.edu.cn/EN/10.13543/j.bhxbzr.2023.03.007 | AQ10: 1 | AR10: =AQ10*-1 -> -1 | AS10: =SQRT(($AM$46*AM10*$AM$48*N10)/(AE10*(AQ10*$AM$50)^2+AF10*(AR10*$AM$50)^2)) -> 4.5819587e-11 | AT10: =(AQ10*AR10*$AM$50)/(4*PI()*$AM$46*AM10*AI10)*EXP(-AI10/AS10) -> -0.0014635736 | AU10: =(AQ10*AQ10*$AM$50)/(4*PI()*$AM$46*AM10*AJ10)*EXP(-AJ10/AS10) -> 4.4596955e-05 | AV10: =(AR10*AR10*$AM$50)/(4*PI()*$AM$46*AM10*AK10)*EXP(-AK10/AS10) -> 3.1837859e-05 | AX10: =(AQ10*AR10*$AM$50)/(4*PI()*$AM$46*AM10*$AM$52)*EXP(-$AM$52/AS10) -> -0.0036120436 | AY10: =(AQ10*AQ10*$AM$50)/(4*PI()*$AM$46*AM10*$AM$52)*EXP(-$AM$52/AS10) -> 0.0036120436 | AZ10: =(AR10*AR10*$AM$50)/(4*PI()*$AM$46*AM10*$AM$52)*EXP(-$AM$52/AS10) -> 0.0036120436 | BC10: =L10/(W10/1000*(X10+Y10*N10)) -> 4.5335792e-10
A11: BeF2 | B11: 0.52 | C11: 1 | D11: 13 | E11: 12 | F11: =D11*1.6726219E-27 -> 2.1744085e-26 | G11: =E11*9.1093856E-31 -> 1.0931263e-29 | H11: =((F11*D11)/(G11*E11)) -> 2154.9287 | I11: =D11/E11 -> 1.0833333 | J11: =(F11)-(G11) -> 2.1733153e-26 | K11: 47.01 | L11: =10^(-8.12+11500/N11+639000/N11^2)/1000 -> 1.5280163 | M11: =N11^-1 -> 0.00093444844 | N11: 1070.15 | O11: 2.4e-05 | P11: =6.0223E+23/O11 -> 2.5092917e+28 | Q11: 7.42e-06 | S11: 3.4e-11 | T11: 1.33e-10 | U11: =T11+S11 -> 1.67e-10 | V11: =U11*10000000000 -> 1.67 | W11: 1960000 | X11: 2547.8 | Y11: 0 | Z11: 1.972 | AA11: -1.45e-05 | AB11: 1 | AC11: 2 | AD11: =AB11+AC11 -> 3 | AE11: =6.0223E+23/O11*ABS(AQ11)/(ABS(AQ11)+ABS(AR11)) -> 1.6728611e+28 | AF11: =6.0223E+23/O11*ABS(AR11)/(ABS(AQ11)+ABS(AR11)) -> 8.3643056e+27 | AM11: 5.9 | AN11: Estimated via similarity to LiF/NaCl family | AO11: Chen & Sato (1983) | AP11: https://journal.buct.edu.cn/EN/10.13543/j.bhxbzr.2023.03.007 | AQ11: 2 | AR11: -1 | AS11: =SQRT(($AM$46*AM11*$AM$48*N11)/(AE11*(AQ11*$AM$50)^2+AF11*(AR11*$AM$50)^2)) -> 1.9987832e-11 | AX11: =(AQ11*AR11*$AM$50)/(4*PI()*$AM$46*AM11*$AM$52)*EXP(-$AM$52/AS11) -> -4.1051313e-06 | AY11: =(AQ11*AQ11*$AM$50)/(4*PI()*$AM$46*AM11*$AM$52)*EXP(-$AM$52/AS11) -> 8.2102625e-06 | AZ11: =(AR11*AR11*$AM$50)/(4*PI()*$AM$46*AM11*$AM$52)*EXP(-$AM$52/AS11) -> 2.0525656e-06
A12: MgF2 | B12: 0.02 | C12: 1 | D12: 21 | E12: 20 | F12: =D12*1.6726219E-27 -> 3.512506e-26 | G12: =E12*9.1093856E-31 -> 1.8218771e-29 | H12: =((F12*D12)/(G12*E12)) -> 2024.3579 | I12: =D12/E12 -> 1.05 | J12: =(F12)-(G12) -> 3.5106841e-26 | K12: 62.3018 | L12: =0.187*EXP(32100/(8.3144598*N12))/1000 -> 0.002315921 | M12: =N12^-1 -> 0.0006518055 | N12: 1534.2 | O12: =K12/W12 -> 2.557462e-05 | P12: =6.0223E+23/O12 -> 2.3547955e+28 | Q12: 0.000216 | S12: 7.2e-11 | T12: 1.33e-10 | U12: =T12+S12 -> 2.05e-10 | V12: =U12*10000000000 -> 2.05 | W12: =(Z12+N12*AA12)*1000000 -> 2436079.2 | X12: 2175.6 | Y12: 0 | Z12: 3.24 | AA12: -0.000524 | AB12: 1 | AC12: 2 | AD12: =AB12+AC12 -> 3 | AE12: =6.0223E+23/O12*ABS(AQ12)/(ABS(AQ12)+ABS(AR12)) -> 1.5698637e+28 | AF12: =6.0223E+23/O12*ABS(AR12)/(ABS(AQ12)+ABS(AR12)) -> 7.8493183e+27 | AG12: 0.70228665 | AH12: MgF2 (Khlebnikov, 1981),MgF2 (Golyshev, 1992) | AM12: 5.9 | AN12: Estimated trend from LiF/NaCl | AO12: Chen & Sato (1983) | AP12: https://journal.buct.edu.cn/EN/10.13543/j.bhxbzr.2023.03.007 | AQ12: 2 | AR12: -1 | AS12: =SQRT(($AM$46*AM12*$AM$48*N12)/(AE12*(AQ12*$AM$50)^2+AF12*(AR12*$AM$50)^2)) -> 2.4704912e-11 | AX12: =(AQ12*AR12*$AM$50)/(4*PI()*$AM$46*AM12*$AM$52)*EXP(-$AM$52/AS12) -> -4.942153e-05 | AY12: =(AQ12*AQ12*$AM$50)/(4*PI()*$AM$46*AM12*$AM$52)*EXP(-$AM$52/AS12) -> 9.884306e-05 | AZ12: =(AR12*AR12*$AM$50)/(4*PI()*$AM$46*AM12*$AM$52)*EXP(-$AM$52/AS12) -> 2.4710765e-05 | BC12: =L12/(W12/1000*(X12+Y12*N12)) -> 4.3697168e-10
A13: CaF2 | B13: 0.12 | C13: 1 | D13: 29 | E13: 28 | F13: =D13*1.6726219E-27 -> 4.8506035e-26 | G13: =E13*9.1093856E-31 -> 2.550628e-29 | H13: =((F13*D13)/(G13*E13)) -> 1969.648 | I13: =D13/E13 -> 1.0357143 | J13: =(F13)-(G13) -> 4.8480529e-26 | K13: 78.0748 | L13: =0.1*EXP(47600/(8.3144598*N13))/1000 -> 0.0029475213 | M13: =N13^-1 -> 0.00059101655 | N13: 1692 | O13: =K13/W13 -> 3.1001402e-05 | P13: =6.0223E+23/O13 -> 1.9425895e+28 | Q13: 0.000155 | S13: 1e-10 | T13: 1.33e-10 | U13: =T13+S13 -> 2.33e-10 | V13: =U13*10000000000 -> 2.33 | W13: =(Z13+N13*AA13)*1000000 -> 2518428 | X13: 1710.3 | Y13: 0 | Z13: 3.18 | AA13: -0.000391 | AB13: 1 | AC13: 2 | AD13: =AB13+AC13 -> 3 | AE13: =6.0223E+23/O13*ABS(AQ13)/(ABS(AQ13)+ABS(AR13)) -> 1.2950597e+28 | AF13: =6.0223E+23/O13*ABS(AR13)/(ABS(AQ13)+ABS(AR13)) -> 6.4752985e+27 | AG13: 0.59290478 | AH13: CaF2 (Golyshev, 1992),CaF2 (Khlebnikov, 1981) | AM13: 5.9 | AN13: Same trend | AO13: Chen & Sato (1983) | AP13: https://journal.buct.edu.cn/EN/10.13543/j.bhxbzr.2023.03.007 | AQ13: 2 | AR13: -1 | AS13: =SQRT(($AM$46*AM13*$AM$48*N13)/(AE13*(AQ13*$AM$50)^2+AF13*(AR13*$AM$50)^2)) -> 2.8564629e-11 | AX13: =(AQ13*AR13*$AM$50)/(4*PI()*$AM$46*AM13*$AM$52)*EXP(-$AM$52/AS13) -> -0.00020540721 | AY13: =(AQ13*AQ13*$AM$50)/(4*PI()*$AM$46*AM13*$AM$52)*EXP(-$AM$52/AS13) -> 0.00041081443 | AZ13: =(AR13*AR13*$AM$50)/(4*PI()*$AM$46*AM13*$AM$52)*EXP(-$AM$52/AS13) -> 0.00010270361 | BC13: =L13/(W13/1000*(X13+Y13*N13)) -> 6.8431351e-10
A14: SrF2 | C14: 1 | D14: 47 | E14: 46 | F14: =D14*1.6726219E-27 -> 7.8613229e-26 | G14: =E14*9.1093856E-31 -> 4.1903174e-29 | H14: =((F14*D14)/(G14*E14)) -> 1916.8527 | I14: =D14/E14 -> 1.0217391 | J14: =(F14)-(G14) -> 7.8571326e-26 | K14: 125.6168 | L14: =0.0703*EXP(54500/(8.3144598*N14))/1000 -> 0.0030018345 | M14: =N14^-1 -> 0.00057273769 | N14: 1746 | O14: =K14/W14 -> 3.621381e-05 | P14: =6.0223E+23/O14 -> 1.6629843e+28 | Q14: 0.000213 | S14: 1.18e-10 | T14: 1.33e-10 | U14: =T14+S14 -> 2.51e-10 | V14: =U14*10000000000 -> 2.51 | W14: =(Z14+N14*AA14)*1000000 -> 3468754 | X14: 1398.6 | Y14: 0 | Z14: 4.78 | AA14: -0.000751 | AB14: 1 | AC14: 2 | AD14: =AB14+AC14 -> 3 | AE14: =6.0223E+23/O14*ABS(AQ14)/(ABS(AQ14)+ABS(AR14)) -> 1.1086562e+28 | AF14: =6.0223E+23/O14*ABS(AR14)/(ABS(AQ14)+ABS(AR14)) -> 5.5432812e+27 | AM14: 5.9 | AN14: Same extrapolation | AO14: Chen & Sato (1983) | AP14: https://journal.buct.edu.cn/EN/10.13543/j.bhxbzr.2023.03.007 | AQ14: 2 | AR14: -1 | AS14: =SQRT(($AM$46*AM14*$AM$48*N14)/(AE14*(AQ14*$AM$50)^2+AF14*(AR14*$AM$50)^2)) -> 3.136151e-11 | AX14: =(AQ14*AR14*$AM$50)/(4*PI()*$AM$46*AM14*$AM$52)*EXP(-$AM$52/AS14) -> -0.00046321913 | AY14: =(AQ14*AQ14*$AM$50)/(4*PI()*$AM$46*AM14*$AM$52)*EXP(-$AM$52/AS14) -> 0.00092643825 | AZ14: =(AR14*AR14*$AM$50)/(4*PI()*$AM$46*AM14*$AM$52)*EXP(-$AM$52/AS14) -> 0.00023160956 | BC14: =L14/(W14/1000*(X14+Y14*N14)) -> 6.1875642e-10
A15: MgCl2 | B15: 0.8 | C15: 1 | D15: 29 | E15: 28 | F15: =D15*1.6726219E-27 -> 4.8506035e-26 | G15: =E15*9.1093856E-31 -> 2.550628e-29 | H15: =((F15*D15)/(G15*E15)) -> 1969.648 | I15: =D15/E15 -> 1.0357143 | J15: =(F15)-(G15) -> 4.8480529e-26 | K15: 95.211 | L15: =0.18*EXP(20500/(8.3144598*N15))/1000 -> 0.0021885965 | M15: =N15^-1 -> 0.0010131712 | N15: 987 | O15: =K15/W15 -> 5.6510276e-05 | Q15: 0.00018 | S15: 7.2e-11 | T15: 1.81e-10 | U15: =T15+S15 -> 2.53e-10 | V15: =U15*10000000000 -> 2.53 | W15: =(Z15+N15*AA15)*1000000 -> 1684844 | X15: 2101 | Y15: 0 | Z15: 1.9691 | AA15: -0.000288 | AB15: 1 | AC15: 2 | AD15: =AB15+AC15 -> 3 | AE15: =6.0223E+23/O15*ABS(AQ15)/(ABS(AQ15)+ABS(AR15)) -> 7.1046665e+27 | AF15: =6.0223E+23/O15*ABS(AR15)/(ABS(AQ15)+ABS(AR15)) -> 3.5523332e+27 | AG15: 0.54390686 | AH15: MgCl2 (Filatov, 2005) | AI15: 2.36e-10 | AJ15: 3.5e-10 | AK15: 3.51e-10 | AL15: McGreevy, 1987 | AM15: 5.2 | AN15: Same chloride melt analogy | AO15: Chen & Sato (1983) | AP15: https://journal.buct.edu.cn/EN/10.13543/j.bhxbzr.2023.03.006 | AQ15: 2 | AR15: -1 | AS15: =SQRT(($AM$46*AM15*$AM$48*N15)/(AE15*(AQ15*$AM$50)^2+AF15*(AR15*$AM$50)^2)) -> 2.7652582e-11 | AT15: =(AQ15*AR15*$AM$50)/(4*PI()*$AM$46*AM15*AI15)*EXP(-AI15/AS15) -> -0.00046126162 | AU15: =(AQ15*AQ15*$AM$50)/(4*PI()*$AM$46*AM15*AJ15)*EXP(-AJ15/AS15) -> 1.0078763e-05 | AV15: =(AR15*AR15*$AM$50)/(4*PI()*$AM$46*AM15*AK15)*EXP(-AK15/AS15) -> 2.4232755e-06 | AX15: =(AQ15*AR15*$AM$50)/(4*PI()*$AM$46*AM15*$AM$52)*EXP(-$AM$52/AS15) -> -0.00017252442 | AY15: =(AQ15*AQ15*$AM$50)/(4*PI()*$AM$46*AM15*$AM$52)*EXP(-$AM$52/AS15) -> 0.00034504884 | AZ15: =(AR15*AR15*$AM$50)/(4*PI()*$AM$46*AM15*$AM$52)*EXP(-$AM$52/AS15) -> 8.626221e-05 | BC15: =L15/(W15/1000*(X15+Y15*N15)) -> 6.1827252e-10
A16: CaCl2 | B16: 2.5 | C16: 1 | D16: 37 | E16: 36 | F16: =D16*1.6726219E-27 -> 6.188701e-26 | G16: =E16*9.1093856E-31 -> 3.2793788e-29 | H16: =((F16*D16)/(G16*E16)) -> 1939.5775 | I16: =D16/E16 -> 1.0277778 | J16: =(F16)-(G16) -> 6.1854217e-26 | K16: 110.984 | L16: =10^(-0.545+597/N16+546000/N16^2)/1000 -> 0.0033595447 | M16: =N16^-1 -> 0.0009569378 | N16: 1045 | O16: =K16/W16 -> 5.3154148e-05 | P16: =6.0223E+23/O16 -> 1.1329878e+28 | Q16: 0.000203 | S16: 1e-10 | T16: 1.81e-10 | U16: =T16+S16 -> 2.81e-10 | V16: =U16*10000000000 -> 2.81 | W16: =(Z16+N16*AA16)*1000000 -> 2087965 | X16: 2065.03 | Y16: 0 | Z16: 2.53 | AA16: -0.000423 | AB16: 1 | AC16: 2 | AD16: =AB16+AC16 -> 3 | AE16: =6.0223E+23/O16*ABS(AQ16)/(ABS(AQ16)+ABS(AR16)) -> 7.5532519e+27 | AF16: =6.0223E+23/O16*ABS(AR16)/(ABS(AQ16)+ABS(AR16)) -> 3.7766259e+27 | AI16: 2.78e-10 | AJ16: 3.55e-10 | AK16: 3.65e-10 | AL16: McGreevy, 1988 | AM16: 5.2 | AN16: Same chloride melt analogy | AO16: Chen & Sato (1983) | AP16: https://journal.buct.edu.cn/EN/10.13543/j.bhxbzr.2023.03.007 | AQ16: 2 | AR16: -1 | AS16: =SQRT(($AM$46*AM16*$AM$48*N16)/(AE16*(AQ16*$AM$50)^2+AF16*(AR16*$AM$50)^2)) -> 2.7595618e-11 | AT16: =(AQ16*AR16*$AM$50)/(4*PI()*$AM$46*AM16*AI16)*EXP(-AI16/AS16) -> -8.3979948e-05 | AU16: =(AQ16*AQ16*$AM$50)/(4*PI()*$AM$46*AM16*AJ16)*EXP(-AJ16/AS16) -> 8.0762728e-06 | AV16: =(AR16*AR16*$AM$50)/(4*PI()*$AM$46*AM16*AK16)*EXP(-AK16/AS16) -> 1.3668109e-06 | AX16: =(AQ16*AR16*$AM$50)/(4*PI()*$AM$46*AM16*$AM$52)*EXP(-$AM$52/AS16) -> -0.00016920232 | AY16: =(AQ16*AQ16*$AM$50)/(4*PI()*$AM$46*AM16*$AM$52)*EXP(-$AM$52/AS16) -> 0.00033840463 | AZ16: =(AR16*AR16*$AM$50)/(4*PI()*$AM$46*AM16*$AM$52)*EXP(-$AM$52/AS16) -> 8.4601158e-05 | BC16: =L16/(W16/1000*(X16+Y16*N16)) -> 7.7916752e-10
A17: SrCl2 | C17: 1 | D17: 55 | E17: 54 | F17: =D17*1.6726219E-27 -> 9.1994204e-26 | G17: =E17*9.1093856E-31 -> 4.9190682e-29 | H17: =((F17*D17)/(G17*E17)) -> 1904.7876 | I17: =D17/E17 -> 1.0185185 | J17: =(F17)-(G17) -> 9.1945014e-26 | K17: 158.526 | L17: =10^(-0.439+398/N17+879000/N17^2)/1000 -> 0.0037808819 | M17: =N17^-1 -> 0.00087260035 | N17: 1146 | O17: =K17/W17 -> 5.811897e-05 | P17: =6.0223E+23/O17 -> 1.0362021e+28 | Q17: 0.000212 | S17: 1.18e-10 | T17: 1.81e-10 | U17: =T17+S17 -> 2.99e-10 | V17: =U17*10000000000 -> 2.99 | W17: =(Z17+N17*AA17)*1000000 -> 2727612 | X17: 1873.13 | Y17: 0 | Z17: 3.39 | AA17: -0.000578 | AB17: 1 | AC17: 2 | AD17: =AB17+AC17 -> 3 | AE17: =6.0223E+23/O17*ABS(AQ17)/(ABS(AQ17)+ABS(AR17)) -> 6.9080141e+27 | AF17: =6.0223E+23/O17*ABS(AR17)/(ABS(AQ17)+ABS(AR17)) -> 3.4540071e+27 | AI17: 2.9e-10 | AJ17: 4.9e-10 | AK17: 3.8e-10 | AL17: McGreevy, 1989 | AM17: 5.2 | AN17: Same | AO17: Chen & Sato (1983) | AP17: https://journal.buct.edu.cn/EN/10.13543/j.bhxbzr.2023.03.007 | AQ17: 2 | AR17: -1 | AS17: =SQRT(($AM$46*AM17*$AM$48*N17)/(AE17*(AQ17*$AM$50)^2+AF17*(AR17*$AM$50)^2)) -> 3.0217927e-11 | AT17: =(AQ17*AR17*$AM$50)/(4*PI()*$AM$46*AM17*AI17)*EXP(-AI17/AS17) -> -0.0001297266 | AU17: =(AQ17*AQ17*$AM$50)/(4*PI()*$AM$46*AM17*AJ17)*EXP(-AJ17/AS17) -> 2.0504294e-07 | AV17: =(AR17*AR17*$AM$50)/(4*PI()*$AM$46*AM17*AK17)*EXP(-AK17/AS17) -> 2.5184086e-06 | AX17: =(AQ17*AR17*$AM$50)/(4*PI()*$AM$46*AM17*$AM$52)*EXP(-$AM$52/AS17) -> -0.00038382394 | AY17: =(AQ17*AQ17*$AM$50)/(4*PI()*$AM$46*AM17*$AM$52)*EXP(-$AM$52/AS17) -> 0.00076764788 | AZ17: =(AR17*AR17*$AM$50)/(4*PI()*$AM$46*AM17*$AM$52)*EXP(-$AM$52/AS17) -> 0.00019191197 | BC17: =L17/(W17/1000*(X17+Y17*N17)) -> 7.4001854e-10
A18: NaNO3 | B18: 0.3 | C18: 1 | D18: 26 | E18: 25 | F18: =D18*1.6726219E-27 -> 4.3488169e-26 | G18: =E18*9.1093856E-31 -> 2.2773464e-29 | H18: =((F18*D18)/(G18*E18)) -> 1985.9823 | I18: =D18/E18 -> 1.04 | J18: =(F18)-(G18) -> 4.3465396e-26 | K18: 84.99 | M18: =N18^-1 -> 0.0017148247 | N18: 583.15 | O18: 4.467e-05 | P18: =6.0223E+23/O18 -> 1.3481755e+28 | Q18: 0.000376 | S18: 1.02e-10 | T18: 2.31e-10 | U18: =T18+S18 -> 3.33e-10 | V18: =U18*10000000000 -> 3.33 | W18: =(Z18+N18*AA18)*1000000 -> 1886915.5 | X18: 2490.4882 | Y18: -1.155 | Z18: 2.3339 | AA18: -0.0007665 | AB18: 2 | AC18: 3 | AD18: =AB18+AC18 -> 5 | AE18: =6.0223E+23/O18*ABS(AQ18)/(ABS(AQ18)+ABS(AR18)) -> 6.7408775e+27 | AF18: =6.0223E+23/O18*ABS(AR18)/(ABS(AQ18)+ABS(AR18)) -> 6.7408775e+27 | AM18: 27 | AN18: Measured molten NaNO3 at ~573 K | AP18: (see nitrate dielectric literature) | AQ18: 1 | AR18: =AQ18*-1 -> -1 | AS18: =SQRT(($AM$46*AM18*$AM$48*N18)/(AE18*(AQ18*$AM$50)^2+AF18*(AR18*$AM$50)^2)) -> 7.4585148e-11 | AX18: =(AQ18*AR18*$AM$50)/(4*PI()*$AM$46*AM18*$AM$52)*EXP(-$AM$52/AS18) -> -0.0062307897 | AY18: =(AQ18*AQ18*$AM$50)/(4*PI()*$AM$46*AM18*$AM$52)*EXP(-$AM$52/AS18) -> 0.0062307897 | AZ18: =(AR18*AR18*$AM$50)/(4*PI()*$AM$46*AM18*$AM$52)*EXP(-$AM$52/AS18) -> 0.0062307897
A19: KNO3 | B19: 0.2 | C19: 1 | D19: 34 | E19: 33 | F19: =D19*1.6726219E-27 -> 5.6869145e-26 | G19: =E19*9.1093856E-31 -> 3.0060972e-29 | H19: =((F19*D19)/(G19*E19)) -> 1949.1203 | I19: =D19/E19 -> 1.030303 | J19: =(F19)-(G19) -> 5.6839084e-26 | K19: 101.1 | M19: =N19^-1 -> 0.0016389412 | N19: 610.15 | O19: 5.406e-05 | P19: =6.0223E+23/O19 -> 1.114003e+28 | Q19: 0.00039 | S19: 1.38e-10 | T19: 2.31e-10 | U19: =T19+S19 -> 3.69e-10 | V19: =U19*10000000000 -> 3.69 | W19: =(Z19+N19*AA19)*1000000 -> 1870200.6 | X19: 2449.928 | Y19: -1.12 | Z19: 2.315 | AA19: -0.000729 | AB19: 2 | AC19: 3 | AD19: =AB19+AC19 -> 5 | AE19: =6.0223E+23/O19*ABS(AQ19)/(ABS(AQ19)+ABS(AR19)) -> 5.5700148e+27 | AF19: =6.0223E+23/O19*ABS(AR19)/(ABS(AQ19)+ABS(AR19)) -> 5.5700148e+27 | AM19: 35 | AN19: Measured molten KNO3 at ~627 K | AP19: (typical values in thermophysical reviews) | AQ19: 1 | AR19: =AQ19*-1 -> -1 | AS19: =SQRT(($AM$46*AM19*$AM$48*N19)/(AE19*(AQ19*$AM$50)^2+AF19*(AR19*$AM$50)^2)) -> 9.5557044e-11 | AX19: =(AQ19*AR19*$AM$50)/(4*PI()*$AM$46*AM19*$AM$52)*EXP(-$AM$52/AS19) -> -0.010344196 | AY19: =(AQ19*AQ19*$AM$50)/(4*PI()*$AM$46*AM19*$AM$52)*EXP(-$AM$52/AS19) -> 0.010344196 | AZ19: =(AR19*AR19*$AM$50)/(4*PI()*$AM$46*AM19*$AM$52)*EXP(-$AM$52/AS19) -> 0.010344196
A20: ZrF4 | B20: 0.05 | C20: 1 | D20: 49 | E20: 46 | F20: =D20*1.6726219E-27 -> 8.1958473e-26 | G20: =E20*9.1093856E-31 -> 4.1903174e-29 | H20: =((F20*D20)/(G20*E20)) -> 2083.4601 | I20: =D20/E20 -> 1.0652174 | J20: =(F20)-(G20) -> 8.191657e-26 | K20: 167.21 | M20: =N20^-1 -> 0.00083963056 | N20: 1191 | O20: =K20/W20 -> 4.2928625e-05 | P20: =6.0223E+23/O20 -> 1.4028635e+28 | Q20: 0.000309 | S20: 7.2e-11 | T20: 1.33e-10 | U20: =T20+S20 -> 2.05e-10 | V20: =U20*10000000000 -> 2.05 | W20: =(5.36-0.00123*N20)*1000000 -> 3895070 | X20: 1700 | Y20: 0 | Z20: 5.36 | AA20: -0.00123 | AE20: =6.0223E+23/O20*ABS(AQ20)/(ABS(AQ20)+ABS(AR20)) -> 1.1222908e+28 | AF20: =6.0223E+23/O20*ABS(AR20)/(ABS(AQ20)+ABS(AR20)) -> 2.8057269e+27 | AM20: 5.9 | AN20: Same trend | AO20: Chen & Sato (1983) | AP20: https://journal.buct.edu.cn/EN/10.13543/j.bhxbzr.2023.03.007 | AQ20: 4 | AR20: -1 | AS20: =SQRT(($AM$46*AM20*$AM$48*N20)/(AE20*(AQ20*$AM$50)^2+AF20*(AR20*$AM$50)^2)) -> 1.3547403e-11 | AX20: =(AQ20*AR20*$AM$50)/(4*PI()*$AM$46*AM20*$AM$52)*EXP(-$AM$52/AS20) -> -1.6744797e-08 | AY20: =(AQ20*AQ20*$AM$50)/(4*PI()*$AM$46*AM20*$AM$52)*EXP(-$AM$52/AS20) -> 6.6979189e-08 | AZ20: =(AR20*AR20*$AM$50)/(4*PI()*$AM$46*AM20*$AM$52)*EXP(-$AM$52/AS20) -> 4.1861993e-09
A21: ThF4 | B21: 0.08 | C21: 1 | D21: 99 | E21: 96 | F21: =D21*1.6726219E-27 -> 1.6558957e-25 | G21: =E21*9.1093856E-31 -> 8.7450102e-29 | H21: =((F21*D21)/(G21*E21)) -> 1952.7049 | I21: =D21/E21 -> 1.03125 | J21: =(F21)-(G21) -> 1.6550212e-25 | K21: 308.0317 | M21: =N21^-1 -> 0.00072254335 | N21: 1384 | O21: =K21/W21 -> 5.0331977e-05 | P21: =6.0223E+23/O21 -> 1.1965157e+28 | Q21: 0.000121 | S21: 9.4e-11 | T21: 1.33e-10 | U21: =T21+S21 -> 2.27e-10 | V21: =U21*10000000000 -> 2.27 | W21: 6120000 | X21: 1362 | Y21: 0 | Z21: 7.34 | AA21: -0.000808 | AE21: =6.0223E+23/O21*ABS(AQ21)/(ABS(AQ21)+ABS(AR21)) -> 9.5721255e+27 | AF21: =6.0223E+23/O21*ABS(AR21)/(ABS(AQ21)+ABS(AR21)) -> 2.3930314e+27 | AM21: 5.9 | AN21: Same trend | AO21: Chen & Sato (1983) | AP21: https://journal.buct.edu.cn/EN/10.13543/j.bhxbzr.2023.03.007 | AQ21: 4 | AR21: -1 | AS21: =SQRT(($AM$46*AM21*$AM$48*N21)/(AE21*(AQ21*$AM$50)^2+AF21*(AR21*$AM$50)^2)) -> 1.5813089e-11 | AX21: =(AQ21*AR21*$AM$50)/(4*PI()*$AM$46*AM21*$AM$52)*EXP(-$AM$52/AS21) -> -2.6317443e-07 | AY21: =(AQ21*AQ21*$AM$50)/(4*PI()*$AM$46*AM21*$AM$52)*EXP(-$AM$52/AS21) -> 1.0526977e-06 | AZ21: =(AR21*AR21*$AM$50)/(4*PI()*$AM$46*AM21*$AM$52)*EXP(-$AM$52/AS21) -> 6.5793607e-08
A22: UF4 | B22: 0.09 | C22: 1 | D22: 101 | E22: 98 | F22: =D22*1.6726219E-27 -> 1.6893481e-25 | G22: =E22*9.1093856E-31 -> 8.9271979e-29 | H22: =((F22*D22)/(G22*E22)) -> 1950.2904 | I22: =D22/E22 -> 1.0306122 | J22: =(F22)-(G22) -> 1.6884554e-25 | K22: 314.0225 | L22: =10^(11.4-35400/N22+27700000/N22^2)/1000 -> 0.003329486 | M22: =N22^-1 -> 0.00076394194 | N22: 1309 | O22: =K22/W22 -> 4.8535162e-05 | P22: =6.0223E+23/O22 -> 1.2408118e+28 | Q22: 0.000149 | S22: 8.9e-11 | T22: 1.33e-10 | U22: =T22+S22 -> 2.22e-10 | V22: =U22*10000000000 -> 2.22 | W22: 6470000 | X22: 1062 | Y22: 0 | Z22: 7.604 | AA22: -0.000791 | AE22: =6.0223E+23/O22*ABS(AQ22)/(ABS(AQ22)+ABS(AR22)) -> 9.9264941e+27 | AF22: =6.0223E+23/O22*ABS(AR22)/(ABS(AQ22)+ABS(AR22)) -> 2.4816235e+27 | AM22: 5.9 | AN22: Estimated from fluoride trend (FLiBe/FLiNaK modeling) | AO22: Porter et al. (2022) | AP22: https://www.nature.com/articles/s42004-022-00684-6 | AQ22: 4 | AR22: -1 | AS22: =SQRT(($AM$46*AM22*$AM$48*N22)/(AE22*(AQ22*$AM$50)^2+AF22*(AR22*$AM$50)^2)) -> 1.5101662e-11 | AX22: =(AQ22*AR22*$AM$50)/(4*PI()*$AM$46*AM22*$AM$52)*EXP(-$AM$52/AS22) -> -1.2112877e-07 | AY22: =(AQ22*AQ22*$AM$50)/(4*PI()*$AM$46*AM22*$AM$52)*EXP(-$AM$52/AS22) -> 4.8451506e-07 | AZ22: =(AR22*AR22*$AM$50)/(4*PI()*$AM$46*AM22*$AM$52)*EXP(-$AM$52/AS22) -> 3.0282191e-08 | BC22: =L22/(W22/1000*(X22+Y22*N22)) -> 4.8456093e-10
A23: UCl3 | C23: 1 | D23: 109 | E23: 107 | F23: =D23*1.6726219E-27 -> 1.8231579e-25 | G23: =E23*9.1093856E-31 -> 9.7470426e-29 | H23: =((F23*D23)/(G23*E23)) -> 1905.435 | I23: =D23/E23 -> 1.0186916 | J23: =(F23)-(G23) -> 1.8221832e-25 | K23: 344.3879 | L23: =0.478*EXP(10900/(8.3144598*N23))/1000 -> 0.0015506403 | M23: =N23^-1 -> 0.00089766607 | N23: 1114 | O23: =K23/W23 -> 7.5193865e-05 | P23: =6.0223E+23/O23 -> 8.0090311e+27 | Q23: 0.000333 | S23: 1.16e-10 | T23: 1.81e-10 | U23: =T23+S23 -> 2.97e-10 | V23: =U23*10000000000 -> 2.97 | W23: 4580000 | X23: 1248 | Y23: 0 | Z23: 6.3747 | AA23: -0.0015222 | AE23: =6.0223E+23/O23*ABS(AQ23)/(ABS(AQ23)+ABS(AR23)) -> 6.0067733e+27 | AF23: =6.0223E+23/O23*ABS(AR23)/(ABS(AQ23)+ABS(AR23)) -> 2.0022578e+27 | AM23: 5.2 | AN23: Estimated via chloride melts analogy | AO23: Chen & Sato (1983) | AP23: https://journal.buct.edu.cn/EN/10.13543/j.bhxbzr.2023.03.007 | AQ23: 3 | AR23: -1 | AS23: =SQRT(($AM$46*AM23*$AM$48*N23)/(AE23*(AQ23*$AM$50)^2+AF23*(AR23*$AM$50)^2)) -> 2.2184968e-11 | AX23: =(AQ23*AR23*$AM$50)/(4*PI()*$AM$46*AM23*$AM$52)*EXP(-$AM$52/AS23) -> -2.5395582e-05 | AY23: =(AQ23*AQ23*$AM$50)/(4*PI()*$AM$46*AM23*$AM$52)*EXP(-$AM$52/AS23) -> 7.6186747e-05 | AZ23: =(AR23*AR23*$AM$50)/(4*PI()*$AM$46*AM23*$AM$52)*EXP(-$AM$52/AS23) -> 8.4651941e-06 | BC23: =L23/(W23/1000*(X23+Y23*N23)) -> 2.7128826e-10
A24: 0.68KCl-0.32MgCl2 | C24: 2 | D24: 33.76 | E24: 33.44 | F24: =D24*1.6726219E-27 -> 5.6467715e-26 | G24: =E24*9.1093856E-31 -> 3.0461785e-29 | H24: =((F24*D24)/(G24*E24)) -> 1871.4621 | I24: =D24/E24 -> 1.0095694 | J24: =(F24)-(G24) -> 5.6437254e-26 | K24: 81.162404 | L24: =0.141*EXP(18800/(8.3144598*N24))/1000 -> 0.0036048873 | M24: =N24^-1 -> 0.0014334862 | N24: 697.6 | O24: 4.6549051e-05 | P24: =6.0223E+23/O24 -> 1.2937535e+28 | Q24: 0.00030722638 | U24: =0.68*U10+0.32*U14 -> 2.9724e-10 | V24: =U24*10000000000 -> 2.9724 | W24: 1741629.2 | X24: 1968.0306 | AB24: 2 | AC24: 3 | AD24: =AB24+AC24 -> 5 | AM24: 5.2 | AN24: Estimated via chloride melts analogy | AO24: Chen & Sato (1983) | AP24: https://journal.buct.edu.cn/EN/10.13543/j.bhxbzr.2023.03.007 | BC24: =L24/(W24/1000*(X24+Y24*N24)) -> 1.0517297e-09
A25: 0.66LiF-0.34BeF2 | C25: 2 | D25: 12.34 | E25: 11.34 | F25: =D25*1.6726219E-27 -> 2.0640154e-26 | G25: =E25*9.1093856E-31 -> 1.0330043e-29 | H25: =((F25*D25)/(G25*E25)) -> 2174.2671 | I25: =D25/E25 -> 1.0881834 | J25: =(F25)-(G25) -> 2.0629824e-26 | K25: 33.10314 | L25: =0.116*EXP(31200/(8.3144598*N25))/1000 -> 0.019398692 | M25: =N25^-1 -> 0.0013642565 | N25: 733 | O25: 1.6714174e-05 | P25: =6.0223E+23/O25 -> 3.6031096e+28 | Q25: 0.00014095269 | U25: =0.66*U3+0.34*U11 -> 1.9472e-10 | V25: =U25*10000000000 -> 1.9472 | W25: 1986063.4 | X25: 2547.6864 | AB25: 2 | AC25: 3 | AD25: =AB25+AC25 -> 5 | AG25: 0.91150468 | AH25: 0.73LiF-0.27BeF2 (Bobrova, 2023) | AM25: 5.9 | AN25: Estimated from fluoride trend (FLiBe/FLiNaK modeling) | AO25: Porter et al. (2022) | AP25: https://www.nature.com/articles/s42004-022-00684-6 | BC25: =L25/(W25/1000*(X25+Y25*N25)) -> 3.8338347e-09
A26: 0.465LiF-0.115NaF-0.42KF | C26: 3 | D26: 19.64 | E26: 19.64 | F26: =D26*1.6726219E-27 -> 3.2850294e-26 | G26: =E26*9.1093856E-31 -> 1.7890833e-29 | H26: =((F26*D26)/(G26*E26)) -> 1836.1523 | I26: =D26/E26 -> 1 | J26: =(F26)-(G26) -> 3.2832403e-26 | K26: 41.290995 | L26: =10^(0.213+-1200/N26+1350000/N26^2)/1000 -> 0.012003439 | M26: =N26^-1 -> 0.0013605442 | N26: 735 | O26: 1.9405588e-05 | P26: =6.0223E+23/O26 -> 3.1033844e+28 | Q26: 0.00031252325 | U26: =0.465*U3+0.115*U4+0.42*U5 -> 2.3803e-10 | V26: =U26*10000000000 -> 2.3803 | W26: 2102415.4 | X26: 2012.4687 | AB26: 3 | AC26: 3 | AD26: =AB26+AC26 -> 6 | AG26: 0.79004699 | AH26: 0.465LiF-0.115NaF-0.42KF (Merritt, 2022),0.465LiF-0.115NaF-0.42KF (Gallagher, 2022),0.465LiF-0.115NaF-0.42KF (Rudenko, 2022) | AM26: 5.9 | AN26: Estimated from fluoride trend (FLiBe/FLiNaK modeling) | AO26: Porter et al. (2022) | AP26: https://www.nature.com/articles/s42004-022-00684-6 | BC26: =L26/(W26/1000*(X26+Y26*N26)) -> 2.8369915e-09
A27: 0.675LiF-0.2BeF2-0.005ThF4-0.12UF4 | C27: 4 | D27: 23.315 | E27: 22.74 | F27: =D27*1.6726219E-27 -> 3.899718e-26 | G27: =E27*9.1093856E-31 -> 2.0714743e-29 | H27: =((F27*D27)/(G27*E27)) -> 1930.1836 | I27: =D27/E27 -> 1.0252858 | J27: =(F27)-(G27) -> 3.8976465e-26 | K27: 66.133684 | L27: =0.062*EXP(38800/(8.3144598*N27))/1000 -> 0.030468149 | M27: =N27^-1 -> 0.0013280212 | N27: 753 | O27: 1.9202817e-05 | P27: =6.0223E+23/O27 -> 3.1361544e+28 | Q27: 0.00016787041 | U27: =0.675*U3+0.2*U11+0.005*U21+0.12*U22 -> 2.0225e-10 | V27: =U27*10000000000 -> 2.0225 | W27: 2609440.5 | X27: 1781.4332 | AB27: 4 | AC27: 11 | AD27: =AB27+AC27 -> 15 | AG27: 1.2649079 | AH27: 0.675LiF-0.20BeF2-0.12ThF4-0.005UF4 (Rosenthal, 1969) | AM27: 5.9 | AN27: Estimated from fluoride trend (FLiBe/FLiNaK modeling) | AO27: Porter et al. (2022) | AP27: https://www.nature.com/articles/s42004-022-00684-6 | BC27: =L27/(W27/1000*(X27+Y27*N27)) -> 6.5543424e-09
A28: 0.712LiF-0.23BeF2-0.05ZrF4-0.008UF4 | C28: 4 | D28: 14.792 | E28: 14.388 | F28: =D28*1.6726219E-27 -> 2.4741423e-26 | G28: =E28*9.1093856E-31 -> 1.3106584e-29 | H28: =((F28*D28)/(G28*E28)) -> 1940.7144 | I28: =D28/E28 -> 1.028079 | J28: =(F28)-(G28) -> 2.4728317e-26 | K28: 40.153548 | M28: =N28^-1 -> 0.0014084507 | N28: 710 | O28: 1.6919881e-05 | P28: =6.0223E+23/O28 -> 3.559304e+28 | Q28: 0.00018512202 | U28: =0.712*U3+0.23*U11+0.05*U20+0.008*U22 -> 1.99244e-10 | V28: =U28*10000000000 -> 1.99244 | W28: 2163027.6 | X28: 2319.1206 | AB28: 4 | AC28: 11 | AD28: =AB28+AC28 -> 15 | AG28: 1.2506481 | AH28: 0.712LiF-0.23BeF2-0.05ZrF4-0.008UF4 (Rosenthal, 1969) | AM28: 5.9 | AN28: Estimated from fluoride trend (FLiBe/FLiNaK modeling) | AO28: Porter et al. (2022) | AP28: https://www.nature.com/articles/s42004-022-00684-6
A29: 0.73LiF-0.27BeF2 | C29: 2 | D29: 12.27 | E29: 11.73 | F29: =D29*1.6726219E-27 -> 2.0523071e-26 | G29: =E29*9.1093856E-31 -> 1.0685309e-29 | H29: =((F29*D29)/(G29*E29)) -> 2009.1011 | I29: =D29/E29 -> 1.0460358 | J29: =(F29)-(G29) -> 2.0512385e-26 | K29: 31.62817 | L29: =0.118*EXP(30100/(8.3144598*N29))/1000 -> 0.01658596 | M29: =N29^-1 -> 0.0013661202 | N29: 732 | O29: 1.5942466e-05 | P29: =6.0223E+23/O29 -> 3.777521e+28 | Q29: 0.00016222659 | U29: =0.73*U3+0.27*U11 -> 1.9766e-10 | V29: =U29*10000000000 -> 1.9766 | W29: 1989043.9 | X29: 2547.6876 | AB29: 2 | AC29: 3 | AD29: =AB29+AC29 -> 5 | AG29: 0.90656933 | AH29: 0.73LiF-0.27BeF2 (Bobrova, 2023) | AM29: 5.9 | AN29: Estimated from fluoride trend (FLiBe/FLiNaK modeling) | AO29: Porter et al. (2022) | AP29: https://www.nature.com/articles/s42004-022-00684-6 | BC29: =L29/(W29/1000*(X29+Y29*N29)) -> 3.2730306e-09
A30: 0.725LiF-0.265BeF2-0.01UF4 | C30: 3 | D30: 13.155 | E30: 12.86 | F30: =D30*1.6726219E-27 -> 2.2003341e-26 | G30: =E30*9.1093856E-31 -> 1.171467e-29 | H30: =((F30*D30)/(G30*E30)) -> 1921.3587 | I30: =D30/E30 -> 1.0229393 | J30: =(F30)-(G30) -> 2.1991626e-26 | K30: 34.40365 | L30: =0.123*EXP(29800/(8.3144598*N30))/1000 -> 0.01645722 | M30: =N30^-1 -> 0.0013661202 | N30: 732 | O30: 1.6204764e-05 | P30: =6.0223E+23/O30 -> 3.7163762e+28 | Q30: 0.00016258314 | U30: =0.725*U3+0.265*U11+0.01*U22 -> 1.98e-10 | V30: =U30*10000000000 -> 1.98 | W30: 2039490.5 | X30: 2441.8706 | AB30: 3 | AC30: 7 | AD30: =AB30+AC30 -> 10 | AG30: 0.76966315 | AH30: 0.725LiF-0.265BeF2-0.01UF4 (Bobrova, 2023) | AM30: 5.9 | AN30: Estimated from fluoride trend (FLiBe/FLiNaK modeling) | AO30: Porter et al. (2022) | AP30: https://www.nature.com/articles/s42004-022-00684-6 | BC30: =L30/(W30/1000*(X30+Y30*N30)) -> 3.3045487e-09
A31: 0.72LiF-0.26BeF2-0.02UF4 | C31: 3 | D31: 14.04 | E31: 13.72 | F31: =D31*1.6726219E-27 -> 2.3483611e-26 | G31: =E31*9.1093856E-31 -> 1.2498077e-29 | H31: =((F31*D31)/(G31*E31)) -> 1922.8025 | I31: =D31/E31 -> 1.0233236 | J31: =(F31)-(G31) -> 2.3471113e-26 | K31: 37.17913 | L31: =0.123*EXP(29800/(8.3144598*N31))/1000 -> 0.01645722 | M31: =N31^-1 -> 0.0013661202 | N31: 732 | O31: 1.6467062e-05 | P31: =6.0223E+23/O31 -> 3.6571793e+28 | Q31: 0.00016292833 | U31: =0.72*U3+0.26*U11+0.02*U22 -> 1.9834e-10 | V31: =U31*10000000000 -> 1.9834 | W31: 2089937.1 | X31: 2348.752 | AB31: 3 | AC31: 7 | AD31: =AB31+AC31 -> 10 | AG31: 0.71518308 | AH31: 0.72LiF-0.26BeF2-0.02UF4 (Bobrova, 2023) | AM31: 5.9 | AN31: Estimated from fluoride trend (FLiBe/FLiNaK modeling) | AO31: Porter et al. (2022) | AP31: https://www.nature.com/articles/s42004-022-00684-6 | BC31: =L31/(W31/1000*(X31+Y31*N31)) -> 3.3526337e-09
A32: 0.32KCl-0.68MgCl2 | C32: 2 | D32: 31.24 | E32: 30.56 | F32: =D32*1.6726219E-27 -> 5.2252708e-26 | G32: =E32*9.1093856E-31 -> 2.7838282e-29 | H32: =((F32*D32)/(G32*E32)) -> 1918.775 | I32: =D32/E32 -> 1.0222513 | J32: =(F32)-(G32) -> 5.222487e-26 | K32: 88.599896 | M32: =N32^-1 -> 0.001433589 | N32: 697.55 | O32: 5.0411903e-05 | P32: =6.0223E+23/O32 -> 1.1946187e+28 | Q32: 0.00023528262 | U32: =0.32*U10+0.68*U14 -> 2.7276e-10 | V32: =U32*10000000000 -> 2.7276 | W32: 1755710.6 | X32: 2039.5015 | AB32: 2 | AC32: 3 | AD32: =AB32+AC32 -> 5 | AM32: 5.2 | AN32: Estimated via chloride melts analogy | AO32: Chen & Sato (1983) | AP32: https://journal.buct.edu.cn/EN/10.13543/j.bhxbzr.2023.03.007
A33: 0.4598NaCl-0.3891KCl-0.1511MgCl2 | C33: 3 | D33: 31.2639 | E33: 31.1128 | F33: =D33*1.6726219E-27 -> 5.2292684e-26 | G33: =E33*9.1093856E-31 -> 2.8341849e-29 | H33: =((F33*D33)/(G33*E33)) -> 1854.0302 | I33: =D33/E33 -> 1.0048565 | J33: =(F33)-(G33) -> 5.2264342e-26 | K33: 70.265005 | M33: =N33^-1 -> 0.0014824698 | N33: 674.55 | O33: 3.990775e-05 | P33: =6.0223E+23/O33 -> 1.5090553e+28 | Q33: 0.00032881888 | U33: =0.4598*U9+0.3891*U10+0.1511*U14 -> 2.921724e-10 | V33: =U33*10000000000 -> 2.921724 | W33: 1761445 | X33: 2024.7769 | AB33: 3 | AC33: 4 | AD33: =AB33+AC33 -> 7 | AG33: 0.47124631 | AH33: 0.2046NaCl-0.4131KCl-0.3823MgCl2 (Wang, 2021) | AM33: 5.2 | AN33: Estimated via chloride melts analogy | AO33: Chen & Sato (1983) | AP33: https://journal.buct.edu.cn/EN/10.13543/j.bhxbzr.2023.03.007
A34: 0.345NaF-0.59KF-0.065MgF2 | C34: 3 | D34: 24.785 | E34: 24.72 | F34: =D34*1.6726219E-27 -> 4.1455934e-26 | G34: =E34*9.1093856E-31 -> 2.2518401e-29 | H34: =((F34*D34)/(G34*E34)) -> 1845.8211 | I34: =D34/E34 -> 1.0026294 | J34: =(F34)-(G34) -> 4.1433415e-26 | K34: 52.812707 | M34: =N34^-1 -> 0.0010416667 | N34: 960 | O34: 2.5195547e-05 | P34: =6.0223E+23/O34 -> 2.3902239e+28 | Q34: 0.00031944978 | U34: =0.345*U4+0.59*U5+0.065*U12 -> 2.5429e-10 | V34: =U34*10000000000 -> 2.5429 | W34: 2110100.6 | X34: 1885.1934 | AB34: 3 | AC34: 4 | AD34: =AB34+AC34 -> 7 | AG34: 0.76602038 | AH34: 0.345NaF-0.59KF-0.065MgF2 (Rudenko, 2024) | AM34: 5.9 | AN34: Estimated from fluoride trend (FLiBe/FLiNaK modeling) | AO34: Porter et al. (2022) | AP34: https://www.nature.com/articles/s42004-022-00684-6
A35: 0.582LiCl-0.418KCl | C35: 2 | D35: 26.688 | E35: 26.688 | F35: =D35*1.6726219E-27 -> 4.4638933e-26 | G35: =E35*9.1093856E-31 -> 2.4311128e-29 | H35: =((F35*D35)/(G35*E35)) -> 1836.1523 | I35: =D35/E35 -> 1 | J35: =(F35)-(G35) -> 4.4614622e-26 | K35: 55.835751 | L35: =0.087*EXP(20900/(8.3144598*N35))/1000 -> 0.0046437178 | M35: =N35^-1 -> 0.0015822785 | N35: 632 | O35: 3.2950649e-05 | P35: =6.0223E+23/O35 -> 1.8276727e+28 | Q35: 0.00033829968 | U35: =0.582*U8+0.418*U10 -> 2.82916e-10 | V35: =U35*10000000000 -> 2.82916 | W35: 1676175.3 | X35: 2084.8843 | AB35: 2 | AC35: 2 | AD35: =AB35+AC35 -> 4 | AM35: 5.2 | AN35: Estimated via chloride melts analogy | AO35: Chen & Sato (1983) | AP35: https://journal.buct.edu.cn/EN/10.13543/j.bhxbzr.2023.03.007 | BC35: =L35/(W35/1000*(X35+Y35*N35)) -> 1.3288146e-09
A36: 0.6LiF-0.4NaF | C36: 2 | D36: 15.2 | E36: 15.2 | F36: =D36*1.6726219E-27 -> 2.5423853e-26 | G36: =E36*9.1093856E-31 -> 1.3846266e-29 | H36: =((F36*D36)/(G36*E36)) -> 1836.1523 | I36: =D36/E36 -> 1 | J36: =(F36)-(G36) -> 2.5410007e-26 | K36: 32.3586 | L36: =0.116*EXP(26800/(8.3144598*N36))/1000 -> 0.0039071252 | M36: =N36^-1 -> 0.0010911075 | N36: 916.5 | O36: 1.5885584e-05 | P36: =6.0223E+23/O36 -> 3.7910474e+28 | Q36: 0.00027773489 | U36: =0.6*U3+0.4*U4 -> 2.194e-10 | V36: =U36*10000000000 -> 2.194 | W36: 2014141.4 | X36: 2298.2284 | AB36: 2 | AC36: 2 | AD36: =AB36+AC36 -> 4 | AM36: 5.9 | AN36: Estimated from fluoride trend (FLiBe/FLiNaK modeling) | AO36: Porter et al. (2022) | AP36: https://www.nature.com/articles/s42004-022-00684-6 | BC36: =L36/(W36/1000*(X36+Y36*N36)) -> 8.4406168e-10
A37: 0.63NaCl-0.37UCl3 (ORNL) | C37: 2 | D37: 57.97 | E37: 57.23 | F37: =D37*1.6726219E-27 -> 9.6961892e-26 | G37: =E37*9.1093856E-31 -> 5.2133014e-29 | H37: =((F37*D37)/(G37*E37)) -> 1883.9432 | I37: =D37/E37 -> 1.0129303 | J37: =(F37)-(G37) -> 9.6909759e-26 | K37: 164.24072 | L37: =10^(-1.2675+1704/N37+0/N37^2)/1000 -> 0.0080532167 | M37: =N37^-1 -> 0.0012755102 | N37: 784 | O37: 4.6078431e-05 | P37: =6.0223E+23/O37 -> 1.3069672e+28 | Q37: 0.00034092676 | U37: =0.63*U9+0.37*U23 -> 2.8818e-10 | V37: =U37*10000000000 -> 2.8818 | W37: 2996639.7 | X37: 1451.7495 | AB37: 2 | AC37: 4 | AD37: =AB37+AC37 -> 6 | AG37: 0.25012655 | AH37: 63NaCl-37UCl3 (Termini, 2024) | AM37: 5.2 | AN37: Estimated via chloride melts analogy | AO37: Chen & Sato (1983) | AP37: https://journal.buct.edu.cn/EN/10.13543/j.bhxbzr.2023.03.007 | BC37: =L37/(W37/1000*(X37+Y37*N37)) -> 1.8511567e-09
A38: 0.658NaCl-0.342UCl3 (ANL) | C38: 2 | D38: 55.702 | E38: 55.018 | F38: =D38*1.6726219E-27 -> 9.3168385e-26 | G38: =E38*9.1093856E-31 -> 5.0118018e-29 | H38: =((F38*D38)/(G38*E38)) -> 1882.0912 | I38: =D38/E38 -> 1.0124323 | J38: =(F38)-(G38) -> 9.3118267e-26 | K38: 156.23418 | L38: =10^(-1.2179+1557/N38+0/N38^2)/1000 -> 0.0058623182 | M38: =N38^-1 -> 0.0012755102 | N38: 784 | O38: 4.5172249e-05 | P38: =6.0223E+23/O38 -> 1.3331858e+28 | Q38: 0.00034144514 | U38: =0.658*U9+0.342*U23 -> 2.87788e-10 | V38: =U38*10000000000 -> 2.87788 | W38: 2899543.9 | X38: 1470.4556 | AB38: 2 | AC38: 4 | AD38: =AB38+AC38 -> 6 | AG38: 0.20694427 | AH38: 65.8NaCl-34.2UCl3 (Rose, 2023) | AM38: 5.2 | AN38: Estimated via chloride melts analogy | AO38: Chen & Sato (1983) | AP38: https://journal.buct.edu.cn/EN/10.13543/j.bhxbzr.2023.03.007 | BC38: =L38/(W38/1000*(X38+Y38*N38)) -> 1.3749528e-09
A39: (NaF-KF)-.3UF4 | K39: 128.10887 | L39: =0.0767*EXP(39300/(8.3144598*N39))/1000 -> 0.0090410767 | N39: 991 | O39: 3.0243424e-05 | P39: =6.0223E+23/O39 -> 1.9912758e+28 | Q39: 0.00023876282 | U39: =0.582*U4+0.388*U5+0.3*U22 -> 3.08518e-10 | V39: =U39*10000000000 -> 3.08518 | W39: 3498633.6 | X39: =#REF! -> #REF! | AB39: 3 | AC39: 6 | AD39: =AB39+AC39 -> 9 | AG39: 0.51901235 | AH39: 0.42KF-0.28NaF-0.30UF4 (Rudenko, 2024) | AM39: 5.9 | AN39: Estimated from fluoride trend (FLiBe/FLiNaK modeling) | AO39: Porter et al. (2022) | AP39: https://www.nature.com/articles/s42004-022-00684-6 | BC39: =L39/(W39/1000*(X39+Y39*N39)) -> #REF!
A40: (NaF-KF)-.4UF4 | K40: 154.66796 | L40: =0.0767*EXP(39300/(8.3144598*N40))/1000 -> 0.0081514268 | N40: 1013 | O40: 3.2645143e-05 | P40: =6.0223E+23/O40 -> 1.8447767e+28 | Q40: 0.00022077563 | U40: =0.576*U4+0.384*U5+0.4*U22 -> 3.28224e-10 | V40: =U40*10000000000 -> 3.28224 | W40: 3957693.6 | X40: =#REF! -> #REF! | AB40: 3 | AC40: 6 | AD40: =AB40+AC40 -> 9 | AG40: 0.50823423 | AH40: 0.36KF-0.24NaF-0.40UF4 (Rudenko, 2024) | AM40: 5.9 | AN40: Estimated from fluoride trend (FLiBe/FLiNaK modeling) | AO40: Porter et al. (2022) | AP40: https://www.nature.com/articles/s42004-022-00684-6 | BC40: =L40/(W40/1000*(X40+Y40*N40)) -> #REF!
A41: (NaF-KF)-.5UF4 | K41: 181.22705 | L41: =0.0767*EXP(39300/(8.3144598*N41))/1000 -> 0.0078587879 | N41: 1021 | O41: 3.494914e-05 | P41: =6.0223E+23/O41 -> 1.7231611e+28 | Q41: 0.00020501178 | U41: =0.57*U4+0.38*U5+0.5*U22 -> 3.4793e-10 | V41: =U41*10000000000 -> 3.4793 | W41: 4426131.4 | X41: =#REF! -> #REF! | AB41: 3 | AC41: 6 | AD41: =AB41+AC41 -> 9 | AG41: 0.40028571 | AH41: 0.30KF-0.20NaF-0.50UF4 (Rudenko, 2024) | AM41: 5.9 | AN41: Estimated from fluoride trend (FLiBe/FLiNaK modeling) | AO41: Porter et al. (2022) | AP41: https://www.nature.com/articles/s42004-022-00684-6 | BC41: =L41/(W41/1000*(X41+Y41*N41)) -> #REF!
A42: H2O | B42: 0.01 | C42: 1 | D42: 10 | E42: 10 | F42: =D42*1.6726219E-27 -> 1.6726219e-26 | G42: =E42*9.1093856E-31 -> 9.1093856e-30 | H42: =((F42*D42)/(G42*E42)) -> 1836.1523 | I42: =D42/E42 -> 1 | J42: =(F42)-(G42) -> 1.671711e-26 | K42: 18.015 | L42: 0.001793 | M42: =N42^-1 -> 0.0036609921 | N42: 273.15 | O42: 1.802e-05 | P42: =6.0223E+23/O42 -> 3.3420089e+28 | Q42: 5.1e-05 | U42: 3.1e-10 | V42: =U42*10000000000 -> 3.1 | W42: 999840 | X42: 1403 | Y42: 0 | Z42: 999840 | AA42: 0 | BC42: =L42/(W42/1000*(X42+Y42*N42)) -> 1.2781803e-09
AM45: ε_0 (F/m)
AM46: 8.85419e-12
AM47: k_B (J/K)
AM48: 1.380649e-23
AM49: e (C )
AM50: 1.602e-19
AM51: r_nominal (m)
G52: LiCl | H52: 5.6672852 | AM52: =AVERAGE(U3:U43) -> 2.6046656e-10
G53: NaCl | H53: 3.6125286
G54: KCl | H54: 2.160308

Sheet WalzPDFpeaks
B1: 100C above melting temp | O1: At melting temp
A2: From Walz, 2019 | B2: Salt | C2: Temperature (K) | D2: rIJ (pm) | E2: NIJ | F2: rII (pm) | G2: NII | H2: rJJ (pm) | I2: NJJ | K2: cc-ca dif | L2: Avg cc-ca dif | M2: =AVERAGE(K3:K22) -> 139.4 | O2: Salt | P2: Temperature (K) | Q2: rIJ (pm) | R2: %delta_rIJ | S2: NIJ | T2: rII (pm) | U2: %delta_rII | V2: NII | W2: rJJ (pm) | X2: NJJ | Z2: cc-ca dif | AA2: Avg cc-ca dif
B3: LiF | C3: 1218.15 | D3: 184 | E3: 5.2 | F3: 282 | G3: 14.6 | H3: 284 | I3: 14.9 | K3: =F3-D3 -> 98 | M3: =K3/D3 -> 0.5326087 | O3: LiF | P3: 1118.15 | Q3: 186 | R3: =(D3-Q3)/D3 -> -0.010869565 | S3: 5.3 | T3: 280 | U3: =(F3-T3)/F3 -> 0.0070921986 | V3: 14.9 | W3: 284 | X3: 15 | AA3: =AVERAGE(Z3:Z23) -> #DIV/0!
B4: NaF | C4: 1366.15 | D4: 214 | E4: 5 | F4: 326 | G4: 14.2 | H4: 334 | I4: 14.5 | K4: =F4-D4 -> 112 | M4: =K4/D4 -> 0.52336449 | O4: NaF | P4: 1266.15 | Q4: 216 | R4: =(D4-Q4)/D4 -> -0.0093457944 | S4: 5.1 | T4: 326 | U4: =(F4-T4)/F4 -> 0 | V4: 14.6 | W4: 332 | X4: 14.8
B5: KF | C5: 1231.15 | D5: 244 | E5: 4.8 | F5: 380 | G5: 13.3 | H5: 384 | I5: 13.7 | K5: =F5-D5 -> 136 | M5: =K5/D5 -> 0.55737705 | O5: KF | P5: 1131.15 | Q5: 246 | R5: =(D5-Q5)/D5 -> -0.0081967213 | S5: 4.8 | T5: 378 | U5: =(F5-T5)/F5 -> 0.0052631579 | V5: 13.8 | W5: 382 | X5: 13.8
B6: RbF | C6: 1168.15 | D6: 256 | E6: 4.6 | F6: 400 | G6: 12.9 | H6: 406 | I6: 13 | K6: =F6-D6 -> 144 | M6: =K6/D6 -> 0.5625 | O6: RbF | P6: 1068.15 | Q6: 258 | R6: =(D6-Q6)/D6 -> -0.0078125 | S6: 4.7 | T6: 400 | U6: =(F6-T6)/F6 -> 0 | V6: 13.5 | W6: 406 | X6: 13.4
B7: CsF | C7: 1055.15 | D7: 276 | E7: 4.7 | F7: 424 | G7: 13.3 | H7: 428 | I7: 13.3 | K7: =F7-D7 -> 148 | M7: =K7/D7 -> 0.53623188 | O7: CsF | P7: 955.15 | Q7: 278 | R7: =(D7-Q7)/D7 -> -0.0072463768 | S7: 4.8 | T7: 424 | U7: =(F7-T7)/F7 -> 0 | V7: 13.7 | W7: 422 | X7: 13.8
B8: LiCl | C8: 978.15 | D8: 236 | E8: 5 | F8: 352 | G8: 14.1 | H8: 362 | I8: 14.1 | K8: =F8-D8 -> 116 | M8: =K8/D8 -> 0.49152542 | O8: LiCl | P8: 878.15 | Q8: 238 | R8: =(D8-Q8)/D8 -> -0.0084745763 | S8: 5.2 | T8: 352 | U8: =(F8-T8)/F8 -> 0 | V8: 14.7 | W8: 358 | X8: 14.8
B9: NaCl | C9: 1174.15 | D9: 264 | E9: 5.1 | F9: 396 | G9: 14.5 | H9: 404 | I9: 14.7 | K9: =F9-D9 -> 132 | M9: =K9/D9 -> 0.5 | O9: NaCl | P9: 1074.15 | Q9: 264 | R9: =(D9-Q9)/D9 -> 0 | S9: 5.3 | T9: 392 | U9: =(F9-T9)/F9 -> 0.01010101 | V9: 15.2 | W9: 398 | X9: 15.2
B10: KCl | C10: 1143.15 | D10: 296 | E10: 5.2 | F10: 438 | G10: 15.2 | H10: 452 | I10: 15.1 | K10: =F10-D10 -> 142 | M10: =K10/D10 -> 0.47972973 | O10: KCl | P10: 1043.15 | Q10: 296 | R10: =(D10-Q10)/D10 -> 0 | S10: 5.4 | T10: 438 | U10: =(F10-T10)/F10 -> 0 | V10: 15.4 | W10: 446 | X10: 15.7
B11: RbCl | C11: 1091.15 | D11: 310 | E11: 5.3 | F11: 460 | G11: 14.9 | H11: 470 | I11: 15 | K11: =F11-D11 -> 150 | M11: =K11/D11 -> 0.48387097 | O11: RbCl | P11: 991.15 | Q11: 310 | R11: =(D11-Q11)/D11 -> 0 | S11: 5.4 | T11: 456 | U11: =(F11-T11)/F11 -> 0.0086956522 | V11: 15.8 | W11: 464 | X11: 15.9
B12: CsCl | C12: 1018.15 | D12: 326 | E12: 5.3 | F12: 482 | G12: 15.3 | H12: 488 | I12: 15.6 | K12: =F12-D12 -> 156 | M12: =K12/D12 -> 0.47852761 | O12: CsCl | P12: 918.15 | Q12: 328 | R12: =(D12-Q12)/D12 -> -0.0061349693 | S12: 5.5 | T12: 478 | U12: =(F12-T12)/F12 -> 0.0082987552 | V12: 16 | W12: 488 | X12: 16
B13: LiBr | C13: 923.15 | D13: 252 | E13: 4.9 | F13: 372 | G13: 13.9 | H13: 388 | I13: 14 | K13: =F13-D13 -> 120 | M13: =K13/D13 -> 0.47619048 | O13: LiBr | P13: 823.15 | Q13: 252 | R13: =(D13-Q13)/D13 -> 0 | S13: 5 | T13: 374 | U13: =(F13-T13)/F13 -> -0.0053763441 | V13: 14.4 | W13: 386 | X13: 14.5
B14: NaBr | C14: 1120.15 | D14: 280 | E14: 5.1 | F14: 416 | G14: 14.7 | H14: 426 | I14: 14.5 | K14: =F14-D14 -> 136 | M14: =K14/D14 -> 0.48571429 | O14: NaBr | P14: 1020.15 | Q14: 280 | R14: =(D14-Q14)/D14 -> 0 | S14: 5.3 | T14: 414 | U14: =(F14-T14)/F14 -> 0.0048076923 | V14: 15 | W14: 420 | X14: 15.2
B15: KBr | C15: 1107.15 | D15: 312 | E15: 5.3 | F15: 458 | G15: 15 | H15: 470 | I15: 15.4 | K15: =F15-D15 -> 146 | M15: =K15/D15 -> 0.46794872 | O15: KBr | P15: 1007.15 | Q15: 312 | R15: =(D15-Q15)/D15 -> 0 | S15: 5.5 | T15: 456 | U15: =(F15-T15)/F15 -> 0.0043668122 | V15: 15.8 | W15: 466 | X15: 15.8
... B22: CsI | C22: 999.15 | D22: 366 | E22: 5.5 | F22: 530 | G22: 15.9 | H22: 546 | I22: 15.8 | K22: =F22-D22 -> 164 | M22: =K22/D22 -> 0.44808743 | O22: CsI | P22: 899.15 | Q22: 366 | R22: =(D22-Q22)/D22 -> 0 | S22: 5.7 | T22: 526 | U22: =(F22-T22)/F22 -> 0.0075471698 | V22: 16.7 | W22: 542 | X22: 16.5
R23: =AVERAGE(R3:R22) -> -0.0038557462 | U23: =AVERAGE(U3:U22) -> 0.0062741321

Sheet 1.0LiF_PLot_for_Figs
D1: a | E1: 12.416339 | J1: Scale
D2: b | E2: 2.406706 | J2: =0.001 -> 0.001
A3: r (Ã…) | B3: Li-F | C3: Li-Li | D3: F-F | E3: Power Law Fit | F3: S_i_Li-F | G3: Average_SCL | H3: lambda_BC | I3: W(r)_noC | J3: W(r) | K3: C | L3: T (K) | M3: k_B (J/mol/K) | N3: V(r) | O3: De | P3: a (A^-1) | Q3: re (A) | R3: Peak | S3: Minima
A4: 0 | B4: 1.8783682e-31 | C4: 8.7178378e-21 | D4: 1.273451e-21 | F4: 1 | G4: 3.4514 | H4: 3.305228 | I4: =IF(B4=0,100,-$M$4*$L$4*LN(B4)) -> 659387.1 | J4: =(I4-$K$4)*$J$2 -> 659.38004 | K4: =AVERAGE(I82:I103) -> 7.06501 | L4: 1121 | M4: 8.314 | N4: =($O$4*(1-EXP(-$P$4*(B4-$Q$4)))^2-$O$4)*0.0001 -> 1.6722689 | O4: 10 | P4: 2 | Q4: =A22 -> 1.8677099
A5: 0.10376166 | B5: 1.8783682e-29 | C5: 8.7178378e-20 | D5: 1.273451e-20 | E5: =$E$1*A5^-$E$2 + 1 -> 2899.0338 | F5: 1 | G5: 3.4514 | H5: 3.305228 | I5: =IF(B5=0,100,-$M$4*$L$4*LN(B5)) -> 616466.94 | J5: =(I5-$K$4)*$J$2 -> 616.45988 | N5: =($O$4*(1-EXP(-$P$4*(B5-$Q$4)))^2-$O$4)*0.0001 -> 1.6722689
A6: 0.20752332 | B6: 1.8783682e-27 | C6: 8.7178378e-19 | D6: 1.273451e-19 | E6: =$E$1*A6^-$E$2 + 1 -> 547.52842 | F6: 1 | G6: 3.4514 | H6: 3.305228 | I6: =IF(B6=0,100,-$M$4*$L$4*LN(B6)) -> 573546.78 | J6: =(I6-$K$4)*$J$2 -> 573.53972 | N6: =($O$4*(1-EXP(-$P$4*(B6-$Q$4)))^2-$O$4)*0.0001 -> 1.6722689
A7: 0.31128498 | B7: 1.8783682e-25 | C7: 8.7178378e-18 | D7: 1.273451e-18 | E7: =$E$1*A7^-$E$2 + 1 -> 206.97422 | F7: 1 | G7: 3.4514 | H7: 3.305228 | I7: =IF(B7=0,100,-$M$4*$L$4*LN(B7)) -> 530626.63 | J7: =(I7-$K$4)*$J$2 -> 530.61956 | N7: =($O$4*(1-EXP(-$P$4*(B7-$Q$4)))^2-$O$4)*0.0001 -> 1.6722689
A8: 0.41504663 | B8: 1.8783682e-23 | C8: 8.7178378e-17 | D8: 1.273451e-17 | E8: =$E$1*A8^-$E$2 + 1 -> 104.06757 | F8: 1 | G8: 3.4514 | H8: 3.305228 | I8: =IF(B8=0,100,-$M$4*$L$4*LN(B8)) -> 487706.47 | J8: =(I8-$K$4)*$J$2 -> 487.6994 | N8: =($O$4*(1-EXP(-$P$4*(B8-$Q$4)))^2-$O$4)*0.0001 -> 1.6722689
A9: 0.51880829 | B9: 1.8783682e-21 | C9: 8.7178378e-16 | D9: 1.273451e-16 | E9: =$E$1*A9^-$E$2 + 1 -> 61.240441 | F9: 1 | G9: 3.4514 | H9: 3.305228 | I9: =IF(B9=0,100,-$M$4*$L$4*LN(B9)) -> 444786.31 | J9: =(I9-$K$4)*$J$2 -> 444.77924 | N9: =($O$4*(1-EXP(-$P$4*(B9-$Q$4)))^2-$O$4)*0.0001 -> 1.6722689
A10: 0.62256995 | B10: 1.8783682e-19 | C10: 8.7178378e-15 | D10: 1.273451e-15 | E10: =$E$1*A10^-$E$2 + 1 -> 39.84384 | F10: 1 | G10: 3.4514 | H10: 3.305228 | I10: =IF(B10=0,100,-$M$4*$L$4*LN(B10)) -> 401866.15 | J10: =(I10-$K$4)*$J$2 -> 401.85908 | N10: =($O$4*(1-EXP(-$P$4*(B10-$Q$4)))^2-$O$4)*0.0001 -> 1.6722689
A11: 0.72633161 | B11: 1.8783682e-17 | C11: 8.7178378e-14 | D11: 1.273451e-14 | E11: =$E$1*A11^-$E$2 + 1 -> 27.804081 | F11: 1 | G11: 3.4514 | H11: 3.305228 | I11: =IF(B11=0,100,-$M$4*$L$4*LN(B11)) -> 358945.99 | J11: =(I11-$K$4)*$J$2 -> 358.93893 | N11: =($O$4*(1-EXP(-$P$4*(B11-$Q$4)))^2-$O$4)*0.0001 -> 1.6722689
A12: 0.83009327 | B12: 1.8783682e-15 | C12: 8.7178378e-13 | D12: 1.273451e-13 | E12: =$E$1*A12^-$E$2 + 1 -> 20.437095 | F12: 1 | G12: 3.4514 | H12: 3.305228 | I12: =IF(B12=0,100,-$M$4*$L$4*LN(B12)) -> 316025.83 | J12: =(I12-$K$4)*$J$2 -> 316.01877 | N12: =($O$4*(1-EXP(-$P$4*(B12-$Q$4)))^2-$O$4)*0.0001 -> 1.6722689
A13: 0.93385493 | B13: 1.8783682e-13 | C13: 8.7178378e-12 | D13: 1.273451e-12 | E13: =$E$1*A13^-$E$2 + 1 -> 15.639366 | F13: 1 | G13: 3.4514 | H13: 3.305228 | I13: =IF(B13=0,100,-$M$4*$L$4*LN(B13)) -> 273105.67 | J13: =(I13-$K$4)*$J$2 -> 273.09861 | N13: =($O$4*(1-EXP(-$P$4*(B13-$Q$4)))^2-$O$4)*0.0001 -> 1.6722689
A14: 1.0376166 | B14: 1.8783682e-11 | C14: 8.7178378e-11 | D14: 1.273451e-11 | E14: =$E$1*A14^-$E$2 + 1 -> 12.3605 | F14: 1 | G14: 3.4514 | H14: 3.305228 | I14: =IF(B14=0,100,-$M$4*$L$4*LN(B14)) -> 230185.52 | J14: =(I14-$K$4)*$J$2 -> 230.17845 | N14: =($O$4*(1-EXP(-$P$4*(B14-$Q$4)))^2-$O$4)*0.0001 -> 1.6722689
A15: 1.1413782 | B15: 1.8783682e-09 | C15: 8.7178378e-10 | D15: 1.273451e-10 | E15: =$E$1*A15^-$E$2 + 1 -> 10.031865 | F15: 1 | G15: 3.4514 | H15: 3.305228 | I15: =IF(B15=0,100,-$M$4*$L$4*LN(B15)) -> 187265.36 | J15: =(I15-$K$4)*$J$2 -> 187.25829 | N15: =($O$4*(1-EXP(-$P$4*(B15-$Q$4)))^2-$O$4)*0.0001 -> 1.6722689
A16: 1.2451399 | B16: 1.8783682e-07 | C16: 8.7178378e-09 | D16: 1.273451e-09 | E16: =$E$1*A16^-$E$2 + 1 -> 8.325402 | F16: 1 | G16: 3.4514 | H16: 3.305228 | I16: =IF(B16=0,100,-$M$4*$L$4*LN(B16)) -> 144345.2 | J16: =(I16-$K$4)*$J$2 -> 144.33813 | N16: =($O$4*(1-EXP(-$P$4*(B16-$Q$4)))^2-$O$4)*0.0001 -> 1.6722677
A17: 1.3489016 | B17: 1.8783682e-05 | C17: 8.7178378e-08 | D17: 1.273451e-08 | E17: =$E$1*A17^-$E$2 + 1 -> 7.041841 | F17: 1 | G17: 3.4514 | H17: 3.305228 | I17: =IF(B17=0,100,-$M$4*$L$4*LN(B17)) -> 101425.04 | J17: =(I17-$K$4)*$J$2 -> 101.41798 | N17: =($O$4*(1-EXP(-$P$4*(B17-$Q$4)))^2-$O$4)*0.0001 -> 1.6721402
A18: 1.4526632 | B18: 0.0018783682 | C18: 8.7178378e-07 | D18: 1.273451e-07 | E18: =$E$1*A18^-$E$2 + 1 -> 6.0548727 | F18: 1 | G18: 3.4514 | H18: 3.305228 | I18: =IF(B18=0,100,-$M$4*$L$4*LN(B18)) -> 58504.882 | J18: =(I18-$K$4)*$J$2 -> 58.497817 | N18: =($O$4*(1-EXP(-$P$4*(B18-$Q$4)))^2-$O$4)*0.0001 -> 1.6594384 | R18: =$B$22 -> 3.7153551
A19: 1.5564249 | B19: 0.18783682 | C19: 8.7178378e-06 | D19: 1.273451e-06 | E19: =$E$1*A19^-$E$2 + 1 -> 5.2815158 | F19: 1 | G19: 3.4514 | H19: 3.305228 | I19: =IF(B19=0,100,-$M$4*$L$4*LN(B19)) -> 15584.723 | J19: =(I19-$K$4)*$J$2 -> 15.577658 | N19: =($O$4*(1-EXP(-$P$4*(B19-$Q$4)))^2-$O$4)*0.0001 -> 0.77083294 | R19: =$B$22 -> 3.7153551
A20: 1.6601865 | B20: 1.3828736 | C20: 8.7178378e-05 | D20: 1.273451e-05 | E20: =$E$1*A20^-$E$2 + 1 -> 4.6655627 | F20: 1 | G20: 3.4514 | H20: 3.305228 | I20: =IF(B20=0,100,-$M$4*$L$4*LN(B20)) -> -3021.2034 | J20: =(I20-$K$4)*$J$2 -> -3.0282684 | N20: =($O$4*(1-EXP(-$P$4*(B20-$Q$4)))^2-$O$4)*0.0001 -> 0.001680033 | R20: =$B$22 -> 3.7153551
A21: 1.7639482 | B21: 2.9998431 | C21: 0.00087178378 | D21: 0.0001273451 | E21: =$E$1*A21^-$E$2 + 1 -> 4.1679232 | F21: 1 | G21: 3.4514 | H21: 3.305228 | I21: =IF(B21=0,100,-$M$4*$L$4*LN(B21)) -> -10238.572 | J21: =(I21-$K$4)*$J$2 -> -10.245637 | N21: =($O$4*(1-EXP(-$P$4*(B21-$Q$4)))^2-$O$4)*0.0001 -> -0.00019701595 | R21: =$B$22 -> 3.7153551
A22: 1.8677099 | B22: 3.7153551 | C22: 0.0087178378 | D22: 0.001273451 | E22: =$E$1*A22^-$E$2 + 1 -> 3.7607786 | F22: 0.8193347 | G22: 3.4514 | H22: 3.305228 | I22: =IF(B22=0,100,-$M$4*$L$4*LN(B22)) -> -12232.252 | J22: =(I22-$K$4)*$J$2 -> -12.239317 | N22: =($O$4*(1-EXP(-$P$4*(B22-$Q$4)))^2-$O$4)*0.0001 -> -4.9063437e-05 | R22: =$B$22 -> 3.7153551
A23: 1.9714715 | B23: 3.2712157 | C23: 0.026456014 | D23: 0.01273451 | E23: =$E$1*A23^-$E$2 + 1 -> 3.4239267 | F23: 0.76597786 | G23: 3.4514 | H23: 3.305228 | I23: =IF(B23=0,100,-$M$4*$L$4*LN(B23)) -> -11045.7 | J23: =(I23-$K$4)*$J$2 -> -11.052765 | N23: =($O$4*(1-EXP(-$P$4*(B23-$Q$4)))^2-$O$4)*0.0001 -> -0.00011712397 | R23: =$B$22 -> 3.7153551
A24: 2.0752332 | B24: 2.4217172 | C24: 0.080958179 | D24: 0.1273451 | E24: =$E$1*A24^-$E$2 + 1 -> 3.1424305 | F24: 0.76597786 | G24: 3.4514 | H24: 3.305228 | I24: =IF(B24=0,100,-$M$4*$L$4*LN(B24)) -> -8243.3192 | J24: =(I24-$K$4)*$J$2 -> -8.2503842 | N24: =($O$4*(1-EXP(-$P$4*(B24-$Q$4)))^2-$O$4)*0.0001 -> -0.00055138655 | R24: =$B$22 -> 3.7153551
A25: 2.1789948 | B25: 1.7235302 | C25: 0.21701883 | D25: 0.2789091 | E25: =$E$1*A25^-$E$2 + 1 -> 2.9050674 | F25: 0.76597786 | G25: 3.4514 | H25: 3.305228 | I25: =IF(B25=0,100,-$M$4*$L$4*LN(B25)) -> -5073.5683 | J25: =(I25-$K$4)*$J$2 -> -5.0806333 | N25: =($O$4*(1-EXP(-$P$4*(B25-$Q$4)))^2-$O$4)*0.0001 -> -0.00088828588 | R25: =$B$22 -> 3.7153551
A26: 2.2827565 | B26: 1.2313263 | C26: 0.45830777 | D26: 0.5329501 | E26: =$E$1*A26^-$E$2 + 1 -> 2.7032827 | F26: 0.76597786 | G26: 3.4514 | H26: 3.305228 | I26: =IF(B26=0,100,-$M$4*$L$4*LN(B26)) -> -1939.4153 | J26: =(I26-$K$4)*$J$2 -> -1.9464803 | N26: =($O$4*(1-EXP(-$P$4*(B26-$Q$4)))^2-$O$4)*0.0001 -> 0.0056085975 | R26: =$B$22 -> 3.7153551
A27: 2.3865181 | B27: 0.92388576 | C27: 0.81734548 | D27: 0.83174246 | E27: =$E$1*A27^-$E$2 + 1 -> 2.5304702 | F27: 0.76597786 | G27: 3.4514 | H27: 3.305228 | I27: =IF(B27=0,100,-$M$4*$L$4*LN(B27)) -> 737.83453 | J27: =(I27-$K$4)*$J$2 -> 0.73076952 | N27: =($O$4*(1-EXP(-$P$4*(B27-$Q$4)))^2-$O$4)*0.0001 -> 0.030402792
A28: 2.4902798 | B28: 0.72600354 | C28: 1.1463785 | D28: 1.1451727 | E28: =$E$1*A28^-$E$2 + 1 -> 2.3814678 | F28: 0.76597786 | G28: 3.4514 | H28: 3.305228 | I28: =IF(B28=0,100,-$M$4*$L$4*LN(B28)) -> 2984.2657 | J28: =(I28-$K$4)*$J$2 -> 2.9772007 | N28: =($O$4*(1-EXP(-$P$4*(B28-$Q$4)))^2-$O$4)*0.0001 -> 0.076617891 | S28: =$B$32 -> 0.48035278
A29: 2.5940415 | B29: 0.59467144 | C29: 1.5028667 | D29: 1.4234406 | E29: =$E$1*A29^-$E$2 + 1 -> 2.2521975 | F29: 0.76597786 | G29: 3.4514 | H29: 3.305228 | I29: =IF(B29=0,100,-$M$4*$L$4*LN(B29)) -> 4844.0317 | J29: =(I29-$K$4)*$J$2 -> 4.8369667 | N29: =($O$4*(1-EXP(-$P$4*(B29-$Q$4)))^2-$O$4)*0.0001 -> 0.13722606 | S29: =$B$32 -> 0.48035278
A30: 2.6978031 | B30: 0.52255645 | C30: 1.6953931 | D30: 1.5872931 | E30: =$E$1*A30^-$E$2 + 1 -> 2.1394063 | F30: 0.76597786 | G30: 3.4514 | H30: 3.305228 | I30: =IF(B30=0,100,-$M$4*$L$4*LN(B30)) -> 6048.8836 | J30: =(I30-$K$4)*$J$2 -> 6.0418186 | N30: =($O$4*(1-EXP(-$P$4*(B30-$Q$4)))^2-$O$4)*0.0001 -> 0.18768309 | S30: =$B$32 -> 0.48035278
A31: 2.8015648 | B31: 0.48035278 | C31: 1.7805234 | D31: 1.6850439 | E31: =$E$1*A31^-$E$2 + 1 -> 2.0404751 | F31: 0.76597786 | G31: 3.4514 | H31: 3.305228 | I31: =IF(B31=0,100,-$M$4*$L$4*LN(B31)) -> 6833.741 | J31: =(I31-$K$4)*$J$2 -> 6.8266759 | N31: =($O$4*(1-EXP(-$P$4*(B31-$Q$4)))^2-$O$4)*0.0001 -> 0.22502245 | S31: =$B$32 -> 0.48035278
A32: 2.9053264 | B32: 0.48035278 | C32: 1.7439786 | D32: 1.6676958 | E32: =$E$1*A32^-$E$2 + 1 -> 1.9532779 | F32: 0.76597786 | G32: 3.4514 | H32: 3.305228 | I32: =IF(B32=0,100,-$M$4*$L$4*LN(B32)) -> 6833.741 | J32: =(I32-$K$4)*$J$2 -> 6.8266759 | N32: =($O$4*(1-EXP(-$P$4*(B32-$Q$4)))^2-$O$4)*0.0001 -> 0.22502245 | S32: =$B$32 -> 0.48035278
A33: 3.0090881 | B33: 0.48035278 | C33: 1.6622882 | D33: 1.6104574 | E33: =$E$1*A33^-$E$2 + 1 -> 1.8760752 | F33: 0.76597786 | G33: 3.4514 | H33: 3.305228 | I33: =IF(B33=0,100,-$M$4*$L$4*LN(B33)) -> 6833.741 | J33: =(I33-$K$4)*$J$2 -> 6.8266759 | N33: =($O$4*(1-EXP(-$P$4*(B33-$Q$4)))^2-$O$4)*0.0001 -> 0.22502245 | S33: =$B$32 -> 0.48035278
A34: 3.1128498 | B34: 0.50741844 | C34: 1.5405622 | D34: 1.5065099 | E34: =$E$1*A34^-$E$2 + 1 -> 1.8074337 | F34: 0.76597786 | G34: 3.4514 | H34: 3.305228 | I34: =IF(B34=0,100,-$M$4*$L$4*LN(B34)) -> 6322.8637 | J34: =(I34-$K$4)*$J$2 -> 6.3157987 | N34: =($O$4*(1-EXP(-$P$4*(B34-$Q$4)))^2-$O$4)*0.0001 -> 0.20033261 | S34: =$B$32 -> 0.48035278
A35: 3.2166114 | B35: 0.56553332 | C35: 1.3819062 | D35: 1.3984066 | E35: =$E$1*A35^-$E$2 + 1 -> 1.746164 | F35: 0.76597786 | G35: 3.4514 | H35: 3.305228 | I35: =IF(B35=0,100,-$M$4*$L$4*LN(B35)) -> 5312.2666 | J35: =(I35-$K$4)*$J$2 -> 5.3052016 | N35: =($O$4*(1-EXP(-$P$4*(B35-$Q$4)))^2-$O$4)*0.0001 -> 0.15581236 | S35: =$B$32 -> 0.48035278
A36: 3.3203731 | B36: 0.62364821 | C36: 1.2600969 | D36: 1.3042606 | E36: =$E$1*A36^-$E$2 + 1 -> 1.6912736 | F36: 0.76597786 | G36: 3.4514 | H36: 3.305228 | I36: =IF(B36=0,100,-$M$4*$L$4*LN(B36)) -> 4400.6107 | J36: =(I36-$K$4)*$J$2 -> 4.3935457 | N36: =($O$4*(1-EXP(-$P$4*(B36-$Q$4)))^2-$O$4)*0.0001 -> 0.12085206 | S36: =$B$32 -> 0.48035278
A37: 3.4241347 | B37: 0.6817631 | C37: 1.1694842 | D37: 1.2190425 | E37: =$E$1*A37^-$E$2 + 1 -> 1.6419288 | F37: 0.76597786 | G37: 3.4514 | H37: 3.305228 | I37: =IF(B37=0,100,-$M$4*$L$4*LN(B37)) -> 3570.2385 | J37: =(I37-$K$4)*$J$2 -> 3.5631735 | N37: =($O$4*(1-EXP(-$P$4*(B37-$Q$4)))^2-$O$4)*0.0001 -> 0.093433056
A38: 3.5278964 | B38: 0.75236089 | C38: 1.087359 | D38: 1.1449829 | E38: =$E$1*A38^-$E$2 + 1 -> 1.5974258 | F38: 0.76597786 | G38: 3.4514 | H38: 3.305228 | I38: =IF(B38=0,100,-$M$4*$L$4*LN(B38)) -> 2651.9032 | J38: =(I38-$K$4)*$J$2 -> 2.6448382 | N38: =($O$4*(1-EXP(-$P$4*(B38-$Q$4)))^2-$O$4)*0.0001 -> 0.067995599
A39: 3.6316581 | B39: 0.85176225 | C39: 1.0207412 | D39: 1.0740659 | E39: =$E$1*A39^-$E$2 + 1 -> 1.5571673 | F39: 0.30374862 | G39: 3.4514 | H39: 3.305228 | I39: =IF(B39=0,100,-$M$4*$L$4*LN(B39)) -> 1495.3729 | J39: =(I39-$K$4)*$J$2 -> 1.4883079 | N39: =($O$4*(1-EXP(-$P$4*(B39-$Q$4)))^2-$O$4)*0.0001 -> 0.042937414
A40: 3.7354197 | B40: 0.96235233 | C40: 0.95776504 | D40: 0.99973622 | E40: =$E$1*A40^-$E$2 + 1 -> 1.520644 | F40: 0.13679562 | G40: 3.4514 | H40: 3.305228 | I40: =IF(B40=0,100,-$M$4*$L$4*LN(B40)) -> 357.65152 | J40: =(I40-$K$4)*$J$2 -> 0.35058651 | N40: =($O$4*(1-EXP(-$P$4*(B40-$Q$4)))^2-$O$4)*0.0001 -> 0.025161367
A41: 3.8391814 | B41: 1.0731285 | C41: 0.89283737 | D41: 0.92813457 | E41: =$E$1*A41^-$E$2 + 1 -> 1.4874196 | F41: 0.13679562 | G41: 3.4514 | H41: 3.305228 | I41: =IF(B41=0,100,-$M$4*$L$4*LN(B41)) -> -657.78855 | J41: =(I41-$K$4)*$J$2 -> -0.66485356 | N41: =($O$4*(1-EXP(-$P$4*(B41-$Q$4)))^2-$O$4)*0.0001 -> 0.014207229
A42: 3.942943 | B42: 1.1839047 | C42: 0.83389064 | D42: 0.86088244 | E42: =$E$1*A42^-$E$2 + 1 -> 1.4571185 | F42: 0.13679562 | G42: 3.4514 | H42: 3.305228 | I42: =IF(B42=0,100,-$M$4*$L$4*LN(B42)) -> -1573.383 | J42: =(I42-$K$4)*$J$2 -> -1.580448 | N42: =($O$4*(1-EXP(-$P$4*(B42-$Q$4)))^2-$O$4)*0.0001 -> 0.0075612293
A43: 4.0467047 | B43: 1.2730612 | C43: 0.79118979 | D43: 0.79577746 | E43: =$E$1*A43^-$E$2 + 1 -> 1.4294165 | F43: 0.13679562 | G43: 3.4514 | H43: 3.305228 | I43: =IF(B43=0,100,-$M$4*$L$4*LN(B43)) -> -2250.0742 | J43: =(I43-$K$4)*$J$2 -> -2.2571392 | N43: =($O$4*(1-EXP(-$P$4*(B43-$Q$4)))^2-$O$4)*0.0001 -> 0.0042201828
A44: 4.1504663 | B44: 1.2964947 | C44: 0.75370061 | D44: 0.75416999 | E44: =$E$1*A44^-$E$2 + 1 -> 1.4040323 | F44: 0.13679562 | G44: 3.4514 | H44: 3.305228 | I44: =IF(B44=0,100,-$M$4*$L$4*LN(B44)) -> -2420.0689 | J44: =(I44-$K$4)*$J$2 -> -2.4271339 | N44: =($O$4*(1-EXP(-$P$4*(B44-$Q$4)))^2-$O$4)*0.0001 -> 0.0035555645
A45: 4.254228 | B45: 1.3199281 | C45: 0.72387626 | D45: 0.72173037 | E45: =$E$1*A45^-$E$2 + 1 -> 1.380721 | F45: 0.13679562 | G45: 3.4514 | H45: 3.305228 | I45: =IF(B45=0,100,-$M$4*$L$4*LN(B45)) -> -2587.0184 | J45: =(I45-$K$4)*$J$2 -> -2.5940834 | N45: =($O$4*(1-EXP(-$P$4*(B45-$Q$4)))^2-$O$4)*0.0001 -> 0.0029635541
